<?xml version="1.0" encoding="UTF-8"?>
<package id="1" uuid="52c3d384-4d92-4c0d-8a7d-3d5715028b73">
  <dateCreated id="2">2021-09-03 21:23:31</dateCreated>
  <name>HUM Oncology</name>
  <description>The Oncology form for University Hospital in Mirebalais. Concept set: Oncology program workflow set (11579)</description>
  <openmrsVersion>2.3.3  Build a4f37e</openmrsVersion>
  <version>50</version>
  <groupUuid>1a7ca5c9-d5c8-4429-8396-a9d882d73918</groupUuid>
  <subscriptionUrl>https://concepts.pih-emr.org/openmrs/ws/rest/metadatasharing/package/1a7ca5c9-d5c8-4429-8396-a9d882d73918/latest</subscriptionUrl>
  <modules id="3">
    <entry>
      <string>webservices.rest</string>
      <string>2.29.0.b675eb</string>
    </entry>
    <entry>
      <string>legacyui</string>
      <string>1.8.3</string>
    </entry>
    <entry>
      <string>groovy</string>
      <string>2.3.0-SNAPSHOT</string>
    </entry>
    <entry>
      <string>fhir</string>
      <string>1.20.0</string>
    </entry>
    <entry>
      <string>metadatasharing</string>
      <string>1.8.0</string>
    </entry>
    <entry>
      <string>owa</string>
      <string>1.12.0</string>
    </entry>
    <entry>
      <string>uiframework</string>
      <string>3.21.0</string>
    </entry>
    <entry>
      <string>metadatamapping</string>
      <string>1.4.0</string>
    </entry>
    <entry>
      <string>metadatatools</string>
      <string>1.0-SNAPSHOT</string>
    </entry>
    <entry>
      <string>uilibrary</string>
      <string>2.0.6</string>
    </entry>
    <entry>
      <string>validation</string>
      <string>1.0.1</string>
    </entry>
  </modules>
  <items class="linked-hash-set" id="4">
    <org.openmrs.module.metadatasharing.Item id="5" uuid="ff1e74ca-2796-4d28-b864-98a11ecc28dd">
      <id>11579</id>
      <classname>org.openmrs.Concept</classname>
      <dateChanged id="6">2018-05-31 15:54:06</dateChanged>
      <retired>false</retired>
    </org.openmrs.module.metadatasharing.Item>
  </items>
  <relatedItems class="linked-hash-set" id="7">
    <org.openmrs.module.metadatasharing.Item id="8" uuid="8d4a4c94-c2cc-11de-8d13-0010c6dffd0f">
      <id>4</id>
      <classname>org.openmrs.ConceptDatatype</classname>
      <dateChanged id="9">2004-02-02 05:00:00</dateChanged>
      <retired>false</retired>
    </org.openmrs.module.metadatasharing.Item>
    <org.openmrs.module.metadatasharing.Item id="10" uuid="8d492594-c2cc-11de-8d13-0010c6dffd0f">
      <id>10</id>
      <classname>org.openmrs.ConceptClass</classname>
      <dateChanged id="11">2015-07-01 17:25:50</dateChanged>
      <retired>false</retired>
    </org.openmrs.module.metadatasharing.Item>
    <org.openmrs.module.metadatasharing.Item id="12" uuid="b0b13225-9828-4d4f-821c-e68dc8b5ae60">
      <id>35968</id>
      <classname>org.openmrs.ConceptName</classname>
      <dateChanged id="13">2018-05-31 15:08:19</dateChanged>
    </org.openmrs.module.metadatasharing.Item>
    <org.openmrs.module.metadatasharing.Item id="14" uuid="54255754-3e8f-4939-80e1-47ca127588a4">
      <id>7899</id>
      <classname>org.openmrs.ConceptSet</classname>
      <dateChanged id="15">2018-05-31 15:13:57</dateChanged>
    </org.openmrs.module.metadatasharing.Item>
    <org.openmrs.module.metadatasharing.Item id="16" uuid="fddbc14c-a11d-4526-8846-83d7b6425f19">
      <id>11580</id>
      <classname>org.openmrs.Concept</classname>
      <dateChanged id="17">2020-10-23 18:29:57</dateChanged>
      <retired>false</retired>
    </org.openmrs.module.metadatasharing.Item>
    <org.openmrs.module.metadatasharing.Item id="18" uuid="3d72947a-26fe-102b-80cb-0017a47871b2">
      <id>16</id>
      <classname>org.openmrs.ConceptClass</classname>
      <dateChanged id="19">2006-08-16 02:04:09</dateChanged>
      <retired>false</retired>
    </org.openmrs.module.metadatasharing.Item>
    <org.openmrs.module.metadatasharing.Item id="20" uuid="242e2051-6bcc-4b32-aa9f-bb62b46c5dc3">
      <id>35969</id>
      <classname>org.openmrs.ConceptName</classname>
      <dateChanged id="21">2018-05-31 15:12:55</dateChanged>
    </org.openmrs.module.metadatasharing.Item>
    <org.openmrs.module.metadatasharing.Item id="22" uuid="114be3e9-5fd7-4dd9-99c4-70b84af79525">
      <id>44672</id>
      <classname>org.openmrs.ConceptName</classname>
      <dateChanged id="23">2020-10-23 18:29:57</dateChanged>
    </org.openmrs.module.metadatasharing.Item>
    <org.openmrs.module.metadatasharing.Item id="24" uuid="256b88db-bf95-4da1-8c42-4c8c21cf7d17">
      <id>35970</id>
      <classname>org.openmrs.ConceptName</classname>
      <dateChanged id="25">2018-05-31 15:12:55</dateChanged>
    </org.openmrs.module.metadatasharing.Item>
    <org.openmrs.module.metadatasharing.Item id="26" uuid="0243875b-7f34-49bb-a817-b603d8f828e8">
      <id>29965</id>
      <classname>org.openmrs.ConceptMap</classname>
      <dateChanged id="27">2018-05-31 15:13:38</dateChanged>
    </org.openmrs.module.metadatasharing.Item>
    <org.openmrs.module.metadatasharing.Item id="28" uuid="35543629-7d8c-11e1-909d-c80aa9edcf4e">
      <id>1</id>
      <classname>org.openmrs.ConceptMapType</classname>
      <dateChanged id="29">2012-06-21 00:00:00</dateChanged>
      <retired>false</retired>
    </org.openmrs.module.metadatasharing.Item>
    <org.openmrs.module.metadatasharing.Item id="30" uuid="9d798b88-e3fc-4afe-8c85-9aa415edb9c4">
      <id>29356</id>
      <classname>org.openmrs.ConceptReferenceTerm</classname>
      <dateChanged id="31">2018-05-31 15:13:09</dateChanged>
      <retired>false</retired>
    </org.openmrs.module.metadatasharing.Item>
    <org.openmrs.module.metadatasharing.Item id="32" uuid="fb9aaaf1-65e2-4c18-b53c-16b575f2f385">
      <id>5</id>
      <classname>org.openmrs.ConceptSource</classname>
      <dateChanged id="33">2015-07-01 17:25:50</dateChanged>
      <retired>false</retired>
    </org.openmrs.module.metadatasharing.Item>
    <org.openmrs.module.metadatasharing.Item id="34" uuid="f44dddf5-c675-4eae-89ca-0aae2163e74c">
      <id>29966</id>
      <classname>org.openmrs.ConceptMap</classname>
      <dateChanged id="35">2018-05-31 15:13:39</dateChanged>
    </org.openmrs.module.metadatasharing.Item>
    <org.openmrs.module.metadatasharing.Item id="36" uuid="db5faaaa-bce8-4792-9d38-0a5726afc04b">
      <id>29357</id>
      <classname>org.openmrs.ConceptReferenceTerm</classname>
      <dateChanged id="37">2018-05-31 15:13:17</dateChanged>
      <retired>false</retired>
    </org.openmrs.module.metadatasharing.Item>
    <org.openmrs.module.metadatasharing.Item id="38" uuid="770fa724-d658-4777-a083-2df1d4a5dcb1">
      <id>7900</id>
      <classname>org.openmrs.ConceptSet</classname>
      <dateChanged id="39">2018-05-31 15:38:13</dateChanged>
    </org.openmrs.module.metadatasharing.Item>
    <org.openmrs.module.metadatasharing.Item id="40" uuid="abc0e2ca-9175-411b-973c-7e6ee91aa2f3">
      <id>11581</id>
      <classname>org.openmrs.Concept</classname>
      <dateChanged id="41">2021-07-20 21:21:53</dateChanged>
      <retired>false</retired>
    </org.openmrs.module.metadatasharing.Item>
    <org.openmrs.module.metadatasharing.Item id="42" uuid="8d4a48b6-c2cc-11de-8d13-0010c6dffd0f">
      <id>2</id>
      <classname>org.openmrs.ConceptDatatype</classname>
      <dateChanged id="43">2004-02-02 05:00:00</dateChanged>
      <retired>false</retired>
    </org.openmrs.module.metadatasharing.Item>
    <org.openmrs.module.metadatasharing.Item id="44" uuid="3d72960a-26fe-102b-80cb-0017a47871b2">
      <id>17</id>
      <classname>org.openmrs.ConceptClass</classname>
      <dateChanged id="45">2006-08-16 02:04:21</dateChanged>
      <retired>false</retired>
    </org.openmrs.module.metadatasharing.Item>
    <org.openmrs.module.metadatasharing.Item id="46" uuid="767b0d8a-1cfb-4829-99c3-fbca2d36a71f">
      <id>35971</id>
      <classname>org.openmrs.ConceptName</classname>
      <dateChanged id="47">2018-05-31 15:32:54</dateChanged>
    </org.openmrs.module.metadatasharing.Item>
    <org.openmrs.module.metadatasharing.Item id="48" uuid="8694a393-f0e0-4c12-83e5-85ddda6d5ade">
      <id>44673</id>
      <classname>org.openmrs.ConceptName</classname>
      <dateChanged id="49">2020-10-23 18:30:17</dateChanged>
    </org.openmrs.module.metadatasharing.Item>
    <org.openmrs.module.metadatasharing.Item id="50" uuid="91ab3729-ca5e-4eb4-b142-bda024d5e662">
      <id>10364</id>
      <classname>org.openmrs.ConceptAnswer</classname>
      <dateChanged id="51">2018-05-31 15:32:54</dateChanged>
    </org.openmrs.module.metadatasharing.Item>
    <org.openmrs.module.metadatasharing.Item id="52" uuid="3ceb0ed8-26fe-102b-80cb-0017a47871b2">
      <id>5240</id>
      <classname>org.openmrs.Concept</classname>
      <dateChanged id="53">2020-11-24 19:24:31</dateChanged>
      <retired>false</retired>
    </org.openmrs.module.metadatasharing.Item>
    <org.openmrs.module.metadatasharing.Item id="54" uuid="3d7297ae-26fe-102b-80cb-0017a47871b2">
      <id>18</id>
      <classname>org.openmrs.ConceptClass</classname>
      <dateChanged id="55">2006-08-16 02:04:43</dateChanged>
      <retired>false</retired>
    </org.openmrs.module.metadatasharing.Item>
    <org.openmrs.module.metadatasharing.Item id="56" uuid="7859162c-0f81-4e0f-9f22-ec65c7fcd359">
      <id>44704</id>
      <classname>org.openmrs.ConceptName</classname>
      <dateChanged id="57">2020-11-03 18:37:16</dateChanged>
    </org.openmrs.module.metadatasharing.Item>
    <org.openmrs.module.metadatasharing.Item id="58" uuid="79ea3cbe-b22f-488e-8bcc-ecb0436dd177">
      <id>34945</id>
      <classname>org.openmrs.ConceptName</classname>
      <dateChanged id="59">2020-11-03 18:37:16</dateChanged>
    </org.openmrs.module.metadatasharing.Item>
    <org.openmrs.module.metadatasharing.Item id="60" uuid="110f2478-2b94-406e-9915-dfcf6b093f7a">
      <id>44899</id>
      <classname>org.openmrs.ConceptName</classname>
      <dateChanged id="61">2020-11-24 19:24:31</dateChanged>
    </org.openmrs.module.metadatasharing.Item>
    <org.openmrs.module.metadatasharing.Item id="62" uuid="3e3cdbc2-26fe-102b-80cb-0017a47871b2">
      <id>3607</id>
      <classname>org.openmrs.ConceptName</classname>
      <dateChanged id="63">2004-08-12 00:00:00</dateChanged>
    </org.openmrs.module.metadatasharing.Item>
    <org.openmrs.module.metadatasharing.Item id="64" uuid="f758e720-d5db-102d-ad2a-000c29c2a5d7">
      <id>13672</id>
      <classname>org.openmrs.ConceptName</classname>
      <dateChanged id="65">2017-05-24 19:06:08</dateChanged>
    </org.openmrs.module.metadatasharing.Item>
    <org.openmrs.module.metadatasharing.Item id="66" uuid="b608e9cb-f7ba-406a-a07b-b404e3186bcf">
      <id>3042</id>
      <classname>org.openmrs.ConceptDescription</classname>
      <dateChanged id="67">2004-08-12 00:00:00</dateChanged>
    </org.openmrs.module.metadatasharing.Item>
    <org.openmrs.module.metadatasharing.Item id="68" uuid="b2937b0e-4864-102e-96e9-000c29c2a5d7">
      <id>4311</id>
      <classname>org.openmrs.ConceptMap</classname>
      <dateChanged id="69">2012-06-21 16:49:52</dateChanged>
    </org.openmrs.module.metadatasharing.Item>
    <org.openmrs.module.metadatasharing.Item id="70" uuid="2a1e29bd-09d6-3de6-995a-3a98e9d19bd7">
      <id>4311</id>
      <classname>org.openmrs.ConceptReferenceTerm</classname>
      <dateChanged id="71">2010-11-23 00:00:00</dateChanged>
      <retired>false</retired>
    </org.openmrs.module.metadatasharing.Item>
    <org.openmrs.module.metadatasharing.Item id="72" uuid="75a7da66-4943-102e-96e9-000c29c2a5d7">
      <id>10021</id>
      <classname>org.openmrs.ConceptMap</classname>
      <dateChanged id="73">2012-06-21 16:49:52</dateChanged>
    </org.openmrs.module.metadatasharing.Item>
    <org.openmrs.module.metadatasharing.Item id="74" uuid="d94364a0-627d-383c-af79-367fd653f25f">
      <id>10021</id>
      <classname>org.openmrs.ConceptReferenceTerm</classname>
      <dateChanged id="75">2010-11-24 00:00:00</dateChanged>
      <retired>false</retired>
    </org.openmrs.module.metadatasharing.Item>
    <org.openmrs.module.metadatasharing.Item id="76" uuid="1d710f99-1431-4ade-a68e-9a91fda059f3">
      <id>10377</id>
      <classname>org.openmrs.ConceptAnswer</classname>
      <dateChanged id="77">2018-06-07 17:50:09</dateChanged>
    </org.openmrs.module.metadatasharing.Item>
    <org.openmrs.module.metadatasharing.Item id="78" uuid="b4548ba8-8956-400c-b0a5-9372099fc680">
      <id>11634</id>
      <classname>org.openmrs.Concept</classname>
      <dateChanged id="79">2018-06-07 17:48:47</dateChanged>
      <retired>false</retired>
    </org.openmrs.module.metadatasharing.Item>
    <org.openmrs.module.metadatasharing.Item id="80" uuid="c13357d1-d398-45fb-b2e3-e0318f19a004">
      <id>36165</id>
      <classname>org.openmrs.ConceptName</classname>
      <dateChanged id="81">2018-06-07 17:48:47</dateChanged>
    </org.openmrs.module.metadatasharing.Item>
    <org.openmrs.module.metadatasharing.Item id="82" uuid="eeffb3d4-0cf3-11ec-9f8b-aa0059ea79c6">
      <id>40371</id>
      <classname>org.openmrs.ConceptMap</classname>
      <dateChanged id="83">2021-09-03 20:17:03</dateChanged>
    </org.openmrs.module.metadatasharing.Item>
    <org.openmrs.module.metadatasharing.Item id="84" uuid="97d9517a-0cf1-11ec-9f8b-aa0059ea79c6">
      <id>38582</id>
      <classname>org.openmrs.ConceptReferenceTerm</classname>
      <dateChanged id="85">2021-09-03 20:00:31</dateChanged>
      <retired>false</retired>
    </org.openmrs.module.metadatasharing.Item>
    <org.openmrs.module.metadatasharing.Item id="86" uuid="11523710-eb30-4e5a-8282-bdeafe3b50f5">
      <id>10409</id>
      <classname>org.openmrs.ConceptAnswer</classname>
      <dateChanged id="87">2018-08-29 16:11:44</dateChanged>
    </org.openmrs.module.metadatasharing.Item>
    <org.openmrs.module.metadatasharing.Item id="88" uuid="efab937b-853e-47da-b97e-220f1bdff97d">
      <id>3580</id>
      <classname>org.openmrs.Concept</classname>
      <dateChanged id="89">2020-01-03 22:42:58</dateChanged>
      <retired>false</retired>
    </org.openmrs.module.metadatasharing.Item>
    <org.openmrs.module.metadatasharing.Item id="90" uuid="8d4918b0-c2cc-11de-8d13-0010c6dffd0f">
      <id>4</id>
      <classname>org.openmrs.ConceptClass</classname>
      <dateChanged id="91">2015-07-01 17:25:50</dateChanged>
      <retired>false</retired>
    </org.openmrs.module.metadatasharing.Item>
    <org.openmrs.module.metadatasharing.Item id="92" uuid="0b77d704-15f5-102d-96e4-000c29c2a5d7">
      <id>4935</id>
      <classname>org.openmrs.ConceptName</classname>
      <dateChanged id="93">2017-04-04 22:53:03</dateChanged>
    </org.openmrs.module.metadatasharing.Item>
    <org.openmrs.module.metadatasharing.Item id="94" uuid="8166390b-085f-458c-85f0-66a2ab39d193">
      <id>31962</id>
      <classname>org.openmrs.ConceptName</classname>
      <dateChanged id="95">2017-04-04 22:53:03</dateChanged>
    </org.openmrs.module.metadatasharing.Item>
    <org.openmrs.module.metadatasharing.Item id="96" uuid="4a370d9f-51d7-4ca1-b4d7-318e83134771">
      <id>33139</id>
      <classname>org.openmrs.ConceptName</classname>
      <dateChanged id="97">2020-01-03 22:42:58</dateChanged>
    </org.openmrs.module.metadatasharing.Item>
    <org.openmrs.module.metadatasharing.Item id="98" uuid="72175147-b1ce-4740-802c-94a86f19d150">
      <id>42460</id>
      <classname>org.openmrs.ConceptName</classname>
      <dateChanged id="99">2020-01-03 22:42:58</dateChanged>
    </org.openmrs.module.metadatasharing.Item>
    <org.openmrs.module.metadatasharing.Item id="100" uuid="27774BBBBBBBBBBBBBBBBBBBBBBBBBBBBBBB">
      <id>33121</id>
      <classname>org.openmrs.ConceptName</classname>
      <dateChanged id="101">2007-10-18 08:28:24</dateChanged>
    </org.openmrs.module.metadatasharing.Item>
    <org.openmrs.module.metadatasharing.Item id="102" uuid="ccab076c-0ef4-4b77-bc8d-8096f0257162">
      <id>31961</id>
      <classname>org.openmrs.ConceptName</classname>
      <dateChanged id="103">2017-04-14 16:21:53</dateChanged>
    </org.openmrs.module.metadatasharing.Item>
    <org.openmrs.module.metadatasharing.Item id="104" uuid="f7195ca4-d5db-102d-ad2a-000c29c2a5d7">
      <id>13091</id>
      <classname>org.openmrs.ConceptName</classname>
      <dateChanged id="105">2017-04-04 22:53:03</dateChanged>
    </org.openmrs.module.metadatasharing.Item>
    <org.openmrs.module.metadatasharing.Item id="106" uuid="109220a8-e9f8-4530-86e0-aad46d638da0">
      <id>31963</id>
      <classname>org.openmrs.ConceptName</classname>
      <dateChanged id="107">2017-04-04 22:53:03</dateChanged>
    </org.openmrs.module.metadatasharing.Item>
    <org.openmrs.module.metadatasharing.Item id="108" uuid="75827BBBBBBBBBBBBBBBBBBBBBBBBBBBBBBB">
      <id>33120</id>
      <classname>org.openmrs.ConceptName</classname>
      <dateChanged id="109">2009-08-18 20:03:14</dateChanged>
    </org.openmrs.module.metadatasharing.Item>
    <org.openmrs.module.metadatasharing.Item id="110" uuid="107568BBBBBBBBBBBBBBBBBBBBBBBBBBBBBB">
      <id>33122</id>
      <classname>org.openmrs.ConceptName</classname>
      <dateChanged id="111">2017-04-14 16:21:53</dateChanged>
    </org.openmrs.module.metadatasharing.Item>
    <org.openmrs.module.metadatasharing.Item id="112" uuid="ed27ec26-07fe-102c-b5fa-0017a47871b2">
      <id>4318</id>
      <classname>org.openmrs.ConceptDescription</classname>
      <dateChanged id="113">2017-04-04 22:53:03</dateChanged>
    </org.openmrs.module.metadatasharing.Item>
    <org.openmrs.module.metadatasharing.Item id="114" uuid="8376FFFFFFFFFFFFFFFFFFFFFFFFFFFFFFFF">
      <id>7181</id>
      <classname>org.openmrs.ConceptDescription</classname>
      <dateChanged id="115">2016-07-07 05:45:14</dateChanged>
    </org.openmrs.module.metadatasharing.Item>
    <org.openmrs.module.metadatasharing.Item id="116" uuid="ca0044e1-ab75-4d68-bef6-de4edf1d83da">
      <id>27322</id>
      <classname>org.openmrs.ConceptMap</classname>
      <dateChanged id="117">2017-04-04 22:55:12</dateChanged>
    </org.openmrs.module.metadatasharing.Item>
    <org.openmrs.module.metadatasharing.Item id="118" uuid="60e45308-e967-4607-ba91-b48d49d18ae2">
      <id>26560</id>
      <classname>org.openmrs.ConceptReferenceTerm</classname>
      <dateChanged id="119">2017-04-04 22:54:33</dateChanged>
      <retired>false</retired>
    </org.openmrs.module.metadatasharing.Item>
    <org.openmrs.module.metadatasharing.Item id="120" uuid="1ADDDDDDDDDDDDDDDDDDDDDDDDDDDDDDDDDD">
      <id>6</id>
      <classname>org.openmrs.ConceptSource</classname>
      <dateChanged id="121">2015-07-01 17:25:50</dateChanged>
      <retired>false</retired>
    </org.openmrs.module.metadatasharing.Item>
    <org.openmrs.module.metadatasharing.Item id="122" uuid="624afec5-14c4-4c66-b78d-902d908184df">
      <id>27321</id>
      <classname>org.openmrs.ConceptMap</classname>
      <dateChanged id="123">2017-04-04 22:55:12</dateChanged>
    </org.openmrs.module.metadatasharing.Item>
    <org.openmrs.module.metadatasharing.Item id="124" uuid="43ac5109-7d8c-11e1-909d-c80aa9edcf4e">
      <id>2</id>
      <classname>org.openmrs.ConceptMapType</classname>
      <dateChanged id="125">2012-06-21 00:00:00</dateChanged>
      <retired>false</retired>
    </org.openmrs.module.metadatasharing.Item>
    <org.openmrs.module.metadatasharing.Item id="126" uuid="55f4211d-38e1-464a-9969-cd96a0a6a29a">
      <id>26561</id>
      <classname>org.openmrs.ConceptReferenceTerm</classname>
      <dateChanged id="127">2017-04-04 22:54:48</dateChanged>
      <retired>false</retired>
    </org.openmrs.module.metadatasharing.Item>
    <org.openmrs.module.metadatasharing.Item id="128" uuid="3f65bd34-26fe-102b-80cb-0017a47871b2">
      <id>3</id>
      <classname>org.openmrs.ConceptSource</classname>
      <dateChanged id="129">2015-07-01 17:25:50</dateChanged>
      <retired>false</retired>
    </org.openmrs.module.metadatasharing.Item>
    <org.openmrs.module.metadatasharing.Item id="130" uuid="262496ABBBBBBBBBBBBBBBBBBBBBBBBBBBBB">
      <id>28035</id>
      <classname>org.openmrs.ConceptMap</classname>
      <dateChanged id="131">2013-10-01 17:53:50</dateChanged>
    </org.openmrs.module.metadatasharing.Item>
    <org.openmrs.module.metadatasharing.Item id="132" uuid="b5c04c03-7348-3db4-b25d-c20b25d37439">
      <id>27478</id>
      <classname>org.openmrs.ConceptReferenceTerm</classname>
      <dateChanged id="133">2013-10-01 04:00:00</dateChanged>
      <retired>false</retired>
    </org.openmrs.module.metadatasharing.Item>
    <org.openmrs.module.metadatasharing.Item id="134" uuid="24ADDDDDDDDDDDDDDDDDDDDDDDDDDDDDDDDD">
      <id>34</id>
      <classname>org.openmrs.ConceptSource</classname>
      <dateChanged id="135">2015-07-01 17:25:50</dateChanged>
      <retired>false</retired>
    </org.openmrs.module.metadatasharing.Item>
    <org.openmrs.module.metadatasharing.Item id="136" uuid="b25ef988-4864-102e-96e9-000c29c2a5d7">
      <id>3582</id>
      <classname>org.openmrs.ConceptMap</classname>
      <dateChanged id="137">2012-06-21 16:49:52</dateChanged>
    </org.openmrs.module.metadatasharing.Item>
    <org.openmrs.module.metadatasharing.Item id="138" uuid="8f63a23f-0d3d-38a4-a314-3c479ab0405d">
      <id>3582</id>
      <classname>org.openmrs.ConceptReferenceTerm</classname>
      <dateChanged id="139">2010-11-23 00:00:00</dateChanged>
      <retired>false</retired>
    </org.openmrs.module.metadatasharing.Item>
    <org.openmrs.module.metadatasharing.Item id="140" uuid="75a03658-4943-102e-96e9-000c29c2a5d7">
      <id>9366</id>
      <classname>org.openmrs.ConceptMap</classname>
      <dateChanged id="141">2012-06-21 16:49:52</dateChanged>
    </org.openmrs.module.metadatasharing.Item>
    <org.openmrs.module.metadatasharing.Item id="142" uuid="647dbddd-fd1a-3fd3-b202-1270394e0dab">
      <id>9366</id>
      <classname>org.openmrs.ConceptReferenceTerm</classname>
      <dateChanged id="143">2010-11-24 00:00:00</dateChanged>
      <retired>false</retired>
    </org.openmrs.module.metadatasharing.Item>
    <org.openmrs.module.metadatasharing.Item id="144" uuid="bb496eb2-7fa1-4ca8-8926-fdc62351fc43">
      <id>27320</id>
      <classname>org.openmrs.ConceptMap</classname>
      <dateChanged id="145">2017-04-04 22:53:03</dateChanged>
    </org.openmrs.module.metadatasharing.Item>
    <org.openmrs.module.metadatasharing.Item id="146" uuid="5a8959b0-7521-46f3-bbe8-a16704ca95f9">
      <id>26559</id>
      <classname>org.openmrs.ConceptReferenceTerm</classname>
      <dateChanged id="147">2017-04-04 22:51:37</dateChanged>
      <retired>false</retired>
    </org.openmrs.module.metadatasharing.Item>
    <org.openmrs.module.metadatasharing.Item id="148" uuid="21ADDDDDDDDDDDDDDDDDDDDDDDDDDDDDDDDD">
      <id>29</id>
      <classname>org.openmrs.ConceptSource</classname>
      <dateChanged id="149">2015-07-01 17:25:50</dateChanged>
      <retired>false</retired>
    </org.openmrs.module.metadatasharing.Item>
    <org.openmrs.module.metadatasharing.Item id="150" uuid="4f0b084d-3d97-4929-b7ad-ec23be55d24f">
      <id>10366</id>
      <classname>org.openmrs.ConceptAnswer</classname>
      <dateChanged id="151">2018-05-31 15:32:54</dateChanged>
    </org.openmrs.module.metadatasharing.Item>
    <org.openmrs.module.metadatasharing.Item id="152" uuid="3cdd446a-26fe-102b-80cb-0017a47871b2">
      <id>1742</id>
      <classname>org.openmrs.Concept</classname>
      <dateChanged id="153">2021-05-28 19:24:50</dateChanged>
      <retired>false</retired>
    </org.openmrs.module.metadatasharing.Item>
    <org.openmrs.module.metadatasharing.Item id="154" uuid="83a000f2-4a35-4689-adc4-8b5ba7a22520">
      <id>31953</id>
      <classname>org.openmrs.ConceptName</classname>
      <dateChanged id="155">2021-05-20 21:55:01</dateChanged>
    </org.openmrs.module.metadatasharing.Item>
    <org.openmrs.module.metadatasharing.Item id="156" uuid="5e929158-563f-46fe-a822-80158ee2e3ae">
      <id>34802</id>
      <classname>org.openmrs.ConceptName</classname>
      <dateChanged id="157">2021-05-20 21:55:01</dateChanged>
    </org.openmrs.module.metadatasharing.Item>
    <org.openmrs.module.metadatasharing.Item id="158" uuid="dcf0b6f0-ee9e-48d8-856a-4b38bcd1299f">
      <id>26248</id>
      <classname>org.openmrs.ConceptName</classname>
      <dateChanged id="159">2017-04-28 23:16:33</dateChanged>
    </org.openmrs.module.metadatasharing.Item>
    <org.openmrs.module.metadatasharing.Item id="160" uuid="bc9283d3-6e71-48da-af52-cd901378657f">
      <id>34545</id>
      <classname>org.openmrs.ConceptName</classname>
      <dateChanged id="161">2017-04-28 23:43:14</dateChanged>
    </org.openmrs.module.metadatasharing.Item>
    <org.openmrs.module.metadatasharing.Item id="162" uuid="1b6b03a2-4927-4d62-a1f3-965d206ad9f8">
      <id>34803</id>
      <classname>org.openmrs.ConceptName</classname>
      <dateChanged id="163">2017-04-28 23:43:14</dateChanged>
    </org.openmrs.module.metadatasharing.Item>
    <org.openmrs.module.metadatasharing.Item id="164" uuid="f63bc4b6-d5db-102d-ad2a-000c29c2a5d7">
      <id>11242</id>
      <classname>org.openmrs.ConceptName</classname>
      <dateChanged id="165">2014-05-28 18:02:13</dateChanged>
    </org.openmrs.module.metadatasharing.Item>
    <org.openmrs.module.metadatasharing.Item id="166" uuid="123559BBBBBBBBBBBBBBBBBBBBBBBBBBBBBB">
      <id>33112</id>
      <classname>org.openmrs.ConceptName</classname>
      <dateChanged id="167">2021-05-20 21:55:01</dateChanged>
    </org.openmrs.module.metadatasharing.Item>
    <org.openmrs.module.metadatasharing.Item id="168" uuid="32785e49-6318-4dd5-935c-955794c71f49">
      <id>34805</id>
      <classname>org.openmrs.ConceptName</classname>
      <dateChanged id="169">2017-04-28 23:43:14</dateChanged>
    </org.openmrs.module.metadatasharing.Item>
    <org.openmrs.module.metadatasharing.Item id="170" uuid="a03d9cd9-4ce8-405f-b56a-643fd965e8da">
      <id>34544</id>
      <classname>org.openmrs.ConceptName</classname>
      <dateChanged id="171">2017-04-28 23:43:14</dateChanged>
    </org.openmrs.module.metadatasharing.Item>
    <org.openmrs.module.metadatasharing.Item id="172" uuid="711d6cb1-c426-44ac-88f8-961a82f07908">
      <id>46502</id>
      <classname>org.openmrs.ConceptName</classname>
      <dateChanged id="173">2021-05-20 21:55:01</dateChanged>
    </org.openmrs.module.metadatasharing.Item>
    <org.openmrs.module.metadatasharing.Item id="174" uuid="4b1e2b9d-c95b-43cf-974a-b69baf611e56">
      <id>31952</id>
      <classname>org.openmrs.ConceptName</classname>
      <dateChanged id="175">2017-04-28 23:16:33</dateChanged>
    </org.openmrs.module.metadatasharing.Item>
    <org.openmrs.module.metadatasharing.Item id="176" uuid="a5f11f13-b71b-44d6-b830-d46420218d56">
      <id>31954</id>
      <classname>org.openmrs.ConceptName</classname>
      <dateChanged id="177">2017-04-28 23:35:53</dateChanged>
    </org.openmrs.module.metadatasharing.Item>
    <org.openmrs.module.metadatasharing.Item id="178" uuid="3e1e2272-26fe-102b-80cb-0017a47871b2">
      <id>1902</id>
      <classname>org.openmrs.ConceptName</classname>
      <dateChanged id="179">2017-04-28 23:16:33</dateChanged>
    </org.openmrs.module.metadatasharing.Item>
    <org.openmrs.module.metadatasharing.Item id="180" uuid="d599c335-9a18-44ba-b124-16a7dc28086e">
      <id>34804</id>
      <classname>org.openmrs.ConceptName</classname>
      <dateChanged id="181">2017-04-28 23:43:14</dateChanged>
    </org.openmrs.module.metadatasharing.Item>
    <org.openmrs.module.metadatasharing.Item id="182" uuid="93f4e6ba-07d4-102c-b5fa-0017a47871b2">
      <id>6771</id>
      <classname>org.openmrs.ConceptName</classname>
      <dateChanged id="183">2017-04-28 23:16:33</dateChanged>
    </org.openmrs.module.metadatasharing.Item>
    <org.openmrs.module.metadatasharing.Item id="184" uuid="3c857c92-aa1c-4027-abbf-41f1a2eff6f4">
      <id>34546</id>
      <classname>org.openmrs.ConceptName</classname>
      <dateChanged id="185">2017-04-28 23:43:14</dateChanged>
    </org.openmrs.module.metadatasharing.Item>
    <org.openmrs.module.metadatasharing.Item id="186" uuid="ecec6994-07fe-102c-b5fa-0017a47871b2">
      <id>1762</id>
      <classname>org.openmrs.ConceptDescription</classname>
      <dateChanged id="187">2006-10-27 11:39:50</dateChanged>
    </org.openmrs.module.metadatasharing.Item>
    <org.openmrs.module.metadatasharing.Item id="188" uuid="835a7160-3fad-46e0-ba3f-a62a7c586129">
      <id>36599</id>
      <classname>org.openmrs.ConceptMap</classname>
      <dateChanged id="189">2021-05-28 19:24:50</dateChanged>
    </org.openmrs.module.metadatasharing.Item>
    <org.openmrs.module.metadatasharing.Item id="190" uuid="685d47d1-ddf2-49e3-9f63-b2accb25e1d3">
      <id>34872</id>
      <classname>org.openmrs.ConceptReferenceTerm</classname>
      <dateChanged id="191">2021-05-28 19:24:38</dateChanged>
      <retired>false</retired>
    </org.openmrs.module.metadatasharing.Item>
    <org.openmrs.module.metadatasharing.Item id="192" uuid="edd52713-8887-47b7-ba9e-6e1148824ca4">
      <id>31</id>
      <classname>org.openmrs.ConceptSource</classname>
      <dateChanged id="193">2015-07-01 17:25:50</dateChanged>
      <retired>false</retired>
    </org.openmrs.module.metadatasharing.Item>
    <org.openmrs.module.metadatasharing.Item id="194" uuid="b215125a-4864-102e-96e9-000c29c2a5d7">
      <id>1744</id>
      <classname>org.openmrs.ConceptMap</classname>
      <dateChanged id="195">2012-06-21 16:49:52</dateChanged>
    </org.openmrs.module.metadatasharing.Item>
    <org.openmrs.module.metadatasharing.Item id="196" uuid="3e13702d-6f6f-3aba-abe6-b9b6873c6cc5">
      <id>1744</id>
      <classname>org.openmrs.ConceptReferenceTerm</classname>
      <dateChanged id="197">2010-11-23 00:00:00</dateChanged>
      <retired>false</retired>
    </org.openmrs.module.metadatasharing.Item>
    <org.openmrs.module.metadatasharing.Item id="198" uuid="27755f32-8254-4842-8481-74d0d74a25c0">
      <id>27315</id>
      <classname>org.openmrs.ConceptMap</classname>
      <dateChanged id="199">2017-04-04 22:38:02</dateChanged>
    </org.openmrs.module.metadatasharing.Item>
    <org.openmrs.module.metadatasharing.Item id="200" uuid="b6094f44-80c6-4c67-8897-a609970ce46f">
      <id>26554</id>
      <classname>org.openmrs.ConceptReferenceTerm</classname>
      <dateChanged id="201">2017-04-04 22:37:48</dateChanged>
      <retired>false</retired>
    </org.openmrs.module.metadatasharing.Item>
    <org.openmrs.module.metadatasharing.Item id="202" uuid="fe4c95b4-5b68-102e-96e9-000c29c2a5d7">
      <id>11780</id>
      <classname>org.openmrs.ConceptMap</classname>
      <dateChanged id="203">2012-06-21 16:49:52</dateChanged>
    </org.openmrs.module.metadatasharing.Item>
    <org.openmrs.module.metadatasharing.Item id="204" uuid="6d379de3-42d8-3f88-b0cd-c286e8d87661">
      <id>11780</id>
      <classname>org.openmrs.ConceptReferenceTerm</classname>
      <dateChanged id="205">2010-12-17 00:00:00</dateChanged>
      <retired>false</retired>
    </org.openmrs.module.metadatasharing.Item>
    <org.openmrs.module.metadatasharing.Item id="206" uuid="ddb6b595-0b85-4a80-9243-efe4ba404eef">
      <id>4</id>
      <classname>org.openmrs.ConceptSource</classname>
      <dateChanged id="207">2015-07-01 17:25:50</dateChanged>
      <retired>false</retired>
    </org.openmrs.module.metadatasharing.Item>
    <org.openmrs.module.metadatasharing.Item id="208" uuid="137927ABBBBBBBBBBBBBBBBBBBBBBBBBBBBB">
      <id>28041</id>
      <classname>org.openmrs.ConceptMap</classname>
      <dateChanged id="209">2011-01-18 01:53:23</dateChanged>
    </org.openmrs.module.metadatasharing.Item>
    <org.openmrs.module.metadatasharing.Item id="210" uuid="7d45de87-1519-3fba-9941-05dab01b8da1">
      <id>27470</id>
      <classname>org.openmrs.ConceptReferenceTerm</classname>
      <dateChanged id="211">2010-12-05 05:00:00</dateChanged>
      <retired>false</retired>
    </org.openmrs.module.metadatasharing.Item>
    <org.openmrs.module.metadatasharing.Item id="212" uuid="7577c646-4943-102e-96e9-000c29c2a5d7">
      <id>7566</id>
      <classname>org.openmrs.ConceptMap</classname>
      <dateChanged id="213">2012-06-21 16:49:52</dateChanged>
    </org.openmrs.module.metadatasharing.Item>
    <org.openmrs.module.metadatasharing.Item id="214" uuid="13a877b1-e309-3aa3-9cbb-8065747e2d97">
      <id>7566</id>
      <classname>org.openmrs.ConceptReferenceTerm</classname>
      <dateChanged id="215">2010-11-24 00:00:00</dateChanged>
      <retired>false</retired>
    </org.openmrs.module.metadatasharing.Item>
    <org.openmrs.module.metadatasharing.Item id="216" uuid="dca4ac4d-ffe7-47c5-8d5c-a13675686f07">
      <id>10365</id>
      <classname>org.openmrs.ConceptAnswer</classname>
      <dateChanged id="217">2018-05-31 15:32:54</dateChanged>
    </org.openmrs.module.metadatasharing.Item>
    <org.openmrs.module.metadatasharing.Item id="218" uuid="3cdd5c02-26fe-102b-80cb-0017a47871b2">
      <id>1744</id>
      <classname>org.openmrs.Concept</classname>
      <dateChanged id="219">2020-11-04 19:16:22</dateChanged>
      <retired>false</retired>
    </org.openmrs.module.metadatasharing.Item>
    <org.openmrs.module.metadatasharing.Item id="220" uuid="123560BBBBBBBBBBBBBBBBBBBBBBBBBBBBBB">
      <id>33114</id>
      <classname>org.openmrs.ConceptName</classname>
      <dateChanged id="221">2013-03-10 05:14:12</dateChanged>
    </org.openmrs.module.metadatasharing.Item>
    <org.openmrs.module.metadatasharing.Item id="222" uuid="f63bfb52-d5db-102d-ad2a-000c29c2a5d7">
      <id>11244</id>
      <classname>org.openmrs.ConceptName</classname>
      <dateChanged id="223">2020-11-04 19:16:22</dateChanged>
    </org.openmrs.module.metadatasharing.Item>
    <org.openmrs.module.metadatasharing.Item id="224" uuid="126861BBBBBBBBBBBBBBBBBBBBBBBBBBBBBB">
      <id>33113</id>
      <classname>org.openmrs.ConceptName</classname>
      <dateChanged id="225">2014-12-27 02:48:26</dateChanged>
    </org.openmrs.module.metadatasharing.Item>
    <org.openmrs.module.metadatasharing.Item id="226" uuid="0b8fb450-15f5-102d-96e4-000c29c2a5d7">
      <id>8608</id>
      <classname>org.openmrs.ConceptName</classname>
      <dateChanged id="227">2020-11-04 19:16:22</dateChanged>
    </org.openmrs.module.metadatasharing.Item>
    <org.openmrs.module.metadatasharing.Item id="228" uuid="023205c4-706d-4ded-9f13-c58b8c4b257d">
      <id>31955</id>
      <classname>org.openmrs.ConceptName</classname>
      <dateChanged id="229">2017-04-04 22:41:03</dateChanged>
    </org.openmrs.module.metadatasharing.Item>
    <org.openmrs.module.metadatasharing.Item id="230" uuid="3e1e256a-26fe-102b-80cb-0017a47871b2">
      <id>1904</id>
      <classname>org.openmrs.ConceptName</classname>
      <dateChanged id="231">2006-10-27 11:42:00</dateChanged>
    </org.openmrs.module.metadatasharing.Item>
    <org.openmrs.module.metadatasharing.Item id="232" uuid="0b8fb540-15f5-102d-96e4-000c29c2a5d7">
      <id>8609</id>
      <classname>org.openmrs.ConceptName</classname>
      <dateChanged id="233">2009-02-10 14:39:59</dateChanged>
    </org.openmrs.module.metadatasharing.Item>
    <org.openmrs.module.metadatasharing.Item id="234" uuid="338a7705-b300-4a5a-8745-e8dba7888dc9">
      <id>31956</id>
      <classname>org.openmrs.ConceptName</classname>
      <dateChanged id="235">2017-04-04 22:41:03</dateChanged>
    </org.openmrs.module.metadatasharing.Item>
    <org.openmrs.module.metadatasharing.Item id="236" uuid="ecec6de0-07fe-102c-b5fa-0017a47871b2">
      <id>1764</id>
      <classname>org.openmrs.ConceptDescription</classname>
      <dateChanged id="237">2006-10-27 11:42:00</dateChanged>
    </org.openmrs.module.metadatasharing.Item>
    <org.openmrs.module.metadatasharing.Item id="238" uuid="fe4cd4d4-5b68-102e-96e9-000c29c2a5d7">
      <id>11782</id>
      <classname>org.openmrs.ConceptMap</classname>
      <dateChanged id="239">2012-06-21 16:49:52</dateChanged>
    </org.openmrs.module.metadatasharing.Item>
    <org.openmrs.module.metadatasharing.Item id="240" uuid="41afff43-64a3-3ec3-a5c1-f72ee0883555">
      <id>11782</id>
      <classname>org.openmrs.ConceptReferenceTerm</classname>
      <dateChanged id="241">2010-12-17 00:00:00</dateChanged>
      <retired>false</retired>
    </org.openmrs.module.metadatasharing.Item>
    <org.openmrs.module.metadatasharing.Item id="242" uuid="b896a046-7d98-4126-96a0-3941f4864615">
      <id>27316</id>
      <classname>org.openmrs.ConceptMap</classname>
      <dateChanged id="243">2017-04-04 22:41:03</dateChanged>
    </org.openmrs.module.metadatasharing.Item>
    <org.openmrs.module.metadatasharing.Item id="244" uuid="15b0dd64-b4d2-40b5-b20a-345cb067e415">
      <id>26555</id>
      <classname>org.openmrs.ConceptReferenceTerm</classname>
      <dateChanged id="245">2017-04-04 22:40:20</dateChanged>
      <retired>false</retired>
    </org.openmrs.module.metadatasharing.Item>
    <org.openmrs.module.metadatasharing.Item id="246" uuid="b215155c-4864-102e-96e9-000c29c2a5d7">
      <id>1746</id>
      <classname>org.openmrs.ConceptMap</classname>
      <dateChanged id="247">2012-06-21 16:49:52</dateChanged>
    </org.openmrs.module.metadatasharing.Item>
    <org.openmrs.module.metadatasharing.Item id="248" uuid="10d99b62-4bf8-3f13-948f-c4e866a3c27f">
      <id>1746</id>
      <classname>org.openmrs.ConceptReferenceTerm</classname>
      <dateChanged id="249">2010-11-23 00:00:00</dateChanged>
      <retired>false</retired>
    </org.openmrs.module.metadatasharing.Item>
    <org.openmrs.module.metadatasharing.Item id="250" uuid="137929ABBBBBBBBBBBBBBBBBBBBBBBBBBBBB">
      <id>28048</id>
      <classname>org.openmrs.ConceptMap</classname>
      <dateChanged id="251">2011-01-18 01:55:51</dateChanged>
    </org.openmrs.module.metadatasharing.Item>
    <org.openmrs.module.metadatasharing.Item id="252" uuid="1ca55422-f98d-3bea-a89a-2ba1edb9d206">
      <id>27471</id>
      <classname>org.openmrs.ConceptReferenceTerm</classname>
      <dateChanged id="253">2011-01-17 05:00:00</dateChanged>
      <retired>false</retired>
    </org.openmrs.module.metadatasharing.Item>
    <org.openmrs.module.metadatasharing.Item id="254" uuid="2ADDDDDDDDDDDDDDDDDDDDDDDDDDDDDDDDDD">
      <id>8</id>
      <classname>org.openmrs.ConceptSource</classname>
      <dateChanged id="255">2015-07-01 17:25:50</dateChanged>
      <retired>false</retired>
    </org.openmrs.module.metadatasharing.Item>
    <org.openmrs.module.metadatasharing.Item id="256" uuid="7577c90c-4943-102e-96e9-000c29c2a5d7">
      <id>7568</id>
      <classname>org.openmrs.ConceptMap</classname>
      <dateChanged id="257">2012-06-21 16:49:52</dateChanged>
    </org.openmrs.module.metadatasharing.Item>
    <org.openmrs.module.metadatasharing.Item id="258" uuid="62e77889-362a-3aa6-99a3-3732050ff20a">
      <id>7568</id>
      <classname>org.openmrs.ConceptReferenceTerm</classname>
      <dateChanged id="259">2010-11-24 00:00:00</dateChanged>
      <retired>false</retired>
    </org.openmrs.module.metadatasharing.Item>
    <org.openmrs.module.metadatasharing.Item id="260" uuid="2658db14-6e43-4be9-a022-87969a441827">
      <id>10363</id>
      <classname>org.openmrs.ConceptAnswer</classname>
      <dateChanged id="261">2018-05-31 15:32:54</dateChanged>
    </org.openmrs.module.metadatasharing.Item>
    <org.openmrs.module.metadatasharing.Item id="262" uuid="3cdcecea-26fe-102b-80cb-0017a47871b2">
      <id>1714</id>
      <classname>org.openmrs.Concept</classname>
      <dateChanged id="263">2020-01-03 22:45:18</dateChanged>
      <retired>false</retired>
    </org.openmrs.module.metadatasharing.Item>
    <org.openmrs.module.metadatasharing.Item id="264" uuid="17e2b1fa-da66-4bbc-82d0-ba980c33f92a">
      <id>42461</id>
      <classname>org.openmrs.ConceptName</classname>
      <dateChanged id="265">2020-01-03 22:45:18</dateChanged>
    </org.openmrs.module.metadatasharing.Item>
    <org.openmrs.module.metadatasharing.Item id="266" uuid="75ed5c40-0e37-441c-bd96-7667140bd9b3">
      <id>31928</id>
      <classname>org.openmrs.ConceptName</classname>
      <dateChanged id="267">2020-01-03 22:45:18</dateChanged>
    </org.openmrs.module.metadatasharing.Item>
    <org.openmrs.module.metadatasharing.Item id="268" uuid="123558BBBBBBBBBBBBBBBBBBBBBBBBBBBBBB">
      <id>33110</id>
      <classname>org.openmrs.ConceptName</classname>
      <dateChanged id="269">2013-03-10 05:13:23</dateChanged>
    </org.openmrs.module.metadatasharing.Item>
    <org.openmrs.module.metadatasharing.Item id="270" uuid="3d9f8987-5e6d-460f-b011-0841315524ee">
      <id>42462</id>
      <classname>org.openmrs.ConceptName</classname>
      <dateChanged id="271">2020-01-03 22:45:18</dateChanged>
    </org.openmrs.module.metadatasharing.Item>
    <org.openmrs.module.metadatasharing.Item id="272" uuid="3e1dc6a6-26fe-102b-80cb-0017a47871b2">
      <id>1868</id>
      <classname>org.openmrs.ConceptName</classname>
      <dateChanged id="273">2017-04-04 21:45:34</dateChanged>
    </org.openmrs.module.metadatasharing.Item>
    <org.openmrs.module.metadatasharing.Item id="274" uuid="95fc4bc1-59e2-4946-8618-c0cbb0e0cc4a">
      <id>31926</id>
      <classname>org.openmrs.ConceptName</classname>
      <dateChanged id="275">2017-04-04 21:45:34</dateChanged>
    </org.openmrs.module.metadatasharing.Item>
    <org.openmrs.module.metadatasharing.Item id="276" uuid="3e1db918-26fe-102b-80cb-0017a47871b2">
      <id>1867</id>
      <classname>org.openmrs.ConceptName</classname>
      <dateChanged id="277">2020-01-03 22:45:18</dateChanged>
    </org.openmrs.module.metadatasharing.Item>
    <org.openmrs.module.metadatasharing.Item id="278" uuid="f638408e-d5db-102d-ad2a-000c29c2a5d7">
      <id>11214</id>
      <classname>org.openmrs.ConceptName</classname>
      <dateChanged id="279">2017-04-04 21:45:34</dateChanged>
    </org.openmrs.module.metadatasharing.Item>
    <org.openmrs.module.metadatasharing.Item id="280" uuid="c316c839-76c6-4c3c-b252-6d9cf002dd93">
      <id>31927</id>
      <classname>org.openmrs.ConceptName</classname>
      <dateChanged id="281">2017-04-04 21:45:34</dateChanged>
    </org.openmrs.module.metadatasharing.Item>
    <org.openmrs.module.metadatasharing.Item id="282" uuid="126860BBBBBBBBBBBBBBBBBBBBBBBBBBBBBB">
      <id>33111</id>
      <classname>org.openmrs.ConceptName</classname>
      <dateChanged id="283">2014-12-27 02:47:47</dateChanged>
    </org.openmrs.module.metadatasharing.Item>
    <org.openmrs.module.metadatasharing.Item id="284" uuid="ecec3d02-07fe-102c-b5fa-0017a47871b2">
      <id>1734</id>
      <classname>org.openmrs.ConceptDescription</classname>
      <dateChanged id="285">2006-09-27 22:02:57</dateChanged>
    </org.openmrs.module.metadatasharing.Item>
    <org.openmrs.module.metadatasharing.Item id="286" uuid="75779cde-4943-102e-96e9-000c29c2a5d7">
      <id>7538</id>
      <classname>org.openmrs.ConceptMap</classname>
      <dateChanged id="287">2012-06-21 16:49:52</dateChanged>
    </org.openmrs.module.metadatasharing.Item>
    <org.openmrs.module.metadatasharing.Item id="288" uuid="969736f4-75af-3422-8036-17cc2ff4ec48">
      <id>7538</id>
      <classname>org.openmrs.ConceptReferenceTerm</classname>
      <dateChanged id="289">2010-11-24 00:00:00</dateChanged>
      <retired>false</retired>
    </org.openmrs.module.metadatasharing.Item>
    <org.openmrs.module.metadatasharing.Item id="290" uuid="db9f8857-e8a7-4967-92a6-120ed7a1697e">
      <id>27298</id>
      <classname>org.openmrs.ConceptMap</classname>
      <dateChanged id="291">2017-04-04 21:45:34</dateChanged>
    </org.openmrs.module.metadatasharing.Item>
    <org.openmrs.module.metadatasharing.Item id="292" uuid="b50f16b1-49bc-4568-8eaf-ac8f56535a2f">
      <id>26538</id>
      <classname>org.openmrs.ConceptReferenceTerm</classname>
      <dateChanged id="293">2017-04-04 21:44:19</dateChanged>
      <retired>false</retired>
    </org.openmrs.module.metadatasharing.Item>
    <org.openmrs.module.metadatasharing.Item id="294" uuid="687bc9c9-c782-42c1-98e6-85cb26eb7dfe">
      <id>27299</id>
      <classname>org.openmrs.ConceptMap</classname>
      <dateChanged id="295">2017-04-04 21:45:34</dateChanged>
    </org.openmrs.module.metadatasharing.Item>
    <org.openmrs.module.metadatasharing.Item id="296" uuid="0eb8e9d3-67f3-44b0-811a-f98fd60b2b71">
      <id>26537</id>
      <classname>org.openmrs.ConceptReferenceTerm</classname>
      <dateChanged id="297">2017-04-04 21:44:05</dateChanged>
      <retired>false</retired>
    </org.openmrs.module.metadatasharing.Item>
    <org.openmrs.module.metadatasharing.Item id="298" uuid="fe4c5752-5b68-102e-96e9-000c29c2a5d7">
      <id>11778</id>
      <classname>org.openmrs.ConceptMap</classname>
      <dateChanged id="299">2012-06-21 16:49:52</dateChanged>
    </org.openmrs.module.metadatasharing.Item>
    <org.openmrs.module.metadatasharing.Item id="300" uuid="9658a664-86e2-3706-b14a-fb7f8303e41e">
      <id>11778</id>
      <classname>org.openmrs.ConceptReferenceTerm</classname>
      <dateChanged id="301">2010-12-17 00:00:00</dateChanged>
      <retired>false</retired>
    </org.openmrs.module.metadatasharing.Item>
    <org.openmrs.module.metadatasharing.Item id="302" uuid="b214e758-4864-102e-96e9-000c29c2a5d7">
      <id>1716</id>
      <classname>org.openmrs.ConceptMap</classname>
      <dateChanged id="303">2012-06-21 16:49:52</dateChanged>
    </org.openmrs.module.metadatasharing.Item>
    <org.openmrs.module.metadatasharing.Item id="304" uuid="f99cbafa-da18-3441-b63c-ef82f9aa0262">
      <id>1716</id>
      <classname>org.openmrs.ConceptReferenceTerm</classname>
      <dateChanged id="305">2010-11-23 00:00:00</dateChanged>
      <retired>false</retired>
    </org.openmrs.module.metadatasharing.Item>
    <org.openmrs.module.metadatasharing.Item id="306" uuid="267c5ce0-70d9-423e-887e-47a2574d7d5b">
      <id>36699</id>
      <classname>org.openmrs.ConceptMap</classname>
      <dateChanged id="307">2021-07-20 21:21:53</dateChanged>
    </org.openmrs.module.metadatasharing.Item>
    <org.openmrs.module.metadatasharing.Item id="308" uuid="882cb085-a424-4f30-82fc-5f7c95ca3815">
      <id>34957</id>
      <classname>org.openmrs.ConceptReferenceTerm</classname>
      <dateChanged id="309">2021-07-20 21:21:44</dateChanged>
      <retired>false</retired>
    </org.openmrs.module.metadatasharing.Item>
    <org.openmrs.module.metadatasharing.Item id="310" uuid="f7a4210e-55a9-4b6c-bf89-36341deba46c">
      <id>29967</id>
      <classname>org.openmrs.ConceptMap</classname>
      <dateChanged id="311">2018-05-31 15:33:23</dateChanged>
    </org.openmrs.module.metadatasharing.Item>
    <org.openmrs.module.metadatasharing.Item id="312" uuid="77dc763b-e8a8-4910-ae76-7bcb9f527c8d">
      <id>29358</id>
      <classname>org.openmrs.ConceptReferenceTerm</classname>
      <dateChanged id="313">2018-05-31 15:33:12</dateChanged>
      <retired>false</retired>
    </org.openmrs.module.metadatasharing.Item>
    <org.openmrs.module.metadatasharing.Item id="314" uuid="bb9375df-c819-4fae-a1da-86a1d6a68d37">
      <id>7901</id>
      <classname>org.openmrs.ConceptSet</classname>
      <dateChanged id="315">2018-05-31 15:50:46</dateChanged>
    </org.openmrs.module.metadatasharing.Item>
    <org.openmrs.module.metadatasharing.Item id="316" uuid="6271c622-1909-41ca-a4ce-a6e31fae0d17">
      <id>11584</id>
      <classname>org.openmrs.Concept</classname>
      <dateChanged id="317">2021-07-20 21:03:47</dateChanged>
      <retired>false</retired>
    </org.openmrs.module.metadatasharing.Item>
    <org.openmrs.module.metadatasharing.Item id="318" uuid="2eab20d7-b8dd-4675-8a73-b0609e006496">
      <id>35974</id>
      <classname>org.openmrs.ConceptName</classname>
      <dateChanged id="319">2018-08-29 15:31:21</dateChanged>
    </org.openmrs.module.metadatasharing.Item>
    <org.openmrs.module.metadatasharing.Item id="320" uuid="878ccc36-6fe6-425a-a7cd-e7609e3311d7">
      <id>44674</id>
      <classname>org.openmrs.ConceptName</classname>
      <dateChanged id="321">2020-10-23 18:30:38</dateChanged>
    </org.openmrs.module.metadatasharing.Item>
    <org.openmrs.module.metadatasharing.Item id="322" uuid="941cac33-03ab-4105-879c-7c518b87c747">
      <id>36782</id>
      <classname>org.openmrs.ConceptName</classname>
      <dateChanged id="323">2018-08-29 15:31:21</dateChanged>
    </org.openmrs.module.metadatasharing.Item>
    <org.openmrs.module.metadatasharing.Item id="324" uuid="7a7cd857-e5cf-41a1-b2bc-3c00b8c30ec6">
      <id>10408</id>
      <classname>org.openmrs.ConceptAnswer</classname>
      <dateChanged id="325">2018-08-29 15:55:56</dateChanged>
    </org.openmrs.module.metadatasharing.Item>
    <org.openmrs.module.metadatasharing.Item id="326" uuid="3ce1d688-26fe-102b-80cb-0017a47871b2">
      <id>2224</id>
      <classname>org.openmrs.Concept</classname>
      <dateChanged id="327">2020-08-07 16:20:48</dateChanged>
      <retired>false</retired>
    </org.openmrs.module.metadatasharing.Item>
    <org.openmrs.module.metadatasharing.Item id="328" uuid="8d492774-c2cc-11de-8d13-0010c6dffd0f">
      <id>11</id>
      <classname>org.openmrs.ConceptClass</classname>
      <dateChanged id="329">2015-07-01 17:25:50</dateChanged>
      <retired>false</retired>
    </org.openmrs.module.metadatasharing.Item>
    <org.openmrs.module.metadatasharing.Item id="330" uuid="0b8ed940-15f5-102d-96e4-000c29c2a5d7">
      <id>8448</id>
      <classname>org.openmrs.ConceptName</classname>
      <dateChanged id="331">2018-08-29 15:55:03</dateChanged>
    </org.openmrs.module.metadatasharing.Item>
    <org.openmrs.module.metadatasharing.Item id="332" uuid="3e236c46-26fe-102b-80cb-0017a47871b2">
      <id>2405</id>
      <classname>org.openmrs.ConceptName</classname>
      <dateChanged id="333">2007-05-13 05:12:13</dateChanged>
    </org.openmrs.module.metadatasharing.Item>
    <org.openmrs.module.metadatasharing.Item id="334" uuid="f678b7d6-d5db-102d-ad2a-000c29c2a5d7">
      <id>11724</id>
      <classname>org.openmrs.ConceptName</classname>
      <dateChanged id="335">2018-08-29 15:55:03</dateChanged>
    </org.openmrs.module.metadatasharing.Item>
    <org.openmrs.module.metadatasharing.Item id="336" uuid="956c90ba-07d4-102c-b5fa-0017a47871b2">
      <id>7888</id>
      <classname>org.openmrs.ConceptName</classname>
      <dateChanged id="337">2007-05-13 05:12:13</dateChanged>
    </org.openmrs.module.metadatasharing.Item>
    <org.openmrs.module.metadatasharing.Item id="338" uuid="956b54ca-07d4-102c-b5fa-0017a47871b2">
      <id>7813</id>
      <classname>org.openmrs.ConceptName</classname>
      <dateChanged id="339">2007-06-22 15:34:58</dateChanged>
    </org.openmrs.module.metadatasharing.Item>
    <org.openmrs.module.metadatasharing.Item id="340" uuid="808d9b1d-2621-4b69-87c1-b2295af28f75">
      <id>15201</id>
      <classname>org.openmrs.ConceptName</classname>
      <dateChanged id="341">2011-09-20 20:14:49</dateChanged>
    </org.openmrs.module.metadatasharing.Item>
    <org.openmrs.module.metadatasharing.Item id="342" uuid="0b8eda3a-15f5-102d-96e4-000c29c2a5d7">
      <id>8449</id>
      <classname>org.openmrs.ConceptName</classname>
      <dateChanged id="343">2018-08-29 15:55:03</dateChanged>
    </org.openmrs.module.metadatasharing.Item>
    <org.openmrs.module.metadatasharing.Item id="344" uuid="6f18d1f7-1c27-48d6-9e46-d7309b1168cf">
      <id>30508</id>
      <classname>org.openmrs.ConceptName</classname>
      <dateChanged id="345">2015-12-22 16:42:01</dateChanged>
    </org.openmrs.module.metadatasharing.Item>
    <org.openmrs.module.metadatasharing.Item id="346" uuid="956b5088-07d4-102c-b5fa-0017a47871b2">
      <id>7812</id>
      <classname>org.openmrs.ConceptName</classname>
      <dateChanged id="347">2015-12-22 16:42:01</dateChanged>
    </org.openmrs.module.metadatasharing.Item>
    <org.openmrs.module.metadatasharing.Item id="348" uuid="f0b447d3-d49a-4cc5-b840-937713a3cb8f">
      <id>36783</id>
      <classname>org.openmrs.ConceptName</classname>
      <dateChanged id="349">2018-08-29 15:55:03</dateChanged>
    </org.openmrs.module.metadatasharing.Item>
    <org.openmrs.module.metadatasharing.Item id="350" uuid="d9ab4987-4913-4f62-9dac-5f23e7513d98">
      <id>35023</id>
      <classname>org.openmrs.ConceptMap</classname>
      <dateChanged id="351">2020-08-07 16:20:48</dateChanged>
    </org.openmrs.module.metadatasharing.Item>
    <org.openmrs.module.metadatasharing.Item id="352" uuid="2bcd26f9-95f3-4f0f-85b1-3ebe6ae5dd4d">
      <id>33644</id>
      <classname>org.openmrs.ConceptReferenceTerm</classname>
      <dateChanged id="353">2020-08-07 16:20:35</dateChanged>
      <retired>false</retired>
    </org.openmrs.module.metadatasharing.Item>
    <org.openmrs.module.metadatasharing.Item id="354" uuid="b2210f92-4864-102e-96e9-000c29c2a5d7">
      <id>2226</id>
      <classname>org.openmrs.ConceptMap</classname>
      <dateChanged id="355">2012-06-21 16:49:52</dateChanged>
    </org.openmrs.module.metadatasharing.Item>
    <org.openmrs.module.metadatasharing.Item id="356" uuid="f1a74c27-b48e-3512-9169-5a1cbd0b0f83">
      <id>2226</id>
      <classname>org.openmrs.ConceptReferenceTerm</classname>
      <dateChanged id="357">2010-11-23 00:00:00</dateChanged>
      <retired>false</retired>
    </org.openmrs.module.metadatasharing.Item>
    <org.openmrs.module.metadatasharing.Item id="358" uuid="fe4d4004-5b68-102e-96e9-000c29c2a5d7">
      <id>11785</id>
      <classname>org.openmrs.ConceptMap</classname>
      <dateChanged id="359">2012-06-21 16:49:52</dateChanged>
    </org.openmrs.module.metadatasharing.Item>
    <org.openmrs.module.metadatasharing.Item id="360" uuid="6f7f313d-2917-3b69-9fb9-9442e0d92e1c">
      <id>11785</id>
      <classname>org.openmrs.ConceptReferenceTerm</classname>
      <dateChanged id="361">2010-12-17 00:00:00</dateChanged>
      <retired>false</retired>
    </org.openmrs.module.metadatasharing.Item>
    <org.openmrs.module.metadatasharing.Item id="362" uuid="758c0250-4943-102e-96e9-000c29c2a5d7">
      <id>8040</id>
      <classname>org.openmrs.ConceptMap</classname>
      <dateChanged id="363">2012-06-21 16:49:52</dateChanged>
    </org.openmrs.module.metadatasharing.Item>
    <org.openmrs.module.metadatasharing.Item id="364" uuid="3c542049-22a2-3f9f-9d25-0563e21f5fdc">
      <id>8040</id>
      <classname>org.openmrs.ConceptReferenceTerm</classname>
      <dateChanged id="365">2010-11-24 00:00:00</dateChanged>
      <retired>false</retired>
    </org.openmrs.module.metadatasharing.Item>
    <org.openmrs.module.metadatasharing.Item id="366" uuid="4ce1e353-656e-4aab-8b03-496b4b804e79">
      <id>10407</id>
      <classname>org.openmrs.ConceptAnswer</classname>
      <dateChanged id="367">2018-08-29 15:55:56</dateChanged>
    </org.openmrs.module.metadatasharing.Item>
    <org.openmrs.module.metadatasharing.Item id="368" uuid="3cd9bd04-26fe-102b-80cb-0017a47871b2">
      <id>1345</id>
      <classname>org.openmrs.Concept</classname>
      <dateChanged id="369">2018-10-15 18:03:08</dateChanged>
      <retired>false</retired>
    </org.openmrs.module.metadatasharing.Item>
    <org.openmrs.module.metadatasharing.Item id="370" uuid="f604892e-d5db-102d-ad2a-000c29c2a5d7">
      <id>10860</id>
      <classname>org.openmrs.ConceptName</classname>
      <dateChanged id="371">2010-06-29 13:03:17</dateChanged>
    </org.openmrs.module.metadatasharing.Item>
    <org.openmrs.module.metadatasharing.Item id="372" uuid="922a630c-eb48-470c-9523-9077a73da193">
      <id>37089</id>
      <classname>org.openmrs.ConceptName</classname>
      <dateChanged id="373">2018-10-15 18:03:08</dateChanged>
    </org.openmrs.module.metadatasharing.Item>
    <org.openmrs.module.metadatasharing.Item id="374" uuid="3e1868b4-26fe-102b-80cb-0017a47871b2">
      <id>1411</id>
      <classname>org.openmrs.ConceptName</classname>
      <dateChanged id="375">2006-06-09 17:11:06</dateChanged>
    </org.openmrs.module.metadatasharing.Item>
    <org.openmrs.module.metadatasharing.Item id="376" uuid="3e1862c4-26fe-102b-80cb-0017a47871b2">
      <id>1410</id>
      <classname>org.openmrs.ConceptName</classname>
      <dateChanged id="377">2006-06-09 17:11:06</dateChanged>
    </org.openmrs.module.metadatasharing.Item>
    <org.openmrs.module.metadatasharing.Item id="378" uuid="0567cd47-4785-4231-9fcb-9f377021d8ee">
      <id>1376</id>
      <classname>org.openmrs.ConceptDescription</classname>
      <dateChanged id="379">2013-04-10 02:09:12</dateChanged>
    </org.openmrs.module.metadatasharing.Item>
    <org.openmrs.module.metadatasharing.Item id="380" uuid="136261ABBBBBBBBBBBBBBBBBBBBBBBBBBBBB">
      <id>13526</id>
      <classname>org.openmrs.ConceptMap</classname>
      <dateChanged id="381">2012-06-21 16:49:52</dateChanged>
    </org.openmrs.module.metadatasharing.Item>
    <org.openmrs.module.metadatasharing.Item id="382" uuid="e9844c60-5139-3ff2-bacc-806eb1da4ac1">
      <id>13526</id>
      <classname>org.openmrs.ConceptReferenceTerm</classname>
      <dateChanged id="383">2010-10-27 00:00:00</dateChanged>
      <retired>false</retired>
    </org.openmrs.module.metadatasharing.Item>
    <org.openmrs.module.metadatasharing.Item id="384" uuid="13ADDDDDDDDDDDDDDDDDDDDDDDDDDDDDDDDD">
      <id>10</id>
      <classname>org.openmrs.ConceptSource</classname>
      <dateChanged id="385">2015-07-01 17:25:50</dateChanged>
      <retired>false</retired>
    </org.openmrs.module.metadatasharing.Item>
    <org.openmrs.module.metadatasharing.Item id="386" uuid="75719712-4943-102e-96e9-000c29c2a5d7">
      <id>7188</id>
      <classname>org.openmrs.ConceptMap</classname>
      <dateChanged id="387">2012-06-21 16:49:52</dateChanged>
    </org.openmrs.module.metadatasharing.Item>
    <org.openmrs.module.metadatasharing.Item id="388" uuid="33f09f21-6902-39c7-b08c-ef0259881623">
      <id>7188</id>
      <classname>org.openmrs.ConceptReferenceTerm</classname>
      <dateChanged id="389">2010-11-24 00:00:00</dateChanged>
      <retired>false</retired>
    </org.openmrs.module.metadatasharing.Item>
    <org.openmrs.module.metadatasharing.Item id="390" uuid="e0095dbf-7244-4005-8caf-0cf751d20f71">
      <id>13523</id>
      <classname>org.openmrs.ConceptMap</classname>
      <dateChanged id="391">2012-06-21 16:49:52</dateChanged>
    </org.openmrs.module.metadatasharing.Item>
    <org.openmrs.module.metadatasharing.Item id="392" uuid="466a3369-3bfc-39f7-a24e-7ce6e6ddc6c3">
      <id>13523</id>
      <classname>org.openmrs.ConceptReferenceTerm</classname>
      <dateChanged id="393">2011-10-31 00:00:00</dateChanged>
      <retired>false</retired>
    </org.openmrs.module.metadatasharing.Item>
    <org.openmrs.module.metadatasharing.Item id="394" uuid="b4ce49bf-a4d3-446e-9438-fd18c6b7f8c9">
      <id>20037</id>
      <classname>org.openmrs.ConceptMap</classname>
      <dateChanged id="395">2013-09-26 19:57:13</dateChanged>
    </org.openmrs.module.metadatasharing.Item>
    <org.openmrs.module.metadatasharing.Item id="396" uuid="169cad7e-107b-47ab-bce6-4e1018326f4f">
      <id>19903</id>
      <classname>org.openmrs.ConceptReferenceTerm</classname>
      <dateChanged id="397">2013-09-26 19:38:22</dateChanged>
      <retired>false</retired>
    </org.openmrs.module.metadatasharing.Item>
    <org.openmrs.module.metadatasharing.Item id="398" uuid="132793ABBBBBBBBBBBBBBBBBBBBBBBBBBBBB">
      <id>13524</id>
      <classname>org.openmrs.ConceptMap</classname>
      <dateChanged id="399">2012-06-21 16:49:52</dateChanged>
    </org.openmrs.module.metadatasharing.Item>
    <org.openmrs.module.metadatasharing.Item id="400" uuid="a69dafbf-5b89-3c59-a7e2-8c0477ca4bc0">
      <id>13524</id>
      <classname>org.openmrs.ConceptReferenceTerm</classname>
      <dateChanged id="401">2010-08-24 00:00:00</dateChanged>
      <retired>false</retired>
    </org.openmrs.module.metadatasharing.Item>
    <org.openmrs.module.metadatasharing.Item id="402" uuid="b2112bb8-4864-102e-96e9-000c29c2a5d7">
      <id>1347</id>
      <classname>org.openmrs.ConceptMap</classname>
      <dateChanged id="403">2012-06-21 16:49:52</dateChanged>
    </org.openmrs.module.metadatasharing.Item>
    <org.openmrs.module.metadatasharing.Item id="404" uuid="1b0a2f3d-1e0a-3ffc-a415-ff1ddc2787ba">
      <id>13525</id>
      <classname>org.openmrs.ConceptReferenceTerm</classname>
      <dateChanged id="405">2010-08-24 00:00:00</dateChanged>
      <retired>false</retired>
    </org.openmrs.module.metadatasharing.Item>
    <org.openmrs.module.metadatasharing.Item id="406" uuid="b35a3946-761c-48e6-a74f-13de9fd92d17">
      <id>10367</id>
      <classname>org.openmrs.ConceptAnswer</classname>
      <dateChanged id="407">2018-05-31 15:49:07</dateChanged>
    </org.openmrs.module.metadatasharing.Item>
    <org.openmrs.module.metadatasharing.Item id="408" uuid="324fdca6-6d0d-4898-89fd-2a3fa5a52bd5">
      <id>11582</id>
      <classname>org.openmrs.Concept</classname>
      <dateChanged id="409">2018-05-31 15:47:33</dateChanged>
      <retired>false</retired>
    </org.openmrs.module.metadatasharing.Item>
    <org.openmrs.module.metadatasharing.Item id="410" uuid="dff074bd-f0b9-4dfc-b49a-18cdada73667">
      <id>35972</id>
      <classname>org.openmrs.ConceptName</classname>
      <dateChanged id="411">2018-05-31 15:46:48</dateChanged>
    </org.openmrs.module.metadatasharing.Item>
    <org.openmrs.module.metadatasharing.Item id="412" uuid="b1857290-db06-4bb0-b95e-42cf85d490fa">
      <id>29968</id>
      <classname>org.openmrs.ConceptMap</classname>
      <dateChanged id="413">2018-05-31 15:47:33</dateChanged>
    </org.openmrs.module.metadatasharing.Item>
    <org.openmrs.module.metadatasharing.Item id="414" uuid="1d2d37e7-b5a5-4e94-bcca-0dd57249ce37">
      <id>29359</id>
      <classname>org.openmrs.ConceptReferenceTerm</classname>
      <dateChanged id="415">2018-05-31 15:47:08</dateChanged>
      <retired>false</retired>
    </org.openmrs.module.metadatasharing.Item>
    <org.openmrs.module.metadatasharing.Item id="416" uuid="c660b9e3-9d03-4686-810a-ca3b63baf88f">
      <id>10368</id>
      <classname>org.openmrs.ConceptAnswer</classname>
      <dateChanged id="417">2018-05-31 15:49:07</dateChanged>
    </org.openmrs.module.metadatasharing.Item>
    <org.openmrs.module.metadatasharing.Item id="418" uuid="651f2289-9a4e-404b-8c93-894ab7349da5">
      <id>11583</id>
      <classname>org.openmrs.Concept</classname>
      <dateChanged id="419">2018-05-31 15:48:38</dateChanged>
      <retired>false</retired>
    </org.openmrs.module.metadatasharing.Item>
    <org.openmrs.module.metadatasharing.Item id="420" uuid="2e6ea3d4-d24b-40dc-a4ae-04c64bbd6748">
      <id>35973</id>
      <classname>org.openmrs.ConceptName</classname>
      <dateChanged id="421">2018-05-31 15:48:38</dateChanged>
    </org.openmrs.module.metadatasharing.Item>
    <org.openmrs.module.metadatasharing.Item id="422" uuid="29ec0c3e-4b59-4c13-90e8-506dfe972856">
      <id>29969</id>
      <classname>org.openmrs.ConceptMap</classname>
      <dateChanged id="423">2018-05-31 15:48:38</dateChanged>
    </org.openmrs.module.metadatasharing.Item>
    <org.openmrs.module.metadatasharing.Item id="424" uuid="0de1697e-da16-4f32-96ee-1e5f227b88d9">
      <id>29360</id>
      <classname>org.openmrs.ConceptReferenceTerm</classname>
      <dateChanged id="425">2018-05-31 15:47:19</dateChanged>
      <retired>false</retired>
    </org.openmrs.module.metadatasharing.Item>
    <org.openmrs.module.metadatasharing.Item id="426" uuid="8a6ecc4b-215f-468c-a525-09b12d6327d7">
      <id>29970</id>
      <classname>org.openmrs.ConceptMap</classname>
      <dateChanged id="427">2018-05-31 15:49:40</dateChanged>
    </org.openmrs.module.metadatasharing.Item>
    <org.openmrs.module.metadatasharing.Item id="428" uuid="992e9d58-84bb-4881-9a30-8f2c32f572e2">
      <id>29361</id>
      <classname>org.openmrs.ConceptReferenceTerm</classname>
      <dateChanged id="429">2018-05-31 15:49:28</dateChanged>
      <retired>false</retired>
    </org.openmrs.module.metadatasharing.Item>
    <org.openmrs.module.metadatasharing.Item id="430" uuid="ec59ed4b-8917-4791-a833-ff4c15654593">
      <id>36692</id>
      <classname>org.openmrs.ConceptMap</classname>
      <dateChanged id="431">2021-07-20 21:03:47</dateChanged>
    </org.openmrs.module.metadatasharing.Item>
    <org.openmrs.module.metadatasharing.Item id="432" uuid="07980b08-46aa-4b1c-90e4-8ffa2a38aed5">
      <id>34950</id>
      <classname>org.openmrs.ConceptReferenceTerm</classname>
      <dateChanged id="433">2021-07-20 21:03:38</dateChanged>
      <retired>false</retired>
    </org.openmrs.module.metadatasharing.Item>
    <org.openmrs.module.metadatasharing.Item id="434" uuid="b0333ece-4a79-46b7-b432-cd95e7678848">
      <id>7902</id>
      <classname>org.openmrs.ConceptSet</classname>
      <dateChanged id="435">2018-05-31 15:54:06</dateChanged>
    </org.openmrs.module.metadatasharing.Item>
    <org.openmrs.module.metadatasharing.Item id="436" uuid="7883b7c3-02f7-485f-8b7c-555e08d13030">
      <id>11585</id>
      <classname>org.openmrs.Concept</classname>
      <dateChanged id="437">2021-07-20 21:04:36</dateChanged>
      <retired>false</retired>
    </org.openmrs.module.metadatasharing.Item>
    <org.openmrs.module.metadatasharing.Item id="438" uuid="bbf3a0a5-ea82-466d-bb54-fc2b87aa2bd4">
      <id>44675</id>
      <classname>org.openmrs.ConceptName</classname>
      <dateChanged id="439">2020-10-23 18:30:53</dateChanged>
    </org.openmrs.module.metadatasharing.Item>
    <org.openmrs.module.metadatasharing.Item id="440" uuid="5aff2fca-e04c-42ad-aef9-484fff20d641">
      <id>35975</id>
      <classname>org.openmrs.ConceptName</classname>
      <dateChanged id="441">2018-05-31 15:53:32</dateChanged>
    </org.openmrs.module.metadatasharing.Item>
    <org.openmrs.module.metadatasharing.Item id="442" uuid="298277e1-e65d-4fdd-ac17-39eb82fd59db">
      <id>10370</id>
      <classname>org.openmrs.ConceptAnswer</classname>
      <dateChanged id="443">2018-05-31 15:53:32</dateChanged>
    </org.openmrs.module.metadatasharing.Item>
    <org.openmrs.module.metadatasharing.Item id="444" uuid="160847AAAAAAAAAAAAAAAAAAAAAAAAAAAAAA">
      <id>10364</id>
      <classname>org.openmrs.Concept</classname>
      <dateChanged id="445">2018-08-29 15:15:45</dateChanged>
      <retired>false</retired>
    </org.openmrs.module.metadatasharing.Item>
    <org.openmrs.module.metadatasharing.Item id="446" uuid="109520BBBBBBBBBBBBBBBBBBBBBBBBBBBBBB">
      <id>29730</id>
      <classname>org.openmrs.ConceptName</classname>
      <dateChanged id="447">2018-08-29 15:15:45</dateChanged>
    </org.openmrs.module.metadatasharing.Item>
    <org.openmrs.module.metadatasharing.Item id="448" uuid="49f043a5-e8ba-49b9-8737-285773139a61">
      <id>36780</id>
      <classname>org.openmrs.ConceptName</classname>
      <dateChanged id="449">2018-08-29 15:15:45</dateChanged>
    </org.openmrs.module.metadatasharing.Item>
    <org.openmrs.module.metadatasharing.Item id="450" uuid="109521BBBBBBBBBBBBBBBBBBBBBBBBBBBBBB">
      <id>29729</id>
      <classname>org.openmrs.ConceptName</classname>
      <dateChanged id="451">2012-07-15 19:16:33</dateChanged>
    </org.openmrs.module.metadatasharing.Item>
    <org.openmrs.module.metadatasharing.Item id="452" uuid="ee656360-0cf3-11ec-9f8b-aa0059ea79c6">
      <id>40029</id>
      <classname>org.openmrs.ConceptMap</classname>
      <dateChanged id="453">2021-09-03 20:17:03</dateChanged>
    </org.openmrs.module.metadatasharing.Item>
    <org.openmrs.module.metadatasharing.Item id="454" uuid="97d74841-0cf1-11ec-9f8b-aa0059ea79c6">
      <id>38241</id>
      <classname>org.openmrs.ConceptReferenceTerm</classname>
      <dateChanged id="455">2021-09-03 20:00:31</dateChanged>
      <retired>false</retired>
    </org.openmrs.module.metadatasharing.Item>
    <org.openmrs.module.metadatasharing.Item id="456" uuid="217966ABBBBBBBBBBBBBBBBBBBBBBBBBBBBB">
      <id>25491</id>
      <classname>org.openmrs.ConceptMap</classname>
      <dateChanged id="457">2013-07-03 22:53:08</dateChanged>
    </org.openmrs.module.metadatasharing.Item>
    <org.openmrs.module.metadatasharing.Item id="458" uuid="fc1246c0-d8b1-3061-badb-6b5a3439af40">
      <id>24871</id>
      <classname>org.openmrs.ConceptReferenceTerm</classname>
      <dateChanged id="459">2013-07-03 04:00:00</dateChanged>
      <retired>false</retired>
    </org.openmrs.module.metadatasharing.Item>
    <org.openmrs.module.metadatasharing.Item id="460" uuid="145011ABBBBBBBBBBBBBBBBBBBBBBBBBBBBB">
      <id>25492</id>
      <classname>org.openmrs.ConceptMap</classname>
      <dateChanged id="461">2012-07-15 19:16:33</dateChanged>
    </org.openmrs.module.metadatasharing.Item>
    <org.openmrs.module.metadatasharing.Item id="462" uuid="25ef7265-5f31-36aa-9c51-93072218ae55">
      <id>24872</id>
      <classname>org.openmrs.ConceptReferenceTerm</classname>
      <dateChanged id="463">2012-07-15 04:00:00</dateChanged>
      <retired>false</retired>
    </org.openmrs.module.metadatasharing.Item>
    <org.openmrs.module.metadatasharing.Item id="464" uuid="50465f1e-55b0-4534-a517-693f7bdde5c0">
      <id>10371</id>
      <classname>org.openmrs.ConceptAnswer</classname>
      <dateChanged id="465">2018-05-31 15:53:32</dateChanged>
    </org.openmrs.module.metadatasharing.Item>
    <org.openmrs.module.metadatasharing.Item id="466" uuid="160849AAAAAAAAAAAAAAAAAAAAAAAAAAAAAA">
      <id>10359</id>
      <classname>org.openmrs.Concept</classname>
      <dateChanged id="467">2018-08-29 15:16:23</dateChanged>
      <retired>false</retired>
    </org.openmrs.module.metadatasharing.Item>
    <org.openmrs.module.metadatasharing.Item id="468" uuid="109524BBBBBBBBBBBBBBBBBBBBBBBBBBBBBB">
      <id>29724</id>
      <classname>org.openmrs.ConceptName</classname>
      <dateChanged id="469">2018-08-29 15:16:23</dateChanged>
    </org.openmrs.module.metadatasharing.Item>
    <org.openmrs.module.metadatasharing.Item id="470" uuid="a1bfa7a4-fb9b-4ec7-b149-c976a4389b2f">
      <id>36781</id>
      <classname>org.openmrs.ConceptName</classname>
      <dateChanged id="471">2018-08-29 15:16:22</dateChanged>
    </org.openmrs.module.metadatasharing.Item>
    <org.openmrs.module.metadatasharing.Item id="472" uuid="145013ABBBBBBBBBBBBBBBBBBBBBBBBBBBBB">
      <id>25482</id>
      <classname>org.openmrs.ConceptMap</classname>
      <dateChanged id="473">2012-07-15 19:18:29</dateChanged>
    </org.openmrs.module.metadatasharing.Item>
    <org.openmrs.module.metadatasharing.Item id="474" uuid="282e39f8-d38e-34cd-909f-c7885e0cd8db">
      <id>24862</id>
      <classname>org.openmrs.ConceptReferenceTerm</classname>
      <dateChanged id="475">2012-07-15 04:00:00</dateChanged>
      <retired>false</retired>
    </org.openmrs.module.metadatasharing.Item>
    <org.openmrs.module.metadatasharing.Item id="476" uuid="ee63281e-0cf3-11ec-9f8b-aa0059ea79c6">
      <id>40024</id>
      <classname>org.openmrs.ConceptMap</classname>
      <dateChanged id="477">2021-09-03 20:17:03</dateChanged>
    </org.openmrs.module.metadatasharing.Item>
    <org.openmrs.module.metadatasharing.Item id="478" uuid="97d74138-0cf1-11ec-9f8b-aa0059ea79c6">
      <id>38236</id>
      <classname>org.openmrs.ConceptReferenceTerm</classname>
      <dateChanged id="479">2021-09-03 20:00:31</dateChanged>
      <retired>false</retired>
    </org.openmrs.module.metadatasharing.Item>
    <org.openmrs.module.metadatasharing.Item id="480" uuid="217968ABBBBBBBBBBBBBBBBBBBBBBBBBBBBB">
      <id>25481</id>
      <classname>org.openmrs.ConceptMap</classname>
      <dateChanged id="481">2013-07-03 22:53:08</dateChanged>
    </org.openmrs.module.metadatasharing.Item>
    <org.openmrs.module.metadatasharing.Item id="482" uuid="48a12656-34fc-30ff-9503-15ff875d2cfc">
      <id>24861</id>
      <classname>org.openmrs.ConceptReferenceTerm</classname>
      <dateChanged id="483">2013-07-03 04:00:00</dateChanged>
      <retired>false</retired>
    </org.openmrs.module.metadatasharing.Item>
    <org.openmrs.module.metadatasharing.Item id="484" uuid="461dde07-e51f-4d8f-b03b-cead504b08bb">
      <id>29971</id>
      <classname>org.openmrs.ConceptMap</classname>
      <dateChanged id="485">2018-05-31 15:53:32</dateChanged>
    </org.openmrs.module.metadatasharing.Item>
    <org.openmrs.module.metadatasharing.Item id="486" uuid="c3924ace-3411-413b-8ee8-f1425e7aa9e6">
      <id>29362</id>
      <classname>org.openmrs.ConceptReferenceTerm</classname>
      <dateChanged id="487">2018-05-31 15:52:56</dateChanged>
      <retired>false</retired>
    </org.openmrs.module.metadatasharing.Item>
    <org.openmrs.module.metadatasharing.Item id="488" uuid="8228a046-f14b-47c1-bb4c-9a453940063c">
      <id>36693</id>
      <classname>org.openmrs.ConceptMap</classname>
      <dateChanged id="489">2021-07-20 21:04:36</dateChanged>
    </org.openmrs.module.metadatasharing.Item>
    <org.openmrs.module.metadatasharing.Item id="490" uuid="f423d7ab-98c0-42cd-9bef-41c51bdeba98">
      <id>34951</id>
      <classname>org.openmrs.ConceptReferenceTerm</classname>
      <dateChanged id="491">2021-07-20 21:04:31</dateChanged>
      <retired>false</retired>
    </org.openmrs.module.metadatasharing.Item>
    <org.openmrs.module.metadatasharing.Item id="492" uuid="b20d63c2-b1ee-4fa2-9f07-403953e98bde">
      <id>29964</id>
      <classname>org.openmrs.ConceptMap</classname>
      <dateChanged id="493">2018-05-31 15:11:24</dateChanged>
    </org.openmrs.module.metadatasharing.Item>
    <org.openmrs.module.metadatasharing.Item id="494" uuid="5424af27-db1a-483c-9153-7bcd10f875af">
      <id>29355</id>
      <classname>org.openmrs.ConceptReferenceTerm</classname>
      <dateChanged id="495">2018-05-31 15:11:10</dateChanged>
      <retired>false</retired>
    </org.openmrs.module.metadatasharing.Item>
  </relatedItems>
  <incrementalVersion>false</incrementalVersion>
</package>
