<?xml version="1.0" encoding="UTF-8"?>
<package id="1" uuid="39656470-1a48-425f-b1c9-65594f42048b">
  <dateCreated id="2">2021-07-23 21:22:41</dateCreated>
  <name>Immunization</name>
  <description>Concepts including the vaccines and the model (Immunization history)</description>
  <openmrsVersion>2.1.3 SNAPSHOT Build e8c2d9</openmrsVersion>
  <version>1</version>
  <groupUuid>1485ec4a-ac02-4167-8eed-e93669f92389</groupUuid>
  <subscriptionUrl>https://concepts.pih-emr.org/openmrs/ws/rest/metadatasharing/package/1485ec4a-ac02-4167-8eed-e93669f92389/latest</subscriptionUrl>
  <modules id="3">
    <entry>
      <string>webservices.rest</string>
      <string>2.23.0-SNAPSHOT.df4734</string>
    </entry>
    <entry>
      <string>legacyui</string>
      <string>1.5.0</string>
    </entry>
    <entry>
      <string>groovy</string>
      <string>2.3.0-SNAPSHOT</string>
    </entry>
    <entry>
      <string>htmlformentry</string>
      <string>3.8.0</string>
    </entry>
    <entry>
      <string>metadatasharing</string>
      <string>1.6.0-SNAPSHOT</string>
    </entry>
    <entry>
      <string>uiframework</string>
      <string>3.15.0</string>
    </entry>
    <entry>
      <string>metadatamapping</string>
      <string>1.3.4</string>
    </entry>
    <entry>
      <string>metadatatools</string>
      <string>1.0-SNAPSHOT</string>
    </entry>
    <entry>
      <string>uilibrary</string>
      <string>2.0.6</string>
    </entry>
    <entry>
      <string>validation</string>
      <string>1.0.1</string>
    </entry>
  </modules>
  <items class="linked-hash-set" id="4">
    <org.openmrs.module.metadatasharing.Item id="5" uuid="183de657-fae9-4b74-ab3a-bf8a514efffb">
      <id>13631</id>
      <classname>org.openmrs.Concept</classname>
      <dateChanged id="6">2021-07-23 21:16:06</dateChanged>
      <retired>false</retired>
    </org.openmrs.module.metadatasharing.Item>
  </items>
  <relatedItems class="linked-hash-set" id="7">
    <org.openmrs.module.metadatasharing.Item id="8" uuid="8d4a4c94-c2cc-11de-8d13-0010c6dffd0f">
      <id>4</id>
      <classname>org.openmrs.ConceptDatatype</classname>
      <dateChanged id="9">2004-02-02 05:00:00</dateChanged>
      <retired>false</retired>
    </org.openmrs.module.metadatasharing.Item>
    <org.openmrs.module.metadatasharing.Item id="10" uuid="8d492594-c2cc-11de-8d13-0010c6dffd0f">
      <id>10</id>
      <classname>org.openmrs.ConceptClass</classname>
      <dateChanged id="11">2015-07-01 17:25:50</dateChanged>
      <retired>false</retired>
    </org.openmrs.module.metadatasharing.Item>
    <org.openmrs.module.metadatasharing.Item id="12" uuid="b1d3775c-3e67-413b-a2a5-d2c189096fbb">
      <id>46698</id>
      <classname>org.openmrs.ConceptName</classname>
      <dateChanged id="13">2021-07-23 21:00:27</dateChanged>
    </org.openmrs.module.metadatasharing.Item>
    <org.openmrs.module.metadatasharing.Item id="14" uuid="ad4443ce-cb1c-423c-aca8-2bcb8e74fe20">
      <id>11861</id>
      <classname>org.openmrs.ConceptSet</classname>
      <dateChanged id="15">2021-07-23 21:00:27</dateChanged>
    </org.openmrs.module.metadatasharing.Item>
    <org.openmrs.module.metadatasharing.Item id="16" uuid="74260088-9c83-41d5-b92b-03a41654daaf">
      <id>10158</id>
      <classname>org.openmrs.Concept</classname>
      <dateChanged id="17">2021-07-23 20:39:43</dateChanged>
      <retired>false</retired>
    </org.openmrs.module.metadatasharing.Item>
    <org.openmrs.module.metadatasharing.Item id="18" uuid="8d491a9a-c2cc-11de-8d13-0010c6dffd0f">
      <id>5</id>
      <classname>org.openmrs.ConceptClass</classname>
      <dateChanged id="19">2015-07-01 17:25:50</dateChanged>
      <retired>false</retired>
    </org.openmrs.module.metadatasharing.Item>
    <org.openmrs.module.metadatasharing.Item id="20" uuid="107786BBBBBBBBBBBBBBBBBBBBBBBBBBBBBB">
      <id>29050</id>
      <classname>org.openmrs.ConceptName</classname>
      <dateChanged id="21">2015-04-24 23:08:40</dateChanged>
    </org.openmrs.module.metadatasharing.Item>
    <org.openmrs.module.metadatasharing.Item id="22" uuid="1585BBBBBBBBBBBBBBBBBBBBBBBBBBBBBBBB">
      <id>29047</id>
      <classname>org.openmrs.ConceptName</classname>
      <dateChanged id="23">2015-04-24 23:08:40</dateChanged>
    </org.openmrs.module.metadatasharing.Item>
    <org.openmrs.module.metadatasharing.Item id="24" uuid="107785BBBBBBBBBBBBBBBBBBBBBBBBBBBBBB">
      <id>29048</id>
      <classname>org.openmrs.ConceptName</classname>
      <dateChanged id="25">2015-04-24 23:08:40</dateChanged>
    </org.openmrs.module.metadatasharing.Item>
    <org.openmrs.module.metadatasharing.Item id="26" uuid="1586BBBBBBBBBBBBBBBBBBBBBBBBBBBBBBBB">
      <id>29051</id>
      <classname>org.openmrs.ConceptName</classname>
      <dateChanged id="27">2015-04-24 23:08:40</dateChanged>
    </org.openmrs.module.metadatasharing.Item>
    <org.openmrs.module.metadatasharing.Item id="28" uuid="110133BBBBBBBBBBBBBBBBBBBBBBBBBBBBBB">
      <id>29046</id>
      <classname>org.openmrs.ConceptName</classname>
      <dateChanged id="29">2015-04-24 23:08:40</dateChanged>
    </org.openmrs.module.metadatasharing.Item>
    <org.openmrs.module.metadatasharing.Item id="30" uuid="86876BBBBBBBBBBBBBBBBBBBBBBBBBBBBBBB">
      <id>29049</id>
      <classname>org.openmrs.ConceptName</classname>
      <dateChanged id="31">2015-04-24 23:08:40</dateChanged>
    </org.openmrs.module.metadatasharing.Item>
    <org.openmrs.module.metadatasharing.Item id="32" uuid="fce6a738-28b9-4aca-a5a2-a9110cd8d5ba">
      <id>5915</id>
      <classname>org.openmrs.ConceptSet</classname>
      <dateChanged id="33">2015-04-24 23:08:40</dateChanged>
    </org.openmrs.module.metadatasharing.Item>
    <org.openmrs.module.metadatasharing.Item id="34" uuid="2dc6c690-a5fe-4cc4-97cc-32c70200a2eb">
      <id>10156</id>
      <classname>org.openmrs.Concept</classname>
      <dateChanged id="35">2015-04-24 23:08:35</dateChanged>
      <retired>false</retired>
    </org.openmrs.module.metadatasharing.Item>
    <org.openmrs.module.metadatasharing.Item id="36" uuid="8d4a48b6-c2cc-11de-8d13-0010c6dffd0f">
      <id>2</id>
      <classname>org.openmrs.ConceptDatatype</classname>
      <dateChanged id="37">2004-02-02 05:00:00</dateChanged>
      <retired>false</retired>
    </org.openmrs.module.metadatasharing.Item>
    <org.openmrs.module.metadatasharing.Item id="38" uuid="1034BBBBBBBBBBBBBBBBBBBBBBBBBBBBBBBB">
      <id>29041</id>
      <classname>org.openmrs.ConceptName</classname>
      <dateChanged id="39">2015-04-24 23:08:35</dateChanged>
    </org.openmrs.module.metadatasharing.Item>
    <org.openmrs.module.metadatasharing.Item id="40" uuid="107784BBBBBBBBBBBBBBBBBBBBBBBBBBBBBB">
      <id>29040</id>
      <classname>org.openmrs.ConceptName</classname>
      <dateChanged id="41">2015-04-24 23:08:35</dateChanged>
    </org.openmrs.module.metadatasharing.Item>
    <org.openmrs.module.metadatasharing.Item id="42" uuid="986FFFFFFFFFFFFFFFFFFFFFFFFFFFFFFFFF">
      <id>6767</id>
      <classname>org.openmrs.ConceptDescription</classname>
      <dateChanged id="43">2015-04-24 23:08:35</dateChanged>
    </org.openmrs.module.metadatasharing.Item>
    <org.openmrs.module.metadatasharing.Item id="44" uuid="171250ABBBBBBBBBBBBBBBBBBBBBBBBBBBBB">
      <id>24950</id>
      <classname>org.openmrs.ConceptMap</classname>
      <dateChanged id="45">2015-04-24 23:08:35</dateChanged>
    </org.openmrs.module.metadatasharing.Item>
    <org.openmrs.module.metadatasharing.Item id="46" uuid="35543629-7d8c-11e1-909d-c80aa9edcf4e">
      <id>1</id>
      <classname>org.openmrs.ConceptMapType</classname>
      <dateChanged id="47">2012-06-21 00:00:00</dateChanged>
      <retired>false</retired>
    </org.openmrs.module.metadatasharing.Item>
    <org.openmrs.module.metadatasharing.Item id="48" uuid="5fa55d42-abe2-41c2-ab02-9c6a83aa77dc">
      <id>24299</id>
      <classname>org.openmrs.ConceptReferenceTerm</classname>
      <dateChanged id="49">2015-04-22 14:29:55</dateChanged>
      <retired>false</retired>
    </org.openmrs.module.metadatasharing.Item>
    <org.openmrs.module.metadatasharing.Item id="50" uuid="21ADDDDDDDDDDDDDDDDDDDDDDDDDDDDDDDDD">
      <id>29</id>
      <classname>org.openmrs.ConceptSource</classname>
      <dateChanged id="51">2015-07-01 17:25:50</dateChanged>
      <retired>false</retired>
    </org.openmrs.module.metadatasharing.Item>
    <org.openmrs.module.metadatasharing.Item id="52" uuid="133795ABBBBBBBBBBBBBBBBBBBBBBBBBBBBB">
      <id>24951</id>
      <classname>org.openmrs.ConceptMap</classname>
      <dateChanged id="53">2015-04-24 23:08:35</dateChanged>
    </org.openmrs.module.metadatasharing.Item>
    <org.openmrs.module.metadatasharing.Item id="54" uuid="f0ddf07a-988a-4966-8e9c-3175c2ba918c">
      <id>24298</id>
      <classname>org.openmrs.ConceptReferenceTerm</classname>
      <dateChanged id="55">2015-04-22 14:29:54</dateChanged>
      <retired>false</retired>
    </org.openmrs.module.metadatasharing.Item>
    <org.openmrs.module.metadatasharing.Item id="56" uuid="1ADDDDDDDDDDDDDDDDDDDDDDDDDDDDDDDDDD">
      <id>6</id>
      <classname>org.openmrs.ConceptSource</classname>
      <dateChanged id="57">2015-07-01 17:25:50</dateChanged>
      <retired>false</retired>
    </org.openmrs.module.metadatasharing.Item>
    <org.openmrs.module.metadatasharing.Item id="58" uuid="a98f6b02-9094-413f-9a3a-d320234f4082">
      <id>5916</id>
      <classname>org.openmrs.ConceptSet</classname>
      <dateChanged id="59">2015-04-24 23:08:40</dateChanged>
    </org.openmrs.module.metadatasharing.Item>
    <org.openmrs.module.metadatasharing.Item id="60" uuid="ef6b45b4-525e-4d74-bf81-a65a41f3feb9">
      <id>10157</id>
      <classname>org.openmrs.ConceptNumeric</classname>
      <dateChanged id="61">2020-09-08 13:55:06</dateChanged>
      <retired>false</retired>
    </org.openmrs.module.metadatasharing.Item>
    <org.openmrs.module.metadatasharing.Item id="62" uuid="8d4a4488-c2cc-11de-8d13-0010c6dffd0f">
      <id>1</id>
      <classname>org.openmrs.ConceptDatatype</classname>
      <dateChanged id="63">2004-02-02 05:00:00</dateChanged>
      <retired>false</retired>
    </org.openmrs.module.metadatasharing.Item>
    <org.openmrs.module.metadatasharing.Item id="64" uuid="1577BBBBBBBBBBBBBBBBBBBBBBBBBBBBBBBB">
      <id>29045</id>
      <classname>org.openmrs.ConceptName</classname>
      <dateChanged id="65">2020-09-08 13:55:06</dateChanged>
    </org.openmrs.module.metadatasharing.Item>
    <org.openmrs.module.metadatasharing.Item id="66" uuid="86873BBBBBBBBBBBBBBBBBBBBBBBBBBBBBBB">
      <id>29044</id>
      <classname>org.openmrs.ConceptName</classname>
      <dateChanged id="67">2015-04-24 23:08:38</dateChanged>
    </org.openmrs.module.metadatasharing.Item>
    <org.openmrs.module.metadatasharing.Item id="68" uuid="1578BBBBBBBBBBBBBBBBBBBBBBBBBBBBBBBB">
      <id>29043</id>
      <classname>org.openmrs.ConceptName</classname>
      <dateChanged id="69">2015-04-24 23:08:38</dateChanged>
    </org.openmrs.module.metadatasharing.Item>
    <org.openmrs.module.metadatasharing.Item id="70" uuid="107783BBBBBBBBBBBBBBBBBBBBBBBBBBBBBB">
      <id>29042</id>
      <classname>org.openmrs.ConceptName</classname>
      <dateChanged id="71">2020-09-08 13:55:06</dateChanged>
    </org.openmrs.module.metadatasharing.Item>
    <org.openmrs.module.metadatasharing.Item id="72" uuid="171670ABBBBBBBBBBBBBBBBBBBBBBBBBBBBB">
      <id>24952</id>
      <classname>org.openmrs.ConceptMap</classname>
      <dateChanged id="73">2015-04-24 23:08:38</dateChanged>
    </org.openmrs.module.metadatasharing.Item>
    <org.openmrs.module.metadatasharing.Item id="74" uuid="ca702d16-7b70-4e80-aa5d-1f4511a43e6f">
      <id>24300</id>
      <classname>org.openmrs.ConceptReferenceTerm</classname>
      <dateChanged id="75">2015-04-22 14:29:55</dateChanged>
      <retired>false</retired>
    </org.openmrs.module.metadatasharing.Item>
    <org.openmrs.module.metadatasharing.Item id="76" uuid="cc2b0dd2-12f7-4a52-a250-fd239fa44511">
      <id>5917</id>
      <classname>org.openmrs.ConceptSet</classname>
      <dateChanged id="77">2015-04-24 23:08:40</dateChanged>
    </org.openmrs.module.metadatasharing.Item>
    <org.openmrs.module.metadatasharing.Item id="78" uuid="1410AAAAAAAAAAAAAAAAAAAAAAAAAAAAAAAA">
      <id>10170</id>
      <classname>org.openmrs.Concept</classname>
      <dateChanged id="79">2015-04-24 23:08:38</dateChanged>
      <retired>false</retired>
    </org.openmrs.module.metadatasharing.Item>
    <org.openmrs.module.metadatasharing.Item id="80" uuid="8d4a505e-c2cc-11de-8d13-0010c6dffd0f">
      <id>6</id>
      <classname>org.openmrs.ConceptDatatype</classname>
      <dateChanged id="81">2004-07-22 04:00:00</dateChanged>
      <retired>false</retired>
    </org.openmrs.module.metadatasharing.Item>
    <org.openmrs.module.metadatasharing.Item id="82" uuid="1567BBBBBBBBBBBBBBBBBBBBBBBBBBBBBBBB">
      <id>29096</id>
      <classname>org.openmrs.ConceptName</classname>
      <dateChanged id="83">2015-04-24 23:08:38</dateChanged>
    </org.openmrs.module.metadatasharing.Item>
    <org.openmrs.module.metadatasharing.Item id="84" uuid="1565BBBBBBBBBBBBBBBBBBBBBBBBBBBBBBBB">
      <id>29097</id>
      <classname>org.openmrs.ConceptName</classname>
      <dateChanged id="85">2015-04-24 23:08:38</dateChanged>
    </org.openmrs.module.metadatasharing.Item>
    <org.openmrs.module.metadatasharing.Item id="86" uuid="86865BBBBBBBBBBBBBBBBBBBBBBBBBBBBBBB">
      <id>29094</id>
      <classname>org.openmrs.ConceptName</classname>
      <dateChanged id="87">2015-04-24 23:08:38</dateChanged>
    </org.openmrs.module.metadatasharing.Item>
    <org.openmrs.module.metadatasharing.Item id="88" uuid="1566BBBBBBBBBBBBBBBBBBBBBBBBBBBBBBBB">
      <id>29093</id>
      <classname>org.openmrs.ConceptName</classname>
      <dateChanged id="89">2015-04-24 23:08:38</dateChanged>
    </org.openmrs.module.metadatasharing.Item>
    <org.openmrs.module.metadatasharing.Item id="90" uuid="107781BBBBBBBBBBBBBBBBBBBBBBBBBBBBBB">
      <id>29095</id>
      <classname>org.openmrs.ConceptName</classname>
      <dateChanged id="91">2015-04-24 23:08:38</dateChanged>
    </org.openmrs.module.metadatasharing.Item>
    <org.openmrs.module.metadatasharing.Item id="92" uuid="1379FFFFFFFFFFFFFFFFFFFFFFFFFFFFFFFF">
      <id>6774</id>
      <classname>org.openmrs.ConceptDescription</classname>
      <dateChanged id="93">2015-04-24 23:08:38</dateChanged>
    </org.openmrs.module.metadatasharing.Item>
    <org.openmrs.module.metadatasharing.Item id="94" uuid="171662ABBBBBBBBBBBBBBBBBBBBBBBBBBBBB">
      <id>24970</id>
      <classname>org.openmrs.ConceptMap</classname>
      <dateChanged id="95">2015-04-24 23:08:38</dateChanged>
    </org.openmrs.module.metadatasharing.Item>
    <org.openmrs.module.metadatasharing.Item id="96" uuid="f11aec8f-24da-4fa1-afc5-e3ac77816baa">
      <id>24318</id>
      <classname>org.openmrs.ConceptReferenceTerm</classname>
      <dateChanged id="97">2015-04-24 23:08:35</dateChanged>
      <retired>false</retired>
    </org.openmrs.module.metadatasharing.Item>
    <org.openmrs.module.metadatasharing.Item id="98" uuid="3050becb-c42c-4f69-8692-47db4d9c06d4">
      <id>11859</id>
      <classname>org.openmrs.ConceptSet</classname>
      <dateChanged id="99">2021-07-23 20:37:44</dateChanged>
    </org.openmrs.module.metadatasharing.Item>
    <org.openmrs.module.metadatasharing.Item id="100" uuid="1420AAAAAAAAAAAAAAAAAAAAAAAAAAAAAAAA">
      <id>13629</id>
      <classname>org.openmrs.Concept</classname>
      <dateChanged id="101">2021-07-23 20:37:04</dateChanged>
      <retired>false</retired>
    </org.openmrs.module.metadatasharing.Item>
    <org.openmrs.module.metadatasharing.Item id="102" uuid="8d4a4ab4-c2cc-11de-8d13-0010c6dffd0f">
      <id>3</id>
      <classname>org.openmrs.ConceptDatatype</classname>
      <dateChanged id="103">2004-02-02 00:00:00</dateChanged>
      <retired>false</retired>
    </org.openmrs.module.metadatasharing.Item>
    <org.openmrs.module.metadatasharing.Item id="104" uuid="e9afc6b4-09cc-4f9f-8f19-c4d2c2e9e41f">
      <id>46692</id>
      <classname>org.openmrs.ConceptName</classname>
      <dateChanged id="105">2021-07-23 20:37:04</dateChanged>
    </org.openmrs.module.metadatasharing.Item>
    <org.openmrs.module.metadatasharing.Item id="106" uuid="cc755c60-402d-41cb-8c4e-9bbb6e51553b">
      <id>46693</id>
      <classname>org.openmrs.ConceptName</classname>
      <dateChanged id="107">2021-07-23 20:37:04</dateChanged>
    </org.openmrs.module.metadatasharing.Item>
    <org.openmrs.module.metadatasharing.Item id="108" uuid="fa0b701c-3a89-4276-89fe-3ed715f0c47e">
      <id>46694</id>
      <classname>org.openmrs.ConceptName</classname>
      <dateChanged id="109">2021-07-23 20:37:04</dateChanged>
    </org.openmrs.module.metadatasharing.Item>
    <org.openmrs.module.metadatasharing.Item id="110" uuid="2cc6db13-1a27-4367-b016-0620481d8b65">
      <id>36772</id>
      <classname>org.openmrs.ConceptMap</classname>
      <dateChanged id="111">2021-07-23 20:37:04</dateChanged>
    </org.openmrs.module.metadatasharing.Item>
    <org.openmrs.module.metadatasharing.Item id="112" uuid="bed7042b-2275-4fe8-99b4-ba1a2df7c264">
      <id>35017</id>
      <classname>org.openmrs.ConceptReferenceTerm</classname>
      <dateChanged id="113">2021-07-23 20:36:26</dateChanged>
      <retired>false</retired>
    </org.openmrs.module.metadatasharing.Item>
    <org.openmrs.module.metadatasharing.Item id="114" uuid="e7b7886c-bbee-42f7-8685-823543a4d796">
      <id>11860</id>
      <classname>org.openmrs.ConceptSet</classname>
      <dateChanged id="115">2021-07-23 20:39:43</dateChanged>
    </org.openmrs.module.metadatasharing.Item>
    <org.openmrs.module.metadatasharing.Item id="116" uuid="1419AAAAAAAAAAAAAAAAAAAAAAAAAAAAAAAA">
      <id>13630</id>
      <classname>org.openmrs.Concept</classname>
      <dateChanged id="117">2021-07-23 20:39:18</dateChanged>
      <retired>false</retired>
    </org.openmrs.module.metadatasharing.Item>
    <org.openmrs.module.metadatasharing.Item id="118" uuid="c2d7ef73-4e47-4e28-a5f5-18f77ed8ee39">
      <id>46697</id>
      <classname>org.openmrs.ConceptName</classname>
      <dateChanged id="119">2021-07-23 20:39:18</dateChanged>
    </org.openmrs.module.metadatasharing.Item>
    <org.openmrs.module.metadatasharing.Item id="120" uuid="957bee5e-dd19-40ff-a634-e4a5ae2101ce">
      <id>46695</id>
      <classname>org.openmrs.ConceptName</classname>
      <dateChanged id="121">2021-07-23 20:38:54</dateChanged>
    </org.openmrs.module.metadatasharing.Item>
    <org.openmrs.module.metadatasharing.Item id="122" uuid="447858db-49eb-4f01-899e-f4a92f169a17">
      <id>46696</id>
      <classname>org.openmrs.ConceptName</classname>
      <dateChanged id="123">2021-07-23 20:38:54</dateChanged>
    </org.openmrs.module.metadatasharing.Item>
    <org.openmrs.module.metadatasharing.Item id="124" uuid="25e1d879-ef68-4b15-9fe6-2ad4e87df00c">
      <id>36773</id>
      <classname>org.openmrs.ConceptMap</classname>
      <dateChanged id="125">2021-07-23 20:38:54</dateChanged>
    </org.openmrs.module.metadatasharing.Item>
    <org.openmrs.module.metadatasharing.Item id="126" uuid="9d7f5a9e-c8e5-4bc2-a61f-e94054ca3272">
      <id>35018</id>
      <classname>org.openmrs.ConceptReferenceTerm</classname>
      <dateChanged id="127">2021-07-23 20:38:41</dateChanged>
      <retired>false</retired>
    </org.openmrs.module.metadatasharing.Item>
    <org.openmrs.module.metadatasharing.Item id="128" uuid="921f5876-a0fc-47a0-bd0f-ff818c5c1c9c">
      <id>6768</id>
      <classname>org.openmrs.ConceptDescription</classname>
      <dateChanged id="129">2015-04-24 23:08:40</dateChanged>
    </org.openmrs.module.metadatasharing.Item>
    <org.openmrs.module.metadatasharing.Item id="130" uuid="171673ABBBBBBBBBBBBBBBBBBBBBBBBBBBBB">
      <id>24953</id>
      <classname>org.openmrs.ConceptMap</classname>
      <dateChanged id="131">2015-04-24 23:08:40</dateChanged>
    </org.openmrs.module.metadatasharing.Item>
    <org.openmrs.module.metadatasharing.Item id="132" uuid="5ed1f330-f09e-4f20-b05c-d748dc0b6c9e">
      <id>24302</id>
      <classname>org.openmrs.ConceptReferenceTerm</classname>
      <dateChanged id="133">2015-04-22 14:29:55</dateChanged>
      <retired>false</retired>
    </org.openmrs.module.metadatasharing.Item>
    <org.openmrs.module.metadatasharing.Item id="134" uuid="136923ABBBBBBBBBBBBBBBBBBBBBBBBBBBBB">
      <id>24954</id>
      <classname>org.openmrs.ConceptMap</classname>
      <dateChanged id="135">2015-04-24 23:08:40</dateChanged>
    </org.openmrs.module.metadatasharing.Item>
    <org.openmrs.module.metadatasharing.Item id="136" uuid="bd71b0eb-22ae-4ade-aab5-127baf198acd">
      <id>24301</id>
      <classname>org.openmrs.ConceptReferenceTerm</classname>
      <dateChanged id="137">2015-04-22 14:29:55</dateChanged>
      <retired>false</retired>
    </org.openmrs.module.metadatasharing.Item>
    <org.openmrs.module.metadatasharing.Item id="138" uuid="98834daf-aff0-409f-838b-3e68e6b811d4">
      <id>11862</id>
      <classname>org.openmrs.ConceptSet</classname>
      <dateChanged id="139">2021-07-23 21:00:27</dateChanged>
    </org.openmrs.module.metadatasharing.Item>
    <org.openmrs.module.metadatasharing.Item id="140" uuid="3cd4e004-26fe-102b-80cb-0017a47871b2">
      <id>886</id>
      <classname>org.openmrs.Concept</classname>
      <dateChanged id="141">2015-04-24 23:08:43</dateChanged>
      <retired>false</retired>
    </org.openmrs.module.metadatasharing.Item>
    <org.openmrs.module.metadatasharing.Item id="142" uuid="8d490bf4-c2cc-11de-8d13-0010c6dffd0f">
      <id>2</id>
      <classname>org.openmrs.ConceptClass</classname>
      <dateChanged id="143">2015-07-01 17:25:50</dateChanged>
      <retired>false</retired>
    </org.openmrs.module.metadatasharing.Item>
    <org.openmrs.module.metadatasharing.Item id="144" uuid="f5b02afa-d5db-102d-ad2a-000c29c2a5d7">
      <id>10418</id>
      <classname>org.openmrs.ConceptName</classname>
      <dateChanged id="145">2015-04-24 23:08:41</dateChanged>
    </org.openmrs.module.metadatasharing.Item>
    <org.openmrs.module.metadatasharing.Item id="146" uuid="5fc2f4a9-a089-4ad2-a7d5-27803c849525">
      <id>29008</id>
      <classname>org.openmrs.ConceptName</classname>
      <dateChanged id="147">2015-04-24 23:08:40</dateChanged>
    </org.openmrs.module.metadatasharing.Item>
    <org.openmrs.module.metadatasharing.Item id="148" uuid="3e12ca08-26fe-102b-80cb-0017a47871b2">
      <id>908</id>
      <classname>org.openmrs.ConceptName</classname>
      <dateChanged id="149">2015-04-24 23:08:41</dateChanged>
    </org.openmrs.module.metadatasharing.Item>
    <org.openmrs.module.metadatasharing.Item id="150" uuid="93edfd82-07d4-102c-b5fa-0017a47871b2">
      <id>6517</id>
      <classname>org.openmrs.ConceptName</classname>
      <dateChanged id="151">2015-04-24 23:08:41</dateChanged>
    </org.openmrs.module.metadatasharing.Item>
    <org.openmrs.module.metadatasharing.Item id="152" uuid="93ee06ce-07d4-102c-b5fa-0017a47871b2">
      <id>6519</id>
      <classname>org.openmrs.ConceptName</classname>
      <dateChanged id="153">2015-04-24 23:08:41</dateChanged>
    </org.openmrs.module.metadatasharing.Item>
    <org.openmrs.module.metadatasharing.Item id="154" uuid="d399c533-91d2-4070-aa35-5ba157462418">
      <id>29010</id>
      <classname>org.openmrs.ConceptName</classname>
      <dateChanged id="155">2015-04-24 23:08:40</dateChanged>
    </org.openmrs.module.metadatasharing.Item>
    <org.openmrs.module.metadatasharing.Item id="156" uuid="9cba7b99-6295-4e06-b142-75f3208d51d2">
      <id>29009</id>
      <classname>org.openmrs.ConceptName</classname>
      <dateChanged id="157">2015-04-24 23:08:40</dateChanged>
    </org.openmrs.module.metadatasharing.Item>
    <org.openmrs.module.metadatasharing.Item id="158" uuid="9388e7c6-07d4-102c-b5fa-0017a47871b2">
      <id>5472</id>
      <classname>org.openmrs.ConceptName</classname>
      <dateChanged id="159">2015-04-24 23:08:41</dateChanged>
    </org.openmrs.module.metadatasharing.Item>
    <org.openmrs.module.metadatasharing.Item id="160" uuid="ece17228-07fe-102c-b5fa-0017a47871b2">
      <id>894</id>
      <classname>org.openmrs.ConceptDescription</classname>
      <dateChanged id="161">2015-04-24 23:08:43</dateChanged>
    </org.openmrs.module.metadatasharing.Item>
    <org.openmrs.module.metadatasharing.Item id="162" uuid="b20a68dc-4864-102e-96e9-000c29c2a5d7">
      <id>888</id>
      <classname>org.openmrs.ConceptMap</classname>
      <dateChanged id="163">2015-04-24 23:08:43</dateChanged>
    </org.openmrs.module.metadatasharing.Item>
    <org.openmrs.module.metadatasharing.Item id="164" uuid="6473ebd4-dbda-378a-8b70-be8dea1cc2c7">
      <id>888</id>
      <classname>org.openmrs.ConceptReferenceTerm</classname>
      <dateChanged id="165">2010-11-23 00:00:00</dateChanged>
      <retired>false</retired>
    </org.openmrs.module.metadatasharing.Item>
    <org.openmrs.module.metadatasharing.Item id="166" uuid="fb9aaaf1-65e2-4c18-b53c-16b575f2f385">
      <id>5</id>
      <classname>org.openmrs.ConceptSource</classname>
      <dateChanged id="167">2015-07-01 17:25:50</dateChanged>
      <retired>false</retired>
    </org.openmrs.module.metadatasharing.Item>
    <org.openmrs.module.metadatasharing.Item id="168" uuid="753c8888-4943-102e-96e9-000c29c2a5d7">
      <id>6798</id>
      <classname>org.openmrs.ConceptMap</classname>
      <dateChanged id="169">2015-04-24 23:08:43</dateChanged>
    </org.openmrs.module.metadatasharing.Item>
    <org.openmrs.module.metadatasharing.Item id="170" uuid="3a360357-444b-31aa-b2c6-d19f72620086">
      <id>6798</id>
      <classname>org.openmrs.ConceptReferenceTerm</classname>
      <dateChanged id="171">2010-11-24 00:00:00</dateChanged>
      <retired>false</retired>
    </org.openmrs.module.metadatasharing.Item>
    <org.openmrs.module.metadatasharing.Item id="172" uuid="92e0f6f8-68fb-4dd8-b789-78da77c11e2a">
      <id>11863</id>
      <classname>org.openmrs.ConceptSet</classname>
      <dateChanged id="173">2021-07-23 21:00:27</dateChanged>
    </org.openmrs.module.metadatasharing.Item>
    <org.openmrs.module.metadatasharing.Item id="174" uuid="3cd42c36-26fe-102b-80cb-0017a47871b2">
      <id>783</id>
      <classname>org.openmrs.Concept</classname>
      <dateChanged id="175">2015-04-24 23:08:43</dateChanged>
      <retired>false</retired>
    </org.openmrs.module.metadatasharing.Item>
    <org.openmrs.module.metadatasharing.Item id="176" uuid="f5a682a2-d5db-102d-ad2a-000c29c2a5d7">
      <id>10353</id>
      <classname>org.openmrs.ConceptName</classname>
      <dateChanged id="177">2015-04-24 23:08:43</dateChanged>
    </org.openmrs.module.metadatasharing.Item>
    <org.openmrs.module.metadatasharing.Item id="178" uuid="9563721e-07d4-102c-b5fa-0017a47871b2">
      <id>7452</id>
      <classname>org.openmrs.ConceptName</classname>
      <dateChanged id="179">2015-04-24 23:08:43</dateChanged>
    </org.openmrs.module.metadatasharing.Item>
    <org.openmrs.module.metadatasharing.Item id="180" uuid="3e11e7dc-26fe-102b-80cb-0017a47871b2">
      <id>799</id>
      <classname>org.openmrs.ConceptName</classname>
      <dateChanged id="181">2015-04-24 23:08:43</dateChanged>
    </org.openmrs.module.metadatasharing.Item>
    <org.openmrs.module.metadatasharing.Item id="182" uuid="95637692-07d4-102c-b5fa-0017a47871b2">
      <id>7453</id>
      <classname>org.openmrs.ConceptName</classname>
      <dateChanged id="183">2015-04-24 23:08:43</dateChanged>
    </org.openmrs.module.metadatasharing.Item>
    <org.openmrs.module.metadatasharing.Item id="184" uuid="94b877d8-07d4-102c-b5fa-0017a47871b2">
      <id>7341</id>
      <classname>org.openmrs.ConceptName</classname>
      <dateChanged id="185">2015-04-24 23:08:43</dateChanged>
    </org.openmrs.module.metadatasharing.Item>
    <org.openmrs.module.metadatasharing.Item id="186" uuid="94b87c1a-07d4-102c-b5fa-0017a47871b2">
      <id>7342</id>
      <classname>org.openmrs.ConceptName</classname>
      <dateChanged id="187">2015-04-24 23:08:43</dateChanged>
    </org.openmrs.module.metadatasharing.Item>
    <org.openmrs.module.metadatasharing.Item id="188" uuid="5babdf42-3618-4af8-98ba-0989a99d9442">
      <id>29011</id>
      <classname>org.openmrs.ConceptName</classname>
      <dateChanged id="189">2015-04-24 23:08:43</dateChanged>
    </org.openmrs.module.metadatasharing.Item>
    <org.openmrs.module.metadatasharing.Item id="190" uuid="95637ad4-07d4-102c-b5fa-0017a47871b2">
      <id>7454</id>
      <classname>org.openmrs.ConceptName</classname>
      <dateChanged id="191">2015-04-24 23:08:43</dateChanged>
    </org.openmrs.module.metadatasharing.Item>
    <org.openmrs.module.metadatasharing.Item id="192" uuid="94b88048-07d4-102c-b5fa-0017a47871b2">
      <id>7343</id>
      <classname>org.openmrs.ConceptName</classname>
      <dateChanged id="193">2015-04-24 23:08:43</dateChanged>
    </org.openmrs.module.metadatasharing.Item>
    <org.openmrs.module.metadatasharing.Item id="194" uuid="94b884e4-07d4-102c-b5fa-0017a47871b2">
      <id>7344</id>
      <classname>org.openmrs.ConceptName</classname>
      <dateChanged id="195">2015-04-24 23:08:43</dateChanged>
    </org.openmrs.module.metadatasharing.Item>
    <org.openmrs.module.metadatasharing.Item id="196" uuid="95636e22-07d4-102c-b5fa-0017a47871b2">
      <id>7451</id>
      <classname>org.openmrs.ConceptName</classname>
      <dateChanged id="197">2015-04-24 23:08:43</dateChanged>
    </org.openmrs.module.metadatasharing.Item>
    <org.openmrs.module.metadatasharing.Item id="198" uuid="ece065ae-07fe-102c-b5fa-0017a47871b2">
      <id>789</id>
      <classname>org.openmrs.ConceptDescription</classname>
      <dateChanged id="199">2015-04-24 23:08:43</dateChanged>
    </org.openmrs.module.metadatasharing.Item>
    <org.openmrs.module.metadatasharing.Item id="200" uuid="8ad98af3-e438-4b7a-b667-922854aad62e">
      <id>11657</id>
      <classname>org.openmrs.ConceptMap</classname>
      <dateChanged id="201">2015-04-24 23:08:43</dateChanged>
    </org.openmrs.module.metadatasharing.Item>
    <org.openmrs.module.metadatasharing.Item id="202" uuid="b0424eb1-4ee5-383e-b5cc-73b5e748c8f8">
      <id>11657</id>
      <classname>org.openmrs.ConceptReferenceTerm</classname>
      <dateChanged id="203">2010-12-08 00:00:00</dateChanged>
      <retired>false</retired>
    </org.openmrs.module.metadatasharing.Item>
    <org.openmrs.module.metadatasharing.Item id="204" uuid="b2094e98-4864-102e-96e9-000c29c2a5d7">
      <id>785</id>
      <classname>org.openmrs.ConceptMap</classname>
      <dateChanged id="205">2015-04-24 23:08:43</dateChanged>
    </org.openmrs.module.metadatasharing.Item>
    <org.openmrs.module.metadatasharing.Item id="206" uuid="689952a7-16f2-3496-9853-1c64755a9ae0">
      <id>785</id>
      <classname>org.openmrs.ConceptReferenceTerm</classname>
      <dateChanged id="207">2010-11-23 00:00:00</dateChanged>
      <retired>false</retired>
    </org.openmrs.module.metadatasharing.Item>
    <org.openmrs.module.metadatasharing.Item id="208" uuid="f0ba3bf7-43af-4905-b69e-f93e73c41bd9">
      <id>11864</id>
      <classname>org.openmrs.ConceptSet</classname>
      <dateChanged id="209">2021-07-23 21:00:27</dateChanged>
    </org.openmrs.module.metadatasharing.Item>
    <org.openmrs.module.metadatasharing.Item id="210" uuid="1423AAAAAAAAAAAAAAAAAAAAAAAAAAAAAAAA">
      <id>10171</id>
      <classname>org.openmrs.Concept</classname>
      <dateChanged id="211">2021-07-23 21:03:55</dateChanged>
      <retired>false</retired>
    </org.openmrs.module.metadatasharing.Item>
    <org.openmrs.module.metadatasharing.Item id="212" uuid="8d4a5cca-c2cc-11de-8d13-0010c6dffd0f">
      <id>10</id>
      <classname>org.openmrs.ConceptDatatype</classname>
      <dateChanged id="213">2004-08-26 04:00:00</dateChanged>
      <retired>false</retired>
    </org.openmrs.module.metadatasharing.Item>
    <org.openmrs.module.metadatasharing.Item id="214" uuid="8d490dfc-c2cc-11de-8d13-0010c6dffd0f">
      <id>3</id>
      <classname>org.openmrs.ConceptClass</classname>
      <dateChanged id="215">2015-07-01 17:25:50</dateChanged>
      <retired>false</retired>
    </org.openmrs.module.metadatasharing.Item>
    <org.openmrs.module.metadatasharing.Item id="216" uuid="73a0cb5b858d4234a8073704233c5efe">
      <id>29100</id>
      <classname>org.openmrs.ConceptName</classname>
      <dateChanged id="217">2021-07-23 21:03:55</dateChanged>
    </org.openmrs.module.metadatasharing.Item>
    <org.openmrs.module.metadatasharing.Item id="218" uuid="878025f9e4d7428b9cbea96d8cf62558">
      <id>29099</id>
      <classname>org.openmrs.ConceptName</classname>
      <dateChanged id="219">2015-04-24 23:08:48</dateChanged>
    </org.openmrs.module.metadatasharing.Item>
    <org.openmrs.module.metadatasharing.Item id="220" uuid="af7039b37b384238b51dca3446a506f5">
      <id>29098</id>
      <classname>org.openmrs.ConceptName</classname>
      <dateChanged id="221">2021-07-23 21:03:55</dateChanged>
    </org.openmrs.module.metadatasharing.Item>
    <org.openmrs.module.metadatasharing.Item id="222" uuid="8ab170aa2be7433ab50e0e9ccd81369a">
      <id>29101</id>
      <classname>org.openmrs.ConceptName</classname>
      <dateChanged id="223">2021-07-23 21:03:55</dateChanged>
    </org.openmrs.module.metadatasharing.Item>
    <org.openmrs.module.metadatasharing.Item id="224" uuid="553069d350d61b02e14f3c77">
      <id>24972</id>
      <classname>org.openmrs.ConceptMap</classname>
      <dateChanged id="225">2015-04-24 23:08:48</dateChanged>
    </org.openmrs.module.metadatasharing.Item>
    <org.openmrs.module.metadatasharing.Item id="226" uuid="b98eb29c-d135-4e4b-875a-97791c3bd7bf">
      <id>24319</id>
      <classname>org.openmrs.ConceptReferenceTerm</classname>
      <dateChanged id="227">2015-04-24 23:08:46</dateChanged>
      <retired>false</retired>
    </org.openmrs.module.metadatasharing.Item>
    <org.openmrs.module.metadatasharing.Item id="228" uuid="a7ccc143-aeb6-4c03-a619-d025a5605e2d">
      <id>36775</id>
      <classname>org.openmrs.ConceptMap</classname>
      <dateChanged id="229">2021-07-23 21:03:55</dateChanged>
    </org.openmrs.module.metadatasharing.Item>
    <org.openmrs.module.metadatasharing.Item id="230" uuid="43ac5109-7d8c-11e1-909d-c80aa9edcf4e">
      <id>2</id>
      <classname>org.openmrs.ConceptMapType</classname>
      <dateChanged id="231">2012-06-21 00:00:00</dateChanged>
      <retired>false</retired>
    </org.openmrs.module.metadatasharing.Item>
    <org.openmrs.module.metadatasharing.Item id="232" uuid="44ef9ae0-0ac9-4e73-a41d-a91947b3aabb">
      <id>35020</id>
      <classname>org.openmrs.ConceptReferenceTerm</classname>
      <dateChanged id="233">2021-07-23 21:03:22</dateChanged>
      <retired>false</retired>
    </org.openmrs.module.metadatasharing.Item>
    <org.openmrs.module.metadatasharing.Item id="234" uuid="10ADDDDDDDDDDDDDDDDDDDDDDDDDDDDDDDDD">
      <id>21</id>
      <classname>org.openmrs.ConceptSource</classname>
      <dateChanged id="235">2010-07-26 17:53:37</dateChanged>
      <retired>false</retired>
    </org.openmrs.module.metadatasharing.Item>
    <org.openmrs.module.metadatasharing.Item id="236" uuid="19e25e62-cf4e-324e-9c07-0c0d56de6274">
      <id>24971</id>
      <classname>org.openmrs.ConceptMap</classname>
      <dateChanged id="237">2015-04-24 23:08:48</dateChanged>
    </org.openmrs.module.metadatasharing.Item>
    <org.openmrs.module.metadatasharing.Item id="238" uuid="4f91b031-4700-413b-8d0c-12d100c3a389">
      <id>24320</id>
      <classname>org.openmrs.ConceptReferenceTerm</classname>
      <dateChanged id="239">2015-04-24 23:08:46</dateChanged>
      <retired>false</retired>
    </org.openmrs.module.metadatasharing.Item>
    <org.openmrs.module.metadatasharing.Item id="240" uuid="ba90ba65-4c0f-4c1a-a0cf-c73319229ded">
      <id>11865</id>
      <classname>org.openmrs.ConceptSet</classname>
      <dateChanged id="241">2021-07-23 21:00:27</dateChanged>
    </org.openmrs.module.metadatasharing.Item>
    <org.openmrs.module.metadatasharing.Item id="242" uuid="83531AAAAAAAAAAAAAAAAAAAAAAAAAAAAAAA">
      <id>10172</id>
      <classname>org.openmrs.Concept</classname>
      <dateChanged id="243">2021-07-23 21:05:40</dateChanged>
      <retired>false</retired>
    </org.openmrs.module.metadatasharing.Item>
    <org.openmrs.module.metadatasharing.Item id="244" uuid="9ea2957f48e645c48e95795db69130e1">
      <id>29102</id>
      <classname>org.openmrs.ConceptName</classname>
      <dateChanged id="245">2021-07-23 21:05:40</dateChanged>
    </org.openmrs.module.metadatasharing.Item>
    <org.openmrs.module.metadatasharing.Item id="246" uuid="55306ca550d61b02e14f6cf7">
      <id>24974</id>
      <classname>org.openmrs.ConceptMap</classname>
      <dateChanged id="247">2015-04-24 23:08:48</dateChanged>
    </org.openmrs.module.metadatasharing.Item>
    <org.openmrs.module.metadatasharing.Item id="248" uuid="f21479ef-69a0-4902-aff2-09a26c44d84b">
      <id>24321</id>
      <classname>org.openmrs.ConceptReferenceTerm</classname>
      <dateChanged id="249">2015-04-24 23:08:48</dateChanged>
      <retired>false</retired>
    </org.openmrs.module.metadatasharing.Item>
    <org.openmrs.module.metadatasharing.Item id="250" uuid="39edda7a-16fc-3e5a-ab41-38cb4874bed1">
      <id>24973</id>
      <classname>org.openmrs.ConceptMap</classname>
      <dateChanged id="251">2015-04-24 23:08:48</dateChanged>
    </org.openmrs.module.metadatasharing.Item>
    <org.openmrs.module.metadatasharing.Item id="252" uuid="a64db3b9-2436-4c81-8eac-a422350f0f18">
      <id>24322</id>
      <classname>org.openmrs.ConceptReferenceTerm</classname>
      <dateChanged id="253">2015-04-24 23:08:48</dateChanged>
      <retired>false</retired>
    </org.openmrs.module.metadatasharing.Item>
    <org.openmrs.module.metadatasharing.Item id="254" uuid="4ADDDDDDDDDDDDDDDDDDDDDDDDDDDDDDDDDD">
      <id>14</id>
      <classname>org.openmrs.ConceptSource</classname>
      <dateChanged id="255">2015-07-01 17:25:50</dateChanged>
      <retired>false</retired>
    </org.openmrs.module.metadatasharing.Item>
    <org.openmrs.module.metadatasharing.Item id="256" uuid="7a978851-1de5-4bf6-9095-f9d2da3bd5c5">
      <id>36776</id>
      <classname>org.openmrs.ConceptMap</classname>
      <dateChanged id="257">2021-07-23 21:05:40</dateChanged>
    </org.openmrs.module.metadatasharing.Item>
    <org.openmrs.module.metadatasharing.Item id="258" uuid="f010ca48-b1cf-4627-8030-60ee781e260f">
      <id>35022</id>
      <classname>org.openmrs.ConceptReferenceTerm</classname>
      <dateChanged id="259">2021-07-23 21:05:10</dateChanged>
      <retired>false</retired>
    </org.openmrs.module.metadatasharing.Item>
    <org.openmrs.module.metadatasharing.Item id="260" uuid="8f8d3a4a-965f-4aae-8241-41cb99aa59e6">
      <id>36777</id>
      <classname>org.openmrs.ConceptMap</classname>
      <dateChanged id="261">2021-07-23 21:05:40</dateChanged>
    </org.openmrs.module.metadatasharing.Item>
    <org.openmrs.module.metadatasharing.Item id="262" uuid="58845705-7feb-4d88-abbf-946c92153021">
      <id>35021</id>
      <classname>org.openmrs.ConceptReferenceTerm</classname>
      <dateChanged id="263">2021-07-23 21:05:00</dateChanged>
      <retired>false</retired>
    </org.openmrs.module.metadatasharing.Item>
    <org.openmrs.module.metadatasharing.Item id="264" uuid="7ddeee03-4cbf-40b1-b7bd-a76b3b30773b">
      <id>11866</id>
      <classname>org.openmrs.ConceptSet</classname>
      <dateChanged id="265">2021-07-23 21:00:27</dateChanged>
    </org.openmrs.module.metadatasharing.Item>
    <org.openmrs.module.metadatasharing.Item id="266" uuid="162586AAAAAAAAAAAAAAAAAAAAAAAAAAAAAA">
      <id>10173</id>
      <classname>org.openmrs.Concept</classname>
      <dateChanged id="267">2015-04-24 23:08:48</dateChanged>
      <retired>false</retired>
    </org.openmrs.module.metadatasharing.Item>
    <org.openmrs.module.metadatasharing.Item id="268" uuid="406627b252a9401a86b143fa53f323f1">
      <id>29104</id>
      <classname>org.openmrs.ConceptName</classname>
      <dateChanged id="269">2015-04-24 23:08:48</dateChanged>
    </org.openmrs.module.metadatasharing.Item>
    <org.openmrs.module.metadatasharing.Item id="270" uuid="b0cb25bd523746998434cf4ad6751d2c">
      <id>29103</id>
      <classname>org.openmrs.ConceptName</classname>
      <dateChanged id="271">2015-04-24 23:08:48</dateChanged>
    </org.openmrs.module.metadatasharing.Item>
    <org.openmrs.module.metadatasharing.Item id="272" uuid="5530b2fd50d61b02e150bc8d">
      <id>24975</id>
      <classname>org.openmrs.ConceptMap</classname>
      <dateChanged id="273">2015-04-24 23:08:48</dateChanged>
    </org.openmrs.module.metadatasharing.Item>
    <org.openmrs.module.metadatasharing.Item id="274" uuid="6444bf5c-b99b-41a0-8bbc-3a8f3311f33d">
      <id>24323</id>
      <classname>org.openmrs.ConceptReferenceTerm</classname>
      <dateChanged id="275">2015-04-24 23:08:48</dateChanged>
      <retired>false</retired>
    </org.openmrs.module.metadatasharing.Item>
    <org.openmrs.module.metadatasharing.Item id="276" uuid="8811f260-7316-416d-8b6e-0c627125b1b8">
      <id>11867</id>
      <classname>org.openmrs.ConceptSet</classname>
      <dateChanged id="277">2021-07-23 21:00:27</dateChanged>
    </org.openmrs.module.metadatasharing.Item>
    <org.openmrs.module.metadatasharing.Item id="278" uuid="3ccc6b7c-26fe-102b-80cb-0017a47871b2">
      <id>17</id>
      <classname>org.openmrs.Concept</classname>
      <dateChanged id="279">2021-07-23 21:10:10</dateChanged>
      <retired>false</retired>
    </org.openmrs.module.metadatasharing.Item>
    <org.openmrs.module.metadatasharing.Item id="280" uuid="956a4d6e-07d4-102c-b5fa-0017a47871b2">
      <id>7753</id>
      <classname>org.openmrs.ConceptName</classname>
      <dateChanged id="281">2021-07-23 21:09:39</dateChanged>
    </org.openmrs.module.metadatasharing.Item>
    <org.openmrs.module.metadatasharing.Item id="282" uuid="3e09b26a-26fe-102b-80cb-0017a47871b2">
      <id>18</id>
      <classname>org.openmrs.ConceptName</classname>
      <dateChanged id="283">2021-07-23 21:09:39</dateChanged>
    </org.openmrs.module.metadatasharing.Item>
    <org.openmrs.module.metadatasharing.Item id="284" uuid="8515e59b-c9c7-49fd-8f96-21462fb2f899">
      <id>29105</id>
      <classname>org.openmrs.ConceptName</classname>
      <dateChanged id="285">2015-04-24 23:08:50</dateChanged>
    </org.openmrs.module.metadatasharing.Item>
    <org.openmrs.module.metadatasharing.Item id="286" uuid="f560f962-d5db-102d-ad2a-000c29c2a5d7">
      <id>10013</id>
      <classname>org.openmrs.ConceptName</classname>
      <dateChanged id="287">2021-07-23 21:09:39</dateChanged>
    </org.openmrs.module.metadatasharing.Item>
    <org.openmrs.module.metadatasharing.Item id="288" uuid="ecd66e50-07fe-102c-b5fa-0017a47871b2">
      <id>18</id>
      <classname>org.openmrs.ConceptDescription</classname>
      <dateChanged id="289">2021-07-23 21:10:10</dateChanged>
    </org.openmrs.module.metadatasharing.Item>
    <org.openmrs.module.metadatasharing.Item id="290" uuid="737fedbe-4943-102e-96e9-000c29c2a5d7">
      <id>6021</id>
      <classname>org.openmrs.ConceptMap</classname>
      <dateChanged id="291">2015-04-24 23:08:50</dateChanged>
    </org.openmrs.module.metadatasharing.Item>
    <org.openmrs.module.metadatasharing.Item id="292" uuid="813a05e9-d186-325b-bd99-bbd0766d1e55">
      <id>6021</id>
      <classname>org.openmrs.ConceptReferenceTerm</classname>
      <dateChanged id="293">2010-11-24 00:00:00</dateChanged>
      <retired>false</retired>
    </org.openmrs.module.metadatasharing.Item>
    <org.openmrs.module.metadatasharing.Item id="294" uuid="1f72ad0d-d55d-4f4f-a859-6bac0b669b62">
      <id>36778</id>
      <classname>org.openmrs.ConceptMap</classname>
      <dateChanged id="295">2021-07-23 21:09:39</dateChanged>
    </org.openmrs.module.metadatasharing.Item>
    <org.openmrs.module.metadatasharing.Item id="296" uuid="776531f7-a342-41db-b38a-27f587ca1693">
      <id>35023</id>
      <classname>org.openmrs.ConceptReferenceTerm</classname>
      <dateChanged id="297">2021-07-23 21:07:48</dateChanged>
      <retired>false</retired>
    </org.openmrs.module.metadatasharing.Item>
    <org.openmrs.module.metadatasharing.Item id="298" uuid="5a7a20f6-f28d-41c5-8690-8cefea4f3363">
      <id>36779</id>
      <classname>org.openmrs.ConceptMap</classname>
      <dateChanged id="299">2021-07-23 21:09:39</dateChanged>
    </org.openmrs.module.metadatasharing.Item>
    <org.openmrs.module.metadatasharing.Item id="300" uuid="ea4f4e03-a01c-4201-84bd-ce1e0852a876">
      <id>35024</id>
      <classname>org.openmrs.ConceptReferenceTerm</classname>
      <dateChanged id="301">2021-07-23 21:08:05</dateChanged>
      <retired>false</retired>
    </org.openmrs.module.metadatasharing.Item>
    <org.openmrs.module.metadatasharing.Item id="302" uuid="b1c13504-4864-102e-96e9-000c29c2a5d7">
      <id>19</id>
      <classname>org.openmrs.ConceptMap</classname>
      <dateChanged id="303">2015-04-24 23:08:50</dateChanged>
    </org.openmrs.module.metadatasharing.Item>
    <org.openmrs.module.metadatasharing.Item id="304" uuid="f2c569fc-6a48-3733-b611-1e0159fa1d09">
      <id>19</id>
      <classname>org.openmrs.ConceptReferenceTerm</classname>
      <dateChanged id="305">2010-11-23 00:00:00</dateChanged>
      <retired>false</retired>
    </org.openmrs.module.metadatasharing.Item>
    <org.openmrs.module.metadatasharing.Item id="306" uuid="2f8e2356-6fea-4a20-bdd6-a9534455a0c8">
      <id>11868</id>
      <classname>org.openmrs.ConceptSet</classname>
      <dateChanged id="307">2021-07-23 21:00:27</dateChanged>
    </org.openmrs.module.metadatasharing.Item>
    <org.openmrs.module.metadatasharing.Item id="308" uuid="781AAAAAAAAAAAAAAAAAAAAAAAAAAAAAAAAA">
      <id>781</id>
      <classname>org.openmrs.Concept</classname>
      <dateChanged id="309">2019-03-04 23:06:19</dateChanged>
      <retired>false</retired>
    </org.openmrs.module.metadatasharing.Item>
    <org.openmrs.module.metadatasharing.Item id="310" uuid="93f575f8-07d4-102c-b5fa-0017a47871b2">
      <id>6811</id>
      <classname>org.openmrs.ConceptName</classname>
      <dateChanged id="311">2019-03-04 22:57:38</dateChanged>
    </org.openmrs.module.metadatasharing.Item>
    <org.openmrs.module.metadatasharing.Item id="312" uuid="818BBBBBBBBBBBBBBBBBBBBBBBBBBBBBBBBB">
      <id>38167</id>
      <classname>org.openmrs.ConceptName</classname>
      <dateChanged id="313">2019-03-04 22:57:38</dateChanged>
    </org.openmrs.module.metadatasharing.Item>
    <org.openmrs.module.metadatasharing.Item id="314" uuid="93f5562c-07d4-102c-b5fa-0017a47871b2">
      <id>6807</id>
      <classname>org.openmrs.ConceptName</classname>
      <dateChanged id="315">2019-03-04 22:57:38</dateChanged>
    </org.openmrs.module.metadatasharing.Item>
    <org.openmrs.module.metadatasharing.Item id="316" uuid="137803BBBBBBBBBBBBBBBBBBBBBBBBBBBBBB">
      <id>38168</id>
      <classname>org.openmrs.ConceptName</classname>
      <dateChanged id="317">2016-07-21 06:40:34</dateChanged>
    </org.openmrs.module.metadatasharing.Item>
    <org.openmrs.module.metadatasharing.Item id="318" uuid="3e11e30e-26fe-102b-80cb-0017a47871b2">
      <id>797</id>
      <classname>org.openmrs.ConceptName</classname>
      <dateChanged id="319">2019-03-04 22:57:38</dateChanged>
    </org.openmrs.module.metadatasharing.Item>
    <org.openmrs.module.metadatasharing.Item id="320" uuid="93f55fa0-07d4-102c-b5fa-0017a47871b2">
      <id>6809</id>
      <classname>org.openmrs.ConceptName</classname>
      <dateChanged id="321">2019-03-04 22:57:38</dateChanged>
    </org.openmrs.module.metadatasharing.Item>
    <org.openmrs.module.metadatasharing.Item id="322" uuid="7a62cdf4-621a-43d2-b676-273853973b4c">
      <id>38179</id>
      <classname>org.openmrs.ConceptName</classname>
      <dateChanged id="323">2019-03-04 23:05:46</dateChanged>
    </org.openmrs.module.metadatasharing.Item>
    <org.openmrs.module.metadatasharing.Item id="324" uuid="137802BBBBBBBBBBBBBBBBBBBBBBBBBBBBBB">
      <id>38169</id>
      <classname>org.openmrs.ConceptName</classname>
      <dateChanged id="325">2019-03-04 22:59:06</dateChanged>
    </org.openmrs.module.metadatasharing.Item>
    <org.openmrs.module.metadatasharing.Item id="326" uuid="93f5ae24-07d4-102c-b5fa-0017a47871b2">
      <id>6824</id>
      <classname>org.openmrs.ConceptName</classname>
      <dateChanged id="327">2005-02-09 00:00:00</dateChanged>
    </org.openmrs.module.metadatasharing.Item>
    <org.openmrs.module.metadatasharing.Item id="328" uuid="106355BBBBBBBBBBBBBBBBBBBBBBBBBBBBBB">
      <id>38170</id>
      <classname>org.openmrs.ConceptName</classname>
      <dateChanged id="329">2019-03-04 22:57:38</dateChanged>
    </org.openmrs.module.metadatasharing.Item>
    <org.openmrs.module.metadatasharing.Item id="330" uuid="1ab00cd3-11bd-447c-a1c6-0fd896120cc3">
      <id>38177</id>
      <classname>org.openmrs.ConceptName</classname>
      <dateChanged id="331">2019-03-04 22:57:38</dateChanged>
    </org.openmrs.module.metadatasharing.Item>
    <org.openmrs.module.metadatasharing.Item id="332" uuid="f5a63c8e-d5db-102d-ad2a-000c29c2a5d7">
      <id>10351</id>
      <classname>org.openmrs.ConceptName</classname>
      <dateChanged id="333">2019-03-04 22:59:06</dateChanged>
    </org.openmrs.module.metadatasharing.Item>
    <org.openmrs.module.metadatasharing.Item id="334" uuid="0b7b71de-15f5-102d-96e4-000c29c2a5d7">
      <id>5459</id>
      <classname>org.openmrs.ConceptName</classname>
      <dateChanged id="335">2004-03-20 00:00:00</dateChanged>
    </org.openmrs.module.metadatasharing.Item>
    <org.openmrs.module.metadatasharing.Item id="336" uuid="ece061bc-07fe-102c-b5fa-0017a47871b2">
      <id>787</id>
      <classname>org.openmrs.ConceptDescription</classname>
      <dateChanged id="337">2004-03-20 00:00:00</dateChanged>
    </org.openmrs.module.metadatasharing.Item>
    <org.openmrs.module.metadatasharing.Item id="338" uuid="781FFFFFFFFFFFFFFFFFFFFFFFFFFFFFFFFF">
      <id>7803</id>
      <classname>org.openmrs.ConceptDescription</classname>
      <dateChanged id="339">2016-07-21 06:40:34</dateChanged>
    </org.openmrs.module.metadatasharing.Item>
    <org.openmrs.module.metadatasharing.Item id="340" uuid="132454ABBBBBBBBBBBBBBBBBBBBBBBBBBBBB">
      <id>31193</id>
      <classname>org.openmrs.ConceptMap</classname>
      <dateChanged id="341">2010-07-26 22:15:37</dateChanged>
    </org.openmrs.module.metadatasharing.Item>
    <org.openmrs.module.metadatasharing.Item id="342" uuid="27045f69-07c1-32d8-9f4a-100c987376c8">
      <id>30528</id>
      <classname>org.openmrs.ConceptReferenceTerm</classname>
      <dateChanged id="343">2010-07-26 04:00:00</dateChanged>
      <retired>false</retired>
    </org.openmrs.module.metadatasharing.Item>
    <org.openmrs.module.metadatasharing.Item id="344" uuid="751237cc-4943-102e-96e9-000c29c2a5d7">
      <id>6707</id>
      <classname>org.openmrs.ConceptMap</classname>
      <dateChanged id="345">2012-06-21 16:49:52</dateChanged>
    </org.openmrs.module.metadatasharing.Item>
    <org.openmrs.module.metadatasharing.Item id="346" uuid="6dc66383-1a24-36ea-989c-9ab54373edd7">
      <id>6707</id>
      <classname>org.openmrs.ConceptReferenceTerm</classname>
      <dateChanged id="347">2010-11-24 00:00:00</dateChanged>
      <retired>false</retired>
    </org.openmrs.module.metadatasharing.Item>
    <org.openmrs.module.metadatasharing.Item id="348" uuid="132452ABBBBBBBBBBBBBBBBBBBBBBBBBBBBB">
      <id>31195</id>
      <classname>org.openmrs.ConceptMap</classname>
      <dateChanged id="349">2010-07-26 22:15:37</dateChanged>
    </org.openmrs.module.metadatasharing.Item>
    <org.openmrs.module.metadatasharing.Item id="350" uuid="4219fa84-e6a9-3e94-80f2-744205cb2108">
      <id>30530</id>
      <classname>org.openmrs.ConceptReferenceTerm</classname>
      <dateChanged id="351">2010-07-26 04:00:00</dateChanged>
      <retired>false</retired>
    </org.openmrs.module.metadatasharing.Item>
    <org.openmrs.module.metadatasharing.Item id="352" uuid="171171ABBBBBBBBBBBBBBBBBBBBBBBBBBBBB">
      <id>31198</id>
      <classname>org.openmrs.ConceptMap</classname>
      <dateChanged id="353">2013-07-03 22:53:08</dateChanged>
    </org.openmrs.module.metadatasharing.Item>
    <org.openmrs.module.metadatasharing.Item id="354" uuid="a6f99c67-b1fb-3a2d-9aae-9d692d7555ac">
      <id>30533</id>
      <classname>org.openmrs.ConceptReferenceTerm</classname>
      <dateChanged id="355">2013-07-03 04:00:00</dateChanged>
      <retired>false</retired>
    </org.openmrs.module.metadatasharing.Item>
    <org.openmrs.module.metadatasharing.Item id="356" uuid="132453ABBBBBBBBBBBBBBBBBBBBBBBBBBBBB">
      <id>31199</id>
      <classname>org.openmrs.ConceptMap</classname>
      <dateChanged id="357">2010-07-26 22:15:37</dateChanged>
    </org.openmrs.module.metadatasharing.Item>
    <org.openmrs.module.metadatasharing.Item id="358" uuid="b0dcd71b-2ce5-3c88-8ea4-3480bde00858">
      <id>30534</id>
      <classname>org.openmrs.ConceptReferenceTerm</classname>
      <dateChanged id="359">2010-07-26 04:00:00</dateChanged>
      <retired>false</retired>
    </org.openmrs.module.metadatasharing.Item>
    <org.openmrs.module.metadatasharing.Item id="360" uuid="2ADDDDDDDDDDDDDDDDDDDDDDDDDDDDDDDDDD">
      <id>8</id>
      <classname>org.openmrs.ConceptSource</classname>
      <dateChanged id="361">2015-07-01 17:25:50</dateChanged>
      <retired>false</retired>
    </org.openmrs.module.metadatasharing.Item>
    <org.openmrs.module.metadatasharing.Item id="362" uuid="274393ABBBBBBBBBBBBBBBBBBBBBBBBBBBBB">
      <id>31201</id>
      <classname>org.openmrs.ConceptMap</classname>
      <dateChanged id="363">2013-10-01 20:20:32</dateChanged>
    </org.openmrs.module.metadatasharing.Item>
    <org.openmrs.module.metadatasharing.Item id="364" uuid="e37bb77c-1d8e-3a2a-82fb-1f201f6a1b9a">
      <id>30536</id>
      <classname>org.openmrs.ConceptReferenceTerm</classname>
      <dateChanged id="365">2013-10-01 04:00:00</dateChanged>
      <retired>false</retired>
    </org.openmrs.module.metadatasharing.Item>
    <org.openmrs.module.metadatasharing.Item id="366" uuid="25ADDDDDDDDDDDDDDDDDDDDDDDDDDDDDDDDD">
      <id>36</id>
      <classname>org.openmrs.ConceptSource</classname>
      <dateChanged id="367">2015-07-01 17:25:50</dateChanged>
      <retired>false</retired>
    </org.openmrs.module.metadatasharing.Item>
    <org.openmrs.module.metadatasharing.Item id="368" uuid="134475ABBBBBBBBBBBBBBBBBBBBBBBBBBBBB">
      <id>31202</id>
      <classname>org.openmrs.ConceptMap</classname>
      <dateChanged id="369">2010-10-24 17:09:59</dateChanged>
    </org.openmrs.module.metadatasharing.Item>
    <org.openmrs.module.metadatasharing.Item id="370" uuid="0919be2f-cc06-390a-a46e-3bec43d0af8b">
      <id>30537</id>
      <classname>org.openmrs.ConceptReferenceTerm</classname>
      <dateChanged id="371">2010-10-24 04:00:00</dateChanged>
      <retired>false</retired>
    </org.openmrs.module.metadatasharing.Item>
    <org.openmrs.module.metadatasharing.Item id="372" uuid="13ADDDDDDDDDDDDDDDDDDDDDDDDDDDDDDDDD">
      <id>10</id>
      <classname>org.openmrs.ConceptSource</classname>
      <dateChanged id="373">2015-07-01 17:25:50</dateChanged>
      <retired>false</retired>
    </org.openmrs.module.metadatasharing.Item>
    <org.openmrs.module.metadatasharing.Item id="374" uuid="b2094ba0-4864-102e-96e9-000c29c2a5d7">
      <id>783</id>
      <classname>org.openmrs.ConceptMap</classname>
      <dateChanged id="375">2012-06-21 16:49:52</dateChanged>
    </org.openmrs.module.metadatasharing.Item>
    <org.openmrs.module.metadatasharing.Item id="376" uuid="2df13b0f-15d6-3714-9eac-44040ea5716b">
      <id>783</id>
      <classname>org.openmrs.ConceptReferenceTerm</classname>
      <dateChanged id="377">2010-11-23 00:00:00</dateChanged>
      <retired>false</retired>
    </org.openmrs.module.metadatasharing.Item>
    <org.openmrs.module.metadatasharing.Item id="378" uuid="d829e696-a23f-4c68-8cb6-03e2cab602a1">
      <id>11869</id>
      <classname>org.openmrs.ConceptSet</classname>
      <dateChanged id="379">2021-07-23 21:16:06</dateChanged>
    </org.openmrs.module.metadatasharing.Item>
    <org.openmrs.module.metadatasharing.Item id="380" uuid="c3cd46de-21fb-475b-b76a-1c638b250378">
      <id>13632</id>
      <classname>org.openmrs.Concept</classname>
      <dateChanged id="381">2021-07-23 21:16:53</dateChanged>
      <retired>false</retired>
    </org.openmrs.module.metadatasharing.Item>
    <org.openmrs.module.metadatasharing.Item id="382" uuid="c329f9db-39b4-4e51-9926-ffd77125ff32">
      <id>46699</id>
      <classname>org.openmrs.ConceptName</classname>
      <dateChanged id="383">2021-07-23 21:16:53</dateChanged>
    </org.openmrs.module.metadatasharing.Item>
    <org.openmrs.module.metadatasharing.Item id="384" uuid="52a2fef9-796e-487e-94e4-06fa66034916">
      <id>12288</id>
      <classname>org.openmrs.ConceptAnswer</classname>
      <dateChanged id="385">2021-07-23 21:14:27</dateChanged>
    </org.openmrs.module.metadatasharing.Item>
    <org.openmrs.module.metadatasharing.Item id="386" uuid="166156AAAAAAAAAAAAAAAAAAAAAAAAAAAAAA">
      <id>13626</id>
      <classname>org.openmrs.Concept</classname>
      <dateChanged id="387">2021-07-23 20:17:36</dateChanged>
      <retired>false</retired>
    </org.openmrs.module.metadatasharing.Item>
    <org.openmrs.module.metadatasharing.Item id="388" uuid="62bf590e-926c-46bd-bb9f-6433dc94fc25">
      <id>46687</id>
      <classname>org.openmrs.ConceptName</classname>
      <dateChanged id="389">2021-07-23 20:17:36</dateChanged>
    </org.openmrs.module.metadatasharing.Item>
    <org.openmrs.module.metadatasharing.Item id="390" uuid="3bc2626a-96cc-42c0-b445-93e7d45975fd">
      <id>46688</id>
      <classname>org.openmrs.ConceptName</classname>
      <dateChanged id="391">2021-07-23 20:17:36</dateChanged>
    </org.openmrs.module.metadatasharing.Item>
    <org.openmrs.module.metadatasharing.Item id="392" uuid="528ae379-dd58-48bb-be88-e323507385e7">
      <id>46689</id>
      <classname>org.openmrs.ConceptName</classname>
      <dateChanged id="393">2021-07-23 20:17:36</dateChanged>
    </org.openmrs.module.metadatasharing.Item>
    <org.openmrs.module.metadatasharing.Item id="394" uuid="d8a17466-939b-4db9-9667-95f3bebc44ff">
      <id>36759</id>
      <classname>org.openmrs.ConceptMap</classname>
      <dateChanged id="395">2021-07-23 20:17:36</dateChanged>
    </org.openmrs.module.metadatasharing.Item>
    <org.openmrs.module.metadatasharing.Item id="396" uuid="b5dc5983-5081-4ba2-9ce0-845eb0c0e791">
      <id>35004</id>
      <classname>org.openmrs.ConceptReferenceTerm</classname>
      <dateChanged id="397">2021-07-23 20:10:33</dateChanged>
      <retired>false</retired>
    </org.openmrs.module.metadatasharing.Item>
    <org.openmrs.module.metadatasharing.Item id="398" uuid="f362f663-e690-4560-a875-4fbc643e6256">
      <id>36760</id>
      <classname>org.openmrs.ConceptMap</classname>
      <dateChanged id="399">2021-07-23 20:17:36</dateChanged>
    </org.openmrs.module.metadatasharing.Item>
    <org.openmrs.module.metadatasharing.Item id="400" uuid="8b22c4a8-2eb8-4a07-b6ff-4ffdd4dd9caa">
      <id>35010</id>
      <classname>org.openmrs.ConceptReferenceTerm</classname>
      <dateChanged id="401">2021-07-23 20:15:47</dateChanged>
      <retired>false</retired>
    </org.openmrs.module.metadatasharing.Item>
    <org.openmrs.module.metadatasharing.Item id="402" uuid="61c5c7d0-3629-4406-83e3-9682b576f0ee">
      <id>36761</id>
      <classname>org.openmrs.ConceptMap</classname>
      <dateChanged id="403">2021-07-23 20:17:36</dateChanged>
    </org.openmrs.module.metadatasharing.Item>
    <org.openmrs.module.metadatasharing.Item id="404" uuid="ac60eb5e-6ddb-4978-a2fc-c5d4906df83e">
      <id>35009</id>
      <classname>org.openmrs.ConceptReferenceTerm</classname>
      <dateChanged id="405">2021-07-23 20:15:11</dateChanged>
      <retired>false</retired>
    </org.openmrs.module.metadatasharing.Item>
    <org.openmrs.module.metadatasharing.Item id="406" uuid="fda9e694-f425-46a5-951c-8391702768cf">
      <id>36762</id>
      <classname>org.openmrs.ConceptMap</classname>
      <dateChanged id="407">2021-07-23 20:17:36</dateChanged>
    </org.openmrs.module.metadatasharing.Item>
    <org.openmrs.module.metadatasharing.Item id="408" uuid="9a44bfdd-374f-469b-a510-0567ca6c65be">
      <id>35011</id>
      <classname>org.openmrs.ConceptReferenceTerm</classname>
      <dateChanged id="409">2021-07-23 20:16:25</dateChanged>
      <retired>false</retired>
    </org.openmrs.module.metadatasharing.Item>
    <org.openmrs.module.metadatasharing.Item id="410" uuid="860b566d-beb2-4d2f-875b-d67a7e8d9bdf">
      <id>36763</id>
      <classname>org.openmrs.ConceptMap</classname>
      <dateChanged id="411">2021-07-23 20:17:36</dateChanged>
    </org.openmrs.module.metadatasharing.Item>
    <org.openmrs.module.metadatasharing.Item id="412" uuid="fdc5b34f-7b73-4f21-96e1-e1b2c125666c">
      <id>35006</id>
      <classname>org.openmrs.ConceptReferenceTerm</classname>
      <dateChanged id="413">2021-07-23 20:11:00</dateChanged>
      <retired>false</retired>
    </org.openmrs.module.metadatasharing.Item>
    <org.openmrs.module.metadatasharing.Item id="414" uuid="39ADDDDDDDDDDDDDDDDDDDDDDDDDDDDDDDDD">
      <id>72</id>
      <classname>org.openmrs.ConceptSource</classname>
      <dateChanged id="415">2020-04-13 15:02:30</dateChanged>
      <retired>false</retired>
    </org.openmrs.module.metadatasharing.Item>
    <org.openmrs.module.metadatasharing.Item id="416" uuid="4575aa65-1609-47a7-a938-9438be3b2ca0">
      <id>12287</id>
      <classname>org.openmrs.ConceptAnswer</classname>
      <dateChanged id="417">2021-07-23 21:14:27</dateChanged>
    </org.openmrs.module.metadatasharing.Item>
    <org.openmrs.module.metadatasharing.Item id="418" uuid="166355AAAAAAAAAAAAAAAAAAAAAAAAAAAAAA">
      <id>13625</id>
      <classname>org.openmrs.Concept</classname>
      <dateChanged id="419">2021-07-23 20:13:21</dateChanged>
      <retired>false</retired>
    </org.openmrs.module.metadatasharing.Item>
    <org.openmrs.module.metadatasharing.Item id="420" uuid="a57095e1-13ed-4444-aa91-bcb77c10b2a5">
      <id>46685</id>
      <classname>org.openmrs.ConceptName</classname>
      <dateChanged id="421">2021-07-23 20:13:21</dateChanged>
    </org.openmrs.module.metadatasharing.Item>
    <org.openmrs.module.metadatasharing.Item id="422" uuid="ca142955-7ccd-4952-892d-870b5dec5702">
      <id>46686</id>
      <classname>org.openmrs.ConceptName</classname>
      <dateChanged id="423">2021-07-23 20:13:21</dateChanged>
    </org.openmrs.module.metadatasharing.Item>
    <org.openmrs.module.metadatasharing.Item id="424" uuid="3dc5dea9-4ce2-4bc6-b142-5c3c0435045d">
      <id>36754</id>
      <classname>org.openmrs.ConceptMap</classname>
      <dateChanged id="425">2021-07-23 20:13:21</dateChanged>
    </org.openmrs.module.metadatasharing.Item>
    <org.openmrs.module.metadatasharing.Item id="426" uuid="64a53ace-d053-4701-ab5e-5e67831107cd">
      <id>35005</id>
      <classname>org.openmrs.ConceptReferenceTerm</classname>
      <dateChanged id="427">2021-07-23 20:10:43</dateChanged>
      <retired>false</retired>
    </org.openmrs.module.metadatasharing.Item>
    <org.openmrs.module.metadatasharing.Item id="428" uuid="d5deb42d-4d9b-4010-9049-8d86f21c0ea6">
      <id>36755</id>
      <classname>org.openmrs.ConceptMap</classname>
      <dateChanged id="429">2021-07-23 20:13:21</dateChanged>
    </org.openmrs.module.metadatasharing.Item>
    <org.openmrs.module.metadatasharing.Item id="430" uuid="175a43e7-f0b9-46a1-9988-7a0f20d1d405">
      <id>36756</id>
      <classname>org.openmrs.ConceptMap</classname>
      <dateChanged id="431">2021-07-23 20:13:21</dateChanged>
    </org.openmrs.module.metadatasharing.Item>
    <org.openmrs.module.metadatasharing.Item id="432" uuid="3fa17c4a-0722-4c83-ab8a-92bf589021ba">
      <id>35008</id>
      <classname>org.openmrs.ConceptReferenceTerm</classname>
      <dateChanged id="433">2021-07-23 20:11:33</dateChanged>
      <retired>false</retired>
    </org.openmrs.module.metadatasharing.Item>
    <org.openmrs.module.metadatasharing.Item id="434" uuid="790e1640-64f1-4509-a83d-8f709344042c">
      <id>36757</id>
      <classname>org.openmrs.ConceptMap</classname>
      <dateChanged id="435">2021-07-23 20:13:21</dateChanged>
    </org.openmrs.module.metadatasharing.Item>
    <org.openmrs.module.metadatasharing.Item id="436" uuid="a05b110c-3cce-4d2b-9f7b-9953b5259156">
      <id>35007</id>
      <classname>org.openmrs.ConceptReferenceTerm</classname>
      <dateChanged id="437">2021-07-23 20:11:15</dateChanged>
      <retired>false</retired>
    </org.openmrs.module.metadatasharing.Item>
    <org.openmrs.module.metadatasharing.Item id="438" uuid="04f75683-f391-4dc0-8379-b077116116d0">
      <id>36758</id>
      <classname>org.openmrs.ConceptMap</classname>
      <dateChanged id="439">2021-07-23 20:13:21</dateChanged>
    </org.openmrs.module.metadatasharing.Item>
    <org.openmrs.module.metadatasharing.Item id="440" uuid="26d73b1a-f01c-44c1-b4ac-7eec9df08fb9">
      <id>12285</id>
      <classname>org.openmrs.ConceptAnswer</classname>
      <dateChanged id="441">2021-07-23 21:14:27</dateChanged>
    </org.openmrs.module.metadatasharing.Item>
    <org.openmrs.module.metadatasharing.Item id="442" uuid="166154AAAAAAAAAAAAAAAAAAAAAAAAAAAAAA">
      <id>13624</id>
      <classname>org.openmrs.Concept</classname>
      <dateChanged id="443">2021-07-23 20:08:44</dateChanged>
      <retired>false</retired>
    </org.openmrs.module.metadatasharing.Item>
    <org.openmrs.module.metadatasharing.Item id="444" uuid="05bf89cc-80bd-4efd-ab75-6dc8b1417c58">
      <id>46684</id>
      <classname>org.openmrs.ConceptName</classname>
      <dateChanged id="445">2021-07-23 20:07:31</dateChanged>
    </org.openmrs.module.metadatasharing.Item>
    <org.openmrs.module.metadatasharing.Item id="446" uuid="9ec5d7bb-35c8-4978-9650-76abba83a8c8">
      <id>36748</id>
      <classname>org.openmrs.ConceptMap</classname>
      <dateChanged id="447">2021-07-23 20:07:31</dateChanged>
    </org.openmrs.module.metadatasharing.Item>
    <org.openmrs.module.metadatasharing.Item id="448" uuid="2ca1b86b-c2e7-4c36-bf2d-989f774c0686">
      <id>34999</id>
      <classname>org.openmrs.ConceptReferenceTerm</classname>
      <dateChanged id="449">2021-07-23 20:04:08</dateChanged>
      <retired>false</retired>
    </org.openmrs.module.metadatasharing.Item>
    <org.openmrs.module.metadatasharing.Item id="450" uuid="7d6d2880-91d6-4b21-a840-6ab249fd492a">
      <id>36749</id>
      <classname>org.openmrs.ConceptMap</classname>
      <dateChanged id="451">2021-07-23 20:07:31</dateChanged>
    </org.openmrs.module.metadatasharing.Item>
    <org.openmrs.module.metadatasharing.Item id="452" uuid="1041fc72-410e-48ae-9e08-d9366f5c5f78">
      <id>35000</id>
      <classname>org.openmrs.ConceptReferenceTerm</classname>
      <dateChanged id="453">2021-07-23 20:04:36</dateChanged>
      <retired>false</retired>
    </org.openmrs.module.metadatasharing.Item>
    <org.openmrs.module.metadatasharing.Item id="454" uuid="e2d71566-36d3-48fe-9739-ee80efbdcb7e">
      <id>36750</id>
      <classname>org.openmrs.ConceptMap</classname>
      <dateChanged id="455">2021-07-23 20:07:31</dateChanged>
    </org.openmrs.module.metadatasharing.Item>
    <org.openmrs.module.metadatasharing.Item id="456" uuid="759bad38-26e8-4ee5-9a4f-994c4db867f7">
      <id>35002</id>
      <classname>org.openmrs.ConceptReferenceTerm</classname>
      <dateChanged id="457">2021-07-23 20:05:06</dateChanged>
      <retired>false</retired>
    </org.openmrs.module.metadatasharing.Item>
    <org.openmrs.module.metadatasharing.Item id="458" uuid="6f99b91a-2c29-4c64-84c9-ec7cb2012daf">
      <id>36752</id>
      <classname>org.openmrs.ConceptMap</classname>
      <dateChanged id="459">2021-07-23 20:07:31</dateChanged>
    </org.openmrs.module.metadatasharing.Item>
    <org.openmrs.module.metadatasharing.Item id="460" uuid="3cafa824-236a-4494-8457-3106854de839">
      <id>35001</id>
      <classname>org.openmrs.ConceptReferenceTerm</classname>
      <dateChanged id="461">2021-07-23 20:04:49</dateChanged>
      <retired>false</retired>
    </org.openmrs.module.metadatasharing.Item>
    <org.openmrs.module.metadatasharing.Item id="462" uuid="6ac0f87f-7f5a-4c9c-b146-0db2a014e72c">
      <id>36753</id>
      <classname>org.openmrs.ConceptMap</classname>
      <dateChanged id="463">2021-07-23 20:08:44</dateChanged>
    </org.openmrs.module.metadatasharing.Item>
    <org.openmrs.module.metadatasharing.Item id="464" uuid="0c021a85-01f0-4b45-9d6a-d3042c5b64c0">
      <id>35003</id>
      <classname>org.openmrs.ConceptReferenceTerm</classname>
      <dateChanged id="465">2021-07-23 20:08:28</dateChanged>
      <retired>false</retired>
    </org.openmrs.module.metadatasharing.Item>
    <org.openmrs.module.metadatasharing.Item id="466" uuid="06d620f9-46a1-48ce-9ead-f5028f8fb32f">
      <id>12289</id>
      <classname>org.openmrs.ConceptAnswer</classname>
      <dateChanged id="467">2021-07-23 21:14:27</dateChanged>
    </org.openmrs.module.metadatasharing.Item>
    <org.openmrs.module.metadatasharing.Item id="468" uuid="166155AAAAAAAAAAAAAAAAAAAAAAAAAAAAAA">
      <id>13627</id>
      <classname>org.openmrs.Concept</classname>
      <dateChanged id="469">2021-07-23 20:22:04</dateChanged>
      <retired>false</retired>
    </org.openmrs.module.metadatasharing.Item>
    <org.openmrs.module.metadatasharing.Item id="470" uuid="04eb3fda-20b9-410f-9bc5-a9b926c107f8">
      <id>46690</id>
      <classname>org.openmrs.ConceptName</classname>
      <dateChanged id="471">2021-07-23 20:22:04</dateChanged>
    </org.openmrs.module.metadatasharing.Item>
    <org.openmrs.module.metadatasharing.Item id="472" uuid="4acb0157-c6e5-4836-b851-f8963bb69317">
      <id>36764</id>
      <classname>org.openmrs.ConceptMap</classname>
      <dateChanged id="473">2021-07-23 20:22:04</dateChanged>
    </org.openmrs.module.metadatasharing.Item>
    <org.openmrs.module.metadatasharing.Item id="474" uuid="badd97f3-7439-4321-b16d-9246d2433569">
      <id>36765</id>
      <classname>org.openmrs.ConceptMap</classname>
      <dateChanged id="475">2021-07-23 20:22:04</dateChanged>
    </org.openmrs.module.metadatasharing.Item>
    <org.openmrs.module.metadatasharing.Item id="476" uuid="398e13f9-943a-450a-a3d8-1adf9c11edd0">
      <id>35012</id>
      <classname>org.openmrs.ConceptReferenceTerm</classname>
      <dateChanged id="477">2021-07-23 20:20:10</dateChanged>
      <retired>false</retired>
    </org.openmrs.module.metadatasharing.Item>
    <org.openmrs.module.metadatasharing.Item id="478" uuid="a8c1b5e4-f41d-42ac-a43b-f556ea52d8fc">
      <id>36766</id>
      <classname>org.openmrs.ConceptMap</classname>
      <dateChanged id="479">2021-07-23 20:22:04</dateChanged>
    </org.openmrs.module.metadatasharing.Item>
    <org.openmrs.module.metadatasharing.Item id="480" uuid="e94749f5-32ba-487a-8450-58637eff4907">
      <id>35014</id>
      <classname>org.openmrs.ConceptReferenceTerm</classname>
      <dateChanged id="481">2021-07-23 20:20:37</dateChanged>
      <retired>false</retired>
    </org.openmrs.module.metadatasharing.Item>
    <org.openmrs.module.metadatasharing.Item id="482" uuid="af4b3e55-b989-4857-9612-8b26056fa98f">
      <id>36767</id>
      <classname>org.openmrs.ConceptMap</classname>
      <dateChanged id="483">2021-07-23 20:22:04</dateChanged>
    </org.openmrs.module.metadatasharing.Item>
    <org.openmrs.module.metadatasharing.Item id="484" uuid="eeae63d8-fc5d-43e1-b7eb-3bd63eba408b">
      <id>36768</id>
      <classname>org.openmrs.ConceptMap</classname>
      <dateChanged id="485">2021-07-23 20:22:04</dateChanged>
    </org.openmrs.module.metadatasharing.Item>
    <org.openmrs.module.metadatasharing.Item id="486" uuid="5920487c-3a1d-477f-8d38-9fa51420374a">
      <id>35013</id>
      <classname>org.openmrs.ConceptReferenceTerm</classname>
      <dateChanged id="487">2021-07-23 20:20:26</dateChanged>
      <retired>false</retired>
    </org.openmrs.module.metadatasharing.Item>
    <org.openmrs.module.metadatasharing.Item id="488" uuid="edff3426-1150-4a12-ad57-747206000b8c">
      <id>12286</id>
      <classname>org.openmrs.ConceptAnswer</classname>
      <dateChanged id="489">2021-07-23 21:14:27</dateChanged>
    </org.openmrs.module.metadatasharing.Item>
    <org.openmrs.module.metadatasharing.Item id="490" uuid="166379AAAAAAAAAAAAAAAAAAAAAAAAAAAAAA">
      <id>13628</id>
      <classname>org.openmrs.Concept</classname>
      <dateChanged id="491">2021-07-23 20:25:03</dateChanged>
      <retired>false</retired>
    </org.openmrs.module.metadatasharing.Item>
    <org.openmrs.module.metadatasharing.Item id="492" uuid="2df461e7-f727-48ca-8ca5-5013e64b32ee">
      <id>46691</id>
      <classname>org.openmrs.ConceptName</classname>
      <dateChanged id="493">2021-07-23 20:25:03</dateChanged>
    </org.openmrs.module.metadatasharing.Item>
    <org.openmrs.module.metadatasharing.Item id="494" uuid="b05df993-afc9-496c-ad72-60873b043a56">
      <id>36769</id>
      <classname>org.openmrs.ConceptMap</classname>
      <dateChanged id="495">2021-07-23 20:25:03</dateChanged>
    </org.openmrs.module.metadatasharing.Item>
    <org.openmrs.module.metadatasharing.Item id="496" uuid="dbad673c-d139-4398-aaab-89f31dd4434f">
      <id>35016</id>
      <classname>org.openmrs.ConceptReferenceTerm</classname>
      <dateChanged id="497">2021-07-23 20:24:36</dateChanged>
      <retired>false</retired>
    </org.openmrs.module.metadatasharing.Item>
    <org.openmrs.module.metadatasharing.Item id="498" uuid="611c3880-3d08-417d-84fe-8ed054f24c34">
      <id>36770</id>
      <classname>org.openmrs.ConceptMap</classname>
      <dateChanged id="499">2021-07-23 20:25:03</dateChanged>
    </org.openmrs.module.metadatasharing.Item>
    <org.openmrs.module.metadatasharing.Item id="500" uuid="3c69892e-a3a5-4487-a3ef-1584bf8ac0f3">
      <id>35015</id>
      <classname>org.openmrs.ConceptReferenceTerm</classname>
      <dateChanged id="501">2021-07-23 20:24:17</dateChanged>
      <retired>false</retired>
    </org.openmrs.module.metadatasharing.Item>
    <org.openmrs.module.metadatasharing.Item id="502" uuid="7a7bd127-3cef-46e0-87a4-4da2313b3afb">
      <id>36771</id>
      <classname>org.openmrs.ConceptMap</classname>
      <dateChanged id="503">2021-07-23 20:25:03</dateChanged>
    </org.openmrs.module.metadatasharing.Item>
    <org.openmrs.module.metadatasharing.Item id="504" uuid="f9a2a582-9dcd-4719-90f6-7d781aedb26e">
      <id>36780</id>
      <classname>org.openmrs.ConceptMap</classname>
      <dateChanged id="505">2021-07-23 21:15:08</dateChanged>
    </org.openmrs.module.metadatasharing.Item>
    <org.openmrs.module.metadatasharing.Item id="506" uuid="37075f42-2d25-4c1b-8fc1-19a449250252">
      <id>35026</id>
      <classname>org.openmrs.ConceptReferenceTerm</classname>
      <dateChanged id="507">2021-07-23 21:14:50</dateChanged>
      <retired>false</retired>
    </org.openmrs.module.metadatasharing.Item>
    <org.openmrs.module.metadatasharing.Item id="508" uuid="e7884747-9339-4602-85cc-081b35f5538f">
      <id>36774</id>
      <classname>org.openmrs.ConceptMap</classname>
      <dateChanged id="509">2021-07-23 21:01:07</dateChanged>
    </org.openmrs.module.metadatasharing.Item>
    <org.openmrs.module.metadatasharing.Item id="510" uuid="d1e0966b-b8b8-474c-b907-f66c8ffe9759">
      <id>35019</id>
      <classname>org.openmrs.ConceptReferenceTerm</classname>
      <dateChanged id="511">2021-07-23 21:00:54</dateChanged>
      <retired>false</retired>
    </org.openmrs.module.metadatasharing.Item>
  </relatedItems>
</package>
