<?xml version="1.0" encoding="UTF-8"?>
<package id="1" uuid="c35a6354-b381-4a13-aff2-abcdadbfa605">
  <dateCreated id="2">2023-11-07 23:44:02</dateCreated>
  <name>Ebola</name>
  <description>Concepts for ebola patients</description>
  <openmrsVersion>2.3.3  Build a4f37e</openmrsVersion>
  <version>1</version>
  <groupUuid>e76808bf-4c51-4ddd-8b5e-a3eadbe94a3a</groupUuid>
  <subscriptionUrl>https://concepts.pih-emr.org/openmrs/ws/rest/metadatasharing/package/e76808bf-4c51-4ddd-8b5e-a3eadbe94a3a/latest</subscriptionUrl>
  <modules id="3">
    <entry>
      <string>webservices.rest</string>
      <string>2.29.0.b675eb</string>
    </entry>
    <entry>
      <string>legacyui</string>
      <string>1.8.3</string>
    </entry>
    <entry>
      <string>groovy</string>
      <string>2.3.0-SNAPSHOT</string>
    </entry>
    <entry>
      <string>fhir</string>
      <string>1.20.0</string>
    </entry>
    <entry>
      <string>metadatasharing</string>
      <string>1.8.0</string>
    </entry>
    <entry>
      <string>owa</string>
      <string>1.12.0</string>
    </entry>
    <entry>
      <string>uiframework</string>
      <string>3.21.0</string>
    </entry>
    <entry>
      <string>metadatamapping</string>
      <string>1.4.0</string>
    </entry>
    <entry>
      <string>metadatatools</string>
      <string>1.0-SNAPSHOT</string>
    </entry>
    <entry>
      <string>uilibrary</string>
      <string>2.0.6</string>
    </entry>
    <entry>
      <string>validation</string>
      <string>1.0.1</string>
    </entry>
  </modules>
  <items class="linked-hash-set" id="4">
    <org.openmrs.module.metadatasharing.Item id="5" uuid="3cde378a-26fe-102b-80cb-0017a47871b2">
      <id>1785</id>
      <classname>org.openmrs.Concept</classname>
      <dateChanged id="6">2023-11-07 23:43:11</dateChanged>
      <retired>false</retired>
    </org.openmrs.module.metadatasharing.Item>
  </items>
  <relatedItems class="linked-hash-set" id="7">
    <org.openmrs.module.metadatasharing.Item id="8" uuid="8d4a4c94-c2cc-11de-8d13-0010c6dffd0f">
      <id>4</id>
      <classname>org.openmrs.ConceptDatatype</classname>
      <dateChanged id="9">2004-02-02 05:00:00</dateChanged>
      <retired>false</retired>
    </org.openmrs.module.metadatasharing.Item>
    <org.openmrs.module.metadatasharing.Item id="10" uuid="8d492594-c2cc-11de-8d13-0010c6dffd0f">
      <id>10</id>
      <classname>org.openmrs.ConceptClass</classname>
      <dateChanged id="11">2015-07-01 17:25:50</dateChanged>
      <retired>false</retired>
    </org.openmrs.module.metadatasharing.Item>
    <org.openmrs.module.metadatasharing.Item id="12" uuid="3e1e6782-26fe-102b-80cb-0017a47871b2">
      <id>1946</id>
      <classname>org.openmrs.ConceptName</classname>
      <dateChanged id="13">2023-11-07 23:43:11</dateChanged>
    </org.openmrs.module.metadatasharing.Item>
    <org.openmrs.module.metadatasharing.Item id="14" uuid="93f84aee-07d4-102c-b5fa-0017a47871b2">
      <id>6964</id>
      <classname>org.openmrs.ConceptName</classname>
      <dateChanged id="15">2023-11-07 23:43:11</dateChanged>
    </org.openmrs.module.metadatasharing.Item>
    <org.openmrs.module.metadatasharing.Item id="16" uuid="94b8c274-07d4-102c-b5fa-0017a47871b2">
      <id>7368</id>
      <classname>org.openmrs.ConceptName</classname>
      <dateChanged id="17">2023-11-07 23:43:11</dateChanged>
    </org.openmrs.module.metadatasharing.Item>
    <org.openmrs.module.metadatasharing.Item id="18" uuid="a21b3da2-9524-4069-a90d-b867b1e9eabe">
      <id>51126</id>
      <classname>org.openmrs.ConceptName</classname>
      <dateChanged id="19">2023-11-07 23:43:11</dateChanged>
    </org.openmrs.module.metadatasharing.Item>
    <org.openmrs.module.metadatasharing.Item id="20" uuid="f6413d24-d5db-102d-ad2a-000c29c2a5d7">
      <id>11284</id>
      <classname>org.openmrs.ConceptName</classname>
      <dateChanged id="21">2023-11-07 23:43:11</dateChanged>
    </org.openmrs.module.metadatasharing.Item>
    <org.openmrs.module.metadatasharing.Item id="22" uuid="9432e8ac-98cd-4637-8f83-9cbb19fb8dc0">
      <id>13824</id>
      <classname>org.openmrs.ConceptSet</classname>
      <dateChanged id="23">2023-11-07 23:43:11</dateChanged>
    </org.openmrs.module.metadatasharing.Item>
    <org.openmrs.module.metadatasharing.Item id="24" uuid="a25c557d-fe86-415c-befe-a2b3713a59e8">
      <id>11952</id>
      <classname>org.openmrs.Concept</classname>
      <dateChanged id="25">2019-02-08 22:22:04</dateChanged>
      <retired>false</retired>
    </org.openmrs.module.metadatasharing.Item>
    <org.openmrs.module.metadatasharing.Item id="26" uuid="8d4a48b6-c2cc-11de-8d13-0010c6dffd0f">
      <id>2</id>
      <classname>org.openmrs.ConceptDatatype</classname>
      <dateChanged id="27">2004-02-02 05:00:00</dateChanged>
      <retired>false</retired>
    </org.openmrs.module.metadatasharing.Item>
    <org.openmrs.module.metadatasharing.Item id="28" uuid="8d491e50-c2cc-11de-8d13-0010c6dffd0f">
      <id>7</id>
      <classname>org.openmrs.ConceptClass</classname>
      <dateChanged id="29">2015-07-01 17:25:50</dateChanged>
      <retired>false</retired>
    </org.openmrs.module.metadatasharing.Item>
    <org.openmrs.module.metadatasharing.Item id="30" uuid="43cbc6d9-0642-43af-950c-8de6faf707da">
      <id>38080</id>
      <classname>org.openmrs.ConceptName</classname>
      <dateChanged id="31">2019-02-08 22:21:15</dateChanged>
    </org.openmrs.module.metadatasharing.Item>
    <org.openmrs.module.metadatasharing.Item id="32" uuid="0975b5d7-0987-4285-9647-7fc70194f1ae">
      <id>10668</id>
      <classname>org.openmrs.ConceptAnswer</classname>
      <dateChanged id="33">2019-02-08 22:21:15</dateChanged>
    </org.openmrs.module.metadatasharing.Item>
    <org.openmrs.module.metadatasharing.Item id="34" uuid="3cd6f600-26fe-102b-80cb-0017a47871b2">
      <id>1065</id>
      <classname>org.openmrs.Concept</classname>
      <dateChanged id="35">2023-06-08 17:27:09</dateChanged>
      <retired>false</retired>
    </org.openmrs.module.metadatasharing.Item>
    <org.openmrs.module.metadatasharing.Item id="36" uuid="8d492774-c2cc-11de-8d13-0010c6dffd0f">
      <id>11</id>
      <classname>org.openmrs.ConceptClass</classname>
      <dateChanged id="37">2015-07-01 17:25:50</dateChanged>
      <retired>false</retired>
    </org.openmrs.module.metadatasharing.Item>
    <org.openmrs.module.metadatasharing.Item id="38" uuid="127332BBBBBBBBBBBBBBBBBBBBBBBBBBBBBB">
      <id>29699</id>
      <classname>org.openmrs.ConceptName</classname>
      <dateChanged id="39">2015-04-24 21:17:40</dateChanged>
    </org.openmrs.module.metadatasharing.Item>
    <org.openmrs.module.metadatasharing.Item id="40" uuid="126316BBBBBBBBBBBBBBBBBBBBBBBBBBBBBB">
      <id>29696</id>
      <classname>org.openmrs.ConceptName</classname>
      <dateChanged id="41">2014-10-07 22:39:17</dateChanged>
    </org.openmrs.module.metadatasharing.Item>
    <org.openmrs.module.metadatasharing.Item id="42" uuid="106307BBBBBBBBBBBBBBBBBBBBBBBBBBBBBB">
      <id>29693</id>
      <classname>org.openmrs.ConceptName</classname>
      <dateChanged id="43">2010-06-21 23:11:26</dateChanged>
    </org.openmrs.module.metadatasharing.Item>
    <org.openmrs.module.metadatasharing.Item id="44" uuid="126313BBBBBBBBBBBBBBBBBBBBBBBBBBBBBB">
      <id>29692</id>
      <classname>org.openmrs.ConceptName</classname>
      <dateChanged id="45">2014-10-07 22:36:00</dateChanged>
    </org.openmrs.module.metadatasharing.Item>
    <org.openmrs.module.metadatasharing.Item id="46" uuid="3e15161e-26fe-102b-80cb-0017a47871b2">
      <id>1102</id>
      <classname>org.openmrs.ConceptName</classname>
      <dateChanged id="47">2015-04-22 14:28:44</dateChanged>
    </org.openmrs.module.metadatasharing.Item>
    <org.openmrs.module.metadatasharing.Item id="48" uuid="137332BBBBBBBBBBBBBBBBBBBBBBBBBBBBBB">
      <id>32263</id>
      <classname>org.openmrs.ConceptName</classname>
      <dateChanged id="49">2016-07-10 05:47:58</dateChanged>
    </org.openmrs.module.metadatasharing.Item>
    <org.openmrs.module.metadatasharing.Item id="50" uuid="126317BBBBBBBBBBBBBBBBBBBBBBBBBBBBBB">
      <id>29698</id>
      <classname>org.openmrs.ConceptName</classname>
      <dateChanged id="51">2014-10-07 22:39:17</dateChanged>
    </org.openmrs.module.metadatasharing.Item>
    <org.openmrs.module.metadatasharing.Item id="52" uuid="108333BBBBBBBBBBBBBBBBBBBBBBBBBBBBBB">
      <id>29700</id>
      <classname>org.openmrs.ConceptName</classname>
      <dateChanged id="53">2012-03-04 23:58:29</dateChanged>
    </org.openmrs.module.metadatasharing.Item>
    <org.openmrs.module.metadatasharing.Item id="54" uuid="126314BBBBBBBBBBBBBBBBBBBBBBBBBBBBBB">
      <id>29695</id>
      <classname>org.openmrs.ConceptName</classname>
      <dateChanged id="55">2014-10-07 22:39:17</dateChanged>
    </org.openmrs.module.metadatasharing.Item>
    <org.openmrs.module.metadatasharing.Item id="56" uuid="111198BBBBBBBBBBBBBBBBBBBBBBBBBBBBBB">
      <id>29697</id>
      <classname>org.openmrs.ConceptName</classname>
      <dateChanged id="57">2013-01-27 06:41:22</dateChanged>
    </org.openmrs.module.metadatasharing.Item>
    <org.openmrs.module.metadatasharing.Item id="58" uuid="0b931af0-15f5-102d-96e4-000c29c2a5d7">
      <id>9147</id>
      <classname>org.openmrs.ConceptName</classname>
      <dateChanged id="59">2015-04-22 14:28:44</dateChanged>
    </org.openmrs.module.metadatasharing.Item>
    <org.openmrs.module.metadatasharing.Item id="60" uuid="126315BBBBBBBBBBBBBBBBBBBBBBBBBBBBBB">
      <id>29691</id>
      <classname>org.openmrs.ConceptName</classname>
      <dateChanged id="61">2014-10-07 22:39:17</dateChanged>
    </org.openmrs.module.metadatasharing.Item>
    <org.openmrs.module.metadatasharing.Item id="62" uuid="126318BBBBBBBBBBBBBBBBBBBBBBBBBBBBBB">
      <id>29689</id>
      <classname>org.openmrs.ConceptName</classname>
      <dateChanged id="63">2014-10-07 22:39:17</dateChanged>
    </org.openmrs.module.metadatasharing.Item>
    <org.openmrs.module.metadatasharing.Item id="64" uuid="139802BBBBBBBBBBBBBBBBBBBBBBBBBBBBBB">
      <id>32264</id>
      <classname>org.openmrs.ConceptName</classname>
      <dateChanged id="65">2016-08-16 11:47:47</dateChanged>
    </org.openmrs.module.metadatasharing.Item>
    <org.openmrs.module.metadatasharing.Item id="66" uuid="541f1720-0abe-49dd-b4f6-7de87ce05917">
      <id>17941</id>
      <classname>org.openmrs.ConceptName</classname>
      <dateChanged id="67">2015-04-22 14:28:44</dateChanged>
    </org.openmrs.module.metadatasharing.Item>
    <org.openmrs.module.metadatasharing.Item id="68" uuid="126319BBBBBBBBBBBBBBBBBBBBBBBBBBBBBB">
      <id>29694</id>
      <classname>org.openmrs.ConceptName</classname>
      <dateChanged id="69">2014-10-07 22:39:17</dateChanged>
    </org.openmrs.module.metadatasharing.Item>
    <org.openmrs.module.metadatasharing.Item id="70" uuid="106919BBBBBBBBBBBBBBBBBBBBBBBBBBBBBB">
      <id>29690</id>
      <classname>org.openmrs.ConceptName</classname>
      <dateChanged id="71">2010-10-24 20:04:37</dateChanged>
    </org.openmrs.module.metadatasharing.Item>
    <org.openmrs.module.metadatasharing.Item id="72" uuid="ece437ba-07fe-102c-b5fa-0017a47871b2">
      <id>1076</id>
      <classname>org.openmrs.ConceptDescription</classname>
      <dateChanged id="73">2015-04-22 14:28:44</dateChanged>
    </org.openmrs.module.metadatasharing.Item>
    <org.openmrs.module.metadatasharing.Item id="74" uuid="1068FFFFFFFFFFFFFFFFFFFFFFFFFFFFFFFF">
      <id>6865</id>
      <classname>org.openmrs.ConceptDescription</classname>
      <dateChanged id="75">2015-04-24 21:17:40</dateChanged>
    </org.openmrs.module.metadatasharing.Item>
    <org.openmrs.module.metadatasharing.Item id="76" uuid="18158FFFFFFFFFFFFFFFFFFFFFFFFFFFFFFF">
      <id>7125</id>
      <classname>org.openmrs.ConceptDescription</classname>
      <dateChanged id="77">2016-08-16 11:47:47</dateChanged>
    </org.openmrs.module.metadatasharing.Item>
    <org.openmrs.module.metadatasharing.Item id="78" uuid="b20d114a-4864-102e-96e9-000c29c2a5d7">
      <id>1067</id>
      <classname>org.openmrs.ConceptMap</classname>
      <dateChanged id="79">2015-04-22 14:28:44</dateChanged>
    </org.openmrs.module.metadatasharing.Item>
    <org.openmrs.module.metadatasharing.Item id="80" uuid="35543629-7d8c-11e1-909d-c80aa9edcf4e">
      <id>1</id>
      <classname>org.openmrs.ConceptMapType</classname>
      <dateChanged id="81">2021-10-01 23:36:39</dateChanged>
      <retired>false</retired>
    </org.openmrs.module.metadatasharing.Item>
    <org.openmrs.module.metadatasharing.Item id="82" uuid="bbb5c16f-f127-32a4-97d5-7d7bed12bfd4">
      <id>1067</id>
      <classname>org.openmrs.ConceptReferenceTerm</classname>
      <dateChanged id="83">2010-11-23 00:00:00</dateChanged>
      <retired>false</retired>
    </org.openmrs.module.metadatasharing.Item>
    <org.openmrs.module.metadatasharing.Item id="84" uuid="fb9aaaf1-65e2-4c18-b53c-16b575f2f385">
      <id>5</id>
      <classname>org.openmrs.ConceptSource</classname>
      <dateChanged id="85">2015-07-01 17:25:50</dateChanged>
      <retired>false</retired>
    </org.openmrs.module.metadatasharing.Item>
    <org.openmrs.module.metadatasharing.Item id="86" uuid="133840ABBBBBBBBBBBBBBBBBBBBBBBBBBBBB">
      <id>25513</id>
      <classname>org.openmrs.ConceptMap</classname>
      <dateChanged id="87">2010-10-01 23:11:47</dateChanged>
    </org.openmrs.module.metadatasharing.Item>
    <org.openmrs.module.metadatasharing.Item id="88" uuid="d2d5f591-c1b5-308e-bbbb-2fb6dee0d2b2">
      <id>24855</id>
      <classname>org.openmrs.ConceptReferenceTerm</classname>
      <dateChanged id="89">2010-10-01 04:00:00</dateChanged>
      <retired>false</retired>
    </org.openmrs.module.metadatasharing.Item>
    <org.openmrs.module.metadatasharing.Item id="90" uuid="1ADDDDDDDDDDDDDDDDDDDDDDDDDDDDDDDDDD">
      <id>6</id>
      <classname>org.openmrs.ConceptSource</classname>
      <dateChanged id="91">2021-10-01 23:36:39</dateChanged>
      <retired>false</retired>
    </org.openmrs.module.metadatasharing.Item>
    <org.openmrs.module.metadatasharing.Item id="92" uuid="7568887a-4943-102e-96e9-000c29c2a5d7">
      <id>6958</id>
      <classname>org.openmrs.ConceptMap</classname>
      <dateChanged id="93">2015-04-22 14:28:44</dateChanged>
    </org.openmrs.module.metadatasharing.Item>
    <org.openmrs.module.metadatasharing.Item id="94" uuid="43c590f7-f85f-376f-9083-d189b74ed37c">
      <id>6958</id>
      <classname>org.openmrs.ConceptReferenceTerm</classname>
      <dateChanged id="95">2010-11-24 00:00:00</dateChanged>
      <retired>false</retired>
    </org.openmrs.module.metadatasharing.Item>
    <org.openmrs.module.metadatasharing.Item id="96" uuid="4c5c3b67-8cc9-4d59-9b8e-8c910e44d8a3">
      <id>27084</id>
      <classname>org.openmrs.ConceptMap</classname>
      <dateChanged id="97">2017-03-04 21:45:04</dateChanged>
    </org.openmrs.module.metadatasharing.Item>
    <org.openmrs.module.metadatasharing.Item id="98" uuid="7df22b69-9a03-49e8-aa0a-063e61e1f9a5">
      <id>26241</id>
      <classname>org.openmrs.ConceptReferenceTerm</classname>
      <dateChanged id="99">2017-03-04 21:44:26</dateChanged>
      <retired>false</retired>
    </org.openmrs.module.metadatasharing.Item>
    <org.openmrs.module.metadatasharing.Item id="100" uuid="21ADDDDDDDDDDDDDDDDDDDDDDDDDDDDDDDDD">
      <id>29</id>
      <classname>org.openmrs.ConceptSource</classname>
      <dateChanged id="101">2021-10-01 23:36:39</dateChanged>
      <retired>false</retired>
    </org.openmrs.module.metadatasharing.Item>
    <org.openmrs.module.metadatasharing.Item id="102" uuid="144378ABBBBBBBBBBBBBBBBBBBBBBBBBBBBB">
      <id>27570</id>
      <classname>org.openmrs.ConceptMap</classname>
      <dateChanged id="103">2012-06-03 21:56:11</dateChanged>
    </org.openmrs.module.metadatasharing.Item>
    <org.openmrs.module.metadatasharing.Item id="104" uuid="0a25554e-8e73-3431-a111-837291cbc771">
      <id>26891</id>
      <classname>org.openmrs.ConceptReferenceTerm</classname>
      <dateChanged id="105">2012-06-03 04:00:00</dateChanged>
      <retired>false</retired>
    </org.openmrs.module.metadatasharing.Item>
    <org.openmrs.module.metadatasharing.Item id="106" uuid="12ADDDDDDDDDDDDDDDDDDDDDDDDDDDDDDDDD">
      <id>24</id>
      <classname>org.openmrs.ConceptSource</classname>
      <dateChanged id="107">2015-07-01 17:25:50</dateChanged>
      <retired>false</retired>
    </org.openmrs.module.metadatasharing.Item>
    <org.openmrs.module.metadatasharing.Item id="108" uuid="134737ABBBBBBBBBBBBBBBBBBBBBBBBBBBBB">
      <id>27569</id>
      <classname>org.openmrs.ConceptMap</classname>
      <dateChanged id="109">2010-10-24 17:09:59</dateChanged>
    </org.openmrs.module.metadatasharing.Item>
    <org.openmrs.module.metadatasharing.Item id="110" uuid="85fd20aa-8f0e-33c6-8d26-87087144d1f0">
      <id>26890</id>
      <classname>org.openmrs.ConceptReferenceTerm</classname>
      <dateChanged id="111">2010-10-24 04:00:00</dateChanged>
      <retired>false</retired>
    </org.openmrs.module.metadatasharing.Item>
    <org.openmrs.module.metadatasharing.Item id="112" uuid="13ADDDDDDDDDDDDDDDDDDDDDDDDDDDDDDDDD">
      <id>10</id>
      <classname>org.openmrs.ConceptSource</classname>
      <dateChanged id="113">2021-09-20 19:05:26</dateChanged>
      <retired>false</retired>
    </org.openmrs.module.metadatasharing.Item>
    <org.openmrs.module.metadatasharing.Item id="114" uuid="37415c02-572e-443a-bc3b-5c60bf43bb98">
      <id>10667</id>
      <classname>org.openmrs.ConceptAnswer</classname>
      <dateChanged id="115">2019-02-08 22:21:15</dateChanged>
    </org.openmrs.module.metadatasharing.Item>
    <org.openmrs.module.metadatasharing.Item id="116" uuid="3cd6f86c-26fe-102b-80cb-0017a47871b2">
      <id>1066</id>
      <classname>org.openmrs.Concept</classname>
      <dateChanged id="117">2023-06-08 17:27:09</dateChanged>
      <retired>false</retired>
    </org.openmrs.module.metadatasharing.Item>
    <org.openmrs.module.metadatasharing.Item id="118" uuid="139803BBBBBBBBBBBBBBBBBBBBBBBBBBBBBB">
      <id>32262</id>
      <classname>org.openmrs.ConceptName</classname>
      <dateChanged id="119">2016-08-16 11:48:25</dateChanged>
    </org.openmrs.module.metadatasharing.Item>
    <org.openmrs.module.metadatasharing.Item id="120" uuid="3e151786-26fe-102b-80cb-0017a47871b2">
      <id>8310</id>
      <classname>org.openmrs.ConceptName</classname>
      <dateChanged id="121">2015-04-22 14:28:45</dateChanged>
    </org.openmrs.module.metadatasharing.Item>
    <org.openmrs.module.metadatasharing.Item id="122" uuid="126360BBBBBBBBBBBBBBBBBBBBBBBBBBBBBB">
      <id>29715</id>
      <classname>org.openmrs.ConceptName</classname>
      <dateChanged id="123">2014-10-11 19:48:46</dateChanged>
    </org.openmrs.module.metadatasharing.Item>
    <org.openmrs.module.metadatasharing.Item id="124" uuid="108334BBBBBBBBBBBBBBBBBBBBBBBBBBBBBB">
      <id>29712</id>
      <classname>org.openmrs.ConceptName</classname>
      <dateChanged id="125">2012-03-04 23:58:47</dateChanged>
    </org.openmrs.module.metadatasharing.Item>
    <org.openmrs.module.metadatasharing.Item id="126" uuid="111196BBBBBBBBBBBBBBBBBBBBBBBBBBBBBB">
      <id>29717</id>
      <classname>org.openmrs.ConceptName</classname>
      <dateChanged id="127">2013-01-27 06:40:38</dateChanged>
    </org.openmrs.module.metadatasharing.Item>
    <org.openmrs.module.metadatasharing.Item id="128" uuid="126357BBBBBBBBBBBBBBBBBBBBBBBBBBBBBB">
      <id>29709</id>
      <classname>org.openmrs.ConceptName</classname>
      <dateChanged id="129">2014-10-11 19:48:46</dateChanged>
    </org.openmrs.module.metadatasharing.Item>
    <org.openmrs.module.metadatasharing.Item id="130" uuid="5bcc9a17-0a17-4075-84d4-f09882cfaa18">
      <id>17939</id>
      <classname>org.openmrs.ConceptName</classname>
      <dateChanged id="131">2015-04-22 14:28:45</dateChanged>
    </org.openmrs.module.metadatasharing.Item>
    <org.openmrs.module.metadatasharing.Item id="132" uuid="106917BBBBBBBBBBBBBBBBBBBBBBBBBBBBBB">
      <id>29711</id>
      <classname>org.openmrs.ConceptName</classname>
      <dateChanged id="133">2010-10-24 20:04:03</dateChanged>
    </org.openmrs.module.metadatasharing.Item>
    <org.openmrs.module.metadatasharing.Item id="134" uuid="126358BBBBBBBBBBBBBBBBBBBBBBBBBBBBBB">
      <id>29718</id>
      <classname>org.openmrs.ConceptName</classname>
      <dateChanged id="135">2014-10-11 19:48:46</dateChanged>
    </org.openmrs.module.metadatasharing.Item>
    <org.openmrs.module.metadatasharing.Item id="136" uuid="743d14ca-dd31-4ed7-8bfb-b2e4c98a2609">
      <id>17940</id>
      <classname>org.openmrs.ConceptName</classname>
      <dateChanged id="137">2015-04-22 14:28:45</dateChanged>
    </org.openmrs.module.metadatasharing.Item>
    <org.openmrs.module.metadatasharing.Item id="138" uuid="106308BBBBBBBBBBBBBBBBBBBBBBBBBBBBBB">
      <id>29713</id>
      <classname>org.openmrs.ConceptName</classname>
      <dateChanged id="139">2010-06-21 23:11:53</dateChanged>
    </org.openmrs.module.metadatasharing.Item>
    <org.openmrs.module.metadatasharing.Item id="140" uuid="126362BBBBBBBBBBBBBBBBBBBBBBBBBBBBBB">
      <id>29716</id>
      <classname>org.openmrs.ConceptName</classname>
      <dateChanged id="141">2014-10-11 19:48:46</dateChanged>
    </org.openmrs.module.metadatasharing.Item>
    <org.openmrs.module.metadatasharing.Item id="142" uuid="137334BBBBBBBBBBBBBBBBBBBBBBBBBBBBBB">
      <id>32261</id>
      <classname>org.openmrs.ConceptName</classname>
      <dateChanged id="143">2016-07-10 05:49:06</dateChanged>
    </org.openmrs.module.metadatasharing.Item>
    <org.openmrs.module.metadatasharing.Item id="144" uuid="126359BBBBBBBBBBBBBBBBBBBBBBBBBBBBBB">
      <id>29710</id>
      <classname>org.openmrs.ConceptName</classname>
      <dateChanged id="145">2014-10-11 19:48:46</dateChanged>
    </org.openmrs.module.metadatasharing.Item>
    <org.openmrs.module.metadatasharing.Item id="146" uuid="127333BBBBBBBBBBBBBBBBBBBBBBBBBBBBBB">
      <id>29714</id>
      <classname>org.openmrs.ConceptName</classname>
      <dateChanged id="147">2015-04-24 21:18:07</dateChanged>
    </org.openmrs.module.metadatasharing.Item>
    <org.openmrs.module.metadatasharing.Item id="148" uuid="126361BBBBBBBBBBBBBBBBBBBBBBBBBBBBBB">
      <id>29708</id>
      <classname>org.openmrs.ConceptName</classname>
      <dateChanged id="149">2014-10-11 19:48:46</dateChanged>
    </org.openmrs.module.metadatasharing.Item>
    <org.openmrs.module.metadatasharing.Item id="150" uuid="126356BBBBBBBBBBBBBBBBBBBBBBBBBBBBBB">
      <id>29719</id>
      <classname>org.openmrs.ConceptName</classname>
      <dateChanged id="151">2014-10-11 19:48:46</dateChanged>
    </org.openmrs.module.metadatasharing.Item>
    <org.openmrs.module.metadatasharing.Item id="152" uuid="d07abafd-ea95-4edd-9c84-ee85592fc91f">
      <id>1077</id>
      <classname>org.openmrs.ConceptDescription</classname>
      <dateChanged id="153">2015-04-22 14:28:45</dateChanged>
    </org.openmrs.module.metadatasharing.Item>
    <org.openmrs.module.metadatasharing.Item id="154" uuid="1069FFFFFFFFFFFFFFFFFFFFFFFFFFFFFFFF">
      <id>6867</id>
      <classname>org.openmrs.ConceptDescription</classname>
      <dateChanged id="155">2015-04-24 21:18:07</dateChanged>
    </org.openmrs.module.metadatasharing.Item>
    <org.openmrs.module.metadatasharing.Item id="156" uuid="18159FFFFFFFFFFFFFFFFFFFFFFFFFFFFFFF">
      <id>7126</id>
      <classname>org.openmrs.ConceptDescription</classname>
      <dateChanged id="157">2016-08-16 11:48:25</dateChanged>
    </org.openmrs.module.metadatasharing.Item>
    <org.openmrs.module.metadatasharing.Item id="158" uuid="aefacf53-8e8e-4ed0-9d32-cbd1d14c6639">
      <id>12989</id>
      <classname>org.openmrs.ConceptMap</classname>
      <dateChanged id="159">2015-04-22 14:28:45</dateChanged>
    </org.openmrs.module.metadatasharing.Item>
    <org.openmrs.module.metadatasharing.Item id="160" uuid="bfdf9e0c-a208-31e8-9df4-45eccc2ea9e7">
      <id>12989</id>
      <classname>org.openmrs.ConceptReferenceTerm</classname>
      <dateChanged id="161">2011-07-22 00:00:00</dateChanged>
      <retired>false</retired>
    </org.openmrs.module.metadatasharing.Item>
    <org.openmrs.module.metadatasharing.Item id="162" uuid="144379ABBBBBBBBBBBBBBBBBBBBBBBBBBBBB">
      <id>27572</id>
      <classname>org.openmrs.ConceptMap</classname>
      <dateChanged id="163">2012-06-03 21:57:05</dateChanged>
    </org.openmrs.module.metadatasharing.Item>
    <org.openmrs.module.metadatasharing.Item id="164" uuid="170e452e-c092-32c9-b974-23f0bca960bd">
      <id>26889</id>
      <classname>org.openmrs.ConceptReferenceTerm</classname>
      <dateChanged id="165">2012-06-03 04:00:00</dateChanged>
      <retired>false</retired>
    </org.openmrs.module.metadatasharing.Item>
    <org.openmrs.module.metadatasharing.Item id="166" uuid="134738ABBBBBBBBBBBBBBBBBBBBBBBBBBBBB">
      <id>27571</id>
      <classname>org.openmrs.ConceptMap</classname>
      <dateChanged id="167">2010-10-24 17:09:59</dateChanged>
    </org.openmrs.module.metadatasharing.Item>
    <org.openmrs.module.metadatasharing.Item id="168" uuid="f2531812-ebad-3a19-bf74-9b35025659e5">
      <id>26888</id>
      <classname>org.openmrs.ConceptReferenceTerm</classname>
      <dateChanged id="169">2010-10-24 04:00:00</dateChanged>
      <retired>false</retired>
    </org.openmrs.module.metadatasharing.Item>
    <org.openmrs.module.metadatasharing.Item id="170" uuid="87458183-630e-4235-aeec-696077464d49">
      <id>27085</id>
      <classname>org.openmrs.ConceptMap</classname>
      <dateChanged id="171">2017-03-04 21:45:32</dateChanged>
    </org.openmrs.module.metadatasharing.Item>
    <org.openmrs.module.metadatasharing.Item id="172" uuid="70e47483-b669-4195-a33a-dc968d2af4af">
      <id>26242</id>
      <classname>org.openmrs.ConceptReferenceTerm</classname>
      <dateChanged id="173">2017-03-04 21:44:34</dateChanged>
      <retired>false</retired>
    </org.openmrs.module.metadatasharing.Item>
    <org.openmrs.module.metadatasharing.Item id="174" uuid="b20d12bc-4864-102e-96e9-000c29c2a5d7">
      <id>1068</id>
      <classname>org.openmrs.ConceptMap</classname>
      <dateChanged id="175">2015-04-22 14:28:45</dateChanged>
    </org.openmrs.module.metadatasharing.Item>
    <org.openmrs.module.metadatasharing.Item id="176" uuid="733a28fa-d244-3248-b654-09ffb442e6f2">
      <id>1068</id>
      <classname>org.openmrs.ConceptReferenceTerm</classname>
      <dateChanged id="177">2010-11-23 00:00:00</dateChanged>
      <retired>false</retired>
    </org.openmrs.module.metadatasharing.Item>
    <org.openmrs.module.metadatasharing.Item id="178" uuid="133841ABBBBBBBBBBBBBBBBBBBBBBBBBBBBB">
      <id>25515</id>
      <classname>org.openmrs.ConceptMap</classname>
      <dateChanged id="179">2010-10-01 23:13:10</dateChanged>
    </org.openmrs.module.metadatasharing.Item>
    <org.openmrs.module.metadatasharing.Item id="180" uuid="beaa27cb-dacc-3334-b7c4-9f230f2dd231">
      <id>24857</id>
      <classname>org.openmrs.ConceptReferenceTerm</classname>
      <dateChanged id="181">2010-10-01 04:00:00</dateChanged>
      <retired>false</retired>
    </org.openmrs.module.metadatasharing.Item>
    <org.openmrs.module.metadatasharing.Item id="182" uuid="28d152d8-86c4-4e96-b84a-1f97a276b5f8">
      <id>31126</id>
      <classname>org.openmrs.ConceptMap</classname>
      <dateChanged id="183">2019-02-08 22:22:04</dateChanged>
    </org.openmrs.module.metadatasharing.Item>
    <org.openmrs.module.metadatasharing.Item id="184" uuid="34793204-9746-44c0-9110-42b69dd5d8e0">
      <id>30460</id>
      <classname>org.openmrs.ConceptReferenceTerm</classname>
      <dateChanged id="185">2019-02-08 22:21:35</dateChanged>
      <retired>false</retired>
    </org.openmrs.module.metadatasharing.Item>
    <org.openmrs.module.metadatasharing.Item id="186" uuid="edde86ab-0cf3-11ec-9f8b-aa0059ea79c6">
      <id>39728</id>
      <classname>org.openmrs.ConceptMap</classname>
      <dateChanged id="187">2021-09-03 20:17:03</dateChanged>
    </org.openmrs.module.metadatasharing.Item>
    <org.openmrs.module.metadatasharing.Item id="188" uuid="97a7438e-0cf1-11ec-9f8b-aa0059ea79c6">
      <id>37940</id>
      <classname>org.openmrs.ConceptReferenceTerm</classname>
      <dateChanged id="189">2021-09-03 20:00:31</dateChanged>
      <retired>false</retired>
    </org.openmrs.module.metadatasharing.Item>
    <org.openmrs.module.metadatasharing.Item id="190" uuid="1a808c3d-f5ea-453c-9b39-a1af8ff1137b">
      <id>13825</id>
      <classname>org.openmrs.ConceptSet</classname>
      <dateChanged id="191">2023-11-07 23:43:11</dateChanged>
    </org.openmrs.module.metadatasharing.Item>
    <org.openmrs.module.metadatasharing.Item id="192" uuid="7162b9bd-9637-457d-a966-e40f5134278d">
      <id>12245</id>
      <classname>org.openmrs.Concept</classname>
      <dateChanged id="193">2019-10-31 16:43:51</dateChanged>
      <retired>false</retired>
    </org.openmrs.module.metadatasharing.Item>
    <org.openmrs.module.metadatasharing.Item id="194" uuid="a078f168-7ae0-48f1-a597-80a5cfba1070">
      <id>40183</id>
      <classname>org.openmrs.ConceptName</classname>
      <dateChanged id="195">2019-08-02 15:07:49</dateChanged>
    </org.openmrs.module.metadatasharing.Item>
    <org.openmrs.module.metadatasharing.Item id="196" uuid="d3cd61a5-f58f-4c9e-86f1-583c09a2a145">
      <id>41478</id>
      <classname>org.openmrs.ConceptName</classname>
      <dateChanged id="197">2019-10-31 16:43:51</dateChanged>
    </org.openmrs.module.metadatasharing.Item>
    <org.openmrs.module.metadatasharing.Item id="198" uuid="c88b365a-12e0-4620-88c8-56f929245adc">
      <id>10878</id>
      <classname>org.openmrs.ConceptAnswer</classname>
      <dateChanged id="199">2019-08-02 15:25:26</dateChanged>
    </org.openmrs.module.metadatasharing.Item>
    <org.openmrs.module.metadatasharing.Item id="200" uuid="c2fc08ec-3643-4623-857f-3714ec0f1589">
      <id>12246</id>
      <classname>org.openmrs.Concept</classname>
      <dateChanged id="201">2019-10-31 16:45:58</dateChanged>
      <retired>false</retired>
    </org.openmrs.module.metadatasharing.Item>
    <org.openmrs.module.metadatasharing.Item id="202" uuid="8d492954-c2cc-11de-8d13-0010c6dffd0f">
      <id>12</id>
      <classname>org.openmrs.ConceptClass</classname>
      <dateChanged id="203">2015-07-01 17:25:50</dateChanged>
      <retired>false</retired>
    </org.openmrs.module.metadatasharing.Item>
    <org.openmrs.module.metadatasharing.Item id="204" uuid="5ff17ee2-fd36-43fd-a0f8-92bcf5b6874e">
      <id>40185</id>
      <classname>org.openmrs.ConceptName</classname>
      <dateChanged id="205">2019-08-02 15:25:44</dateChanged>
    </org.openmrs.module.metadatasharing.Item>
    <org.openmrs.module.metadatasharing.Item id="206" uuid="794eb2a7-6f48-4567-9809-952aded6615f">
      <id>40184</id>
      <classname>org.openmrs.ConceptName</classname>
      <dateChanged id="207">2019-08-02 15:25:44</dateChanged>
    </org.openmrs.module.metadatasharing.Item>
    <org.openmrs.module.metadatasharing.Item id="208" uuid="e7f2c26c-9fd5-4f48-bb97-f64c7926adba">
      <id>11193</id>
      <classname>org.openmrs.ConceptAnswer</classname>
      <dateChanged id="209">2019-10-31 16:45:58</dateChanged>
    </org.openmrs.module.metadatasharing.Item>
    <org.openmrs.module.metadatasharing.Item id="210" uuid="1007991e-722e-4a62-950d-f8d01f93fd33">
      <id>11194</id>
      <classname>org.openmrs.ConceptAnswer</classname>
      <dateChanged id="211">2019-10-31 16:45:58</dateChanged>
    </org.openmrs.module.metadatasharing.Item>
    <org.openmrs.module.metadatasharing.Item id="212" uuid="14f48460-2eaa-41ef-8ca6-b06cac13a88a">
      <id>32605</id>
      <classname>org.openmrs.ConceptMap</classname>
      <dateChanged id="213">2019-08-02 15:24:09</dateChanged>
    </org.openmrs.module.metadatasharing.Item>
    <org.openmrs.module.metadatasharing.Item id="214" uuid="bf634b6e-9feb-4430-8337-103a191b7004">
      <id>31517</id>
      <classname>org.openmrs.ConceptReferenceTerm</classname>
      <dateChanged id="215">2019-08-02 15:23:53</dateChanged>
      <retired>false</retired>
    </org.openmrs.module.metadatasharing.Item>
    <org.openmrs.module.metadatasharing.Item id="216" uuid="142ca6d5-428e-41f0-a791-0f648ba2ff87">
      <id>10877</id>
      <classname>org.openmrs.ConceptAnswer</classname>
      <dateChanged id="217">2019-08-02 15:07:49</dateChanged>
    </org.openmrs.module.metadatasharing.Item>
    <org.openmrs.module.metadatasharing.Item id="218" uuid="706b6f34-4bca-4617-9cf3-3eb77cfc0a38">
      <id>7102</id>
      <classname>org.openmrs.Concept</classname>
      <dateChanged id="219">2019-10-31 16:41:59</dateChanged>
      <retired>false</retired>
    </org.openmrs.module.metadatasharing.Item>
    <org.openmrs.module.metadatasharing.Item id="220" uuid="8d4918b0-c2cc-11de-8d13-0010c6dffd0f">
      <id>4</id>
      <classname>org.openmrs.ConceptClass</classname>
      <dateChanged id="221">2021-10-01 23:36:39</dateChanged>
      <retired>false</retired>
    </org.openmrs.module.metadatasharing.Item>
    <org.openmrs.module.metadatasharing.Item id="222" uuid="19152e94-7976-4a31-bda8-78de7b9e78f5">
      <id>15768</id>
      <classname>org.openmrs.ConceptName</classname>
      <dateChanged id="223">2012-04-27 18:44:13</dateChanged>
    </org.openmrs.module.metadatasharing.Item>
    <org.openmrs.module.metadatasharing.Item id="224" uuid="5c345d0d-26bd-4d50-ab4c-0684beb1e86a">
      <id>14563</id>
      <classname>org.openmrs.ConceptName</classname>
      <dateChanged id="225">2019-07-25 14:18:50</dateChanged>
    </org.openmrs.module.metadatasharing.Item>
    <org.openmrs.module.metadatasharing.Item id="226" uuid="e8ae502f-c78e-4fe4-8236-825265aac8e2">
      <id>15767</id>
      <classname>org.openmrs.ConceptName</classname>
      <dateChanged id="227">2012-04-27 18:44:13</dateChanged>
    </org.openmrs.module.metadatasharing.Item>
    <org.openmrs.module.metadatasharing.Item id="228" uuid="3a351ff7-537d-478e-b991-a0483f631f50">
      <id>14562</id>
      <classname>org.openmrs.ConceptName</classname>
      <dateChanged id="229">2011-05-18 13:56:44</dateChanged>
    </org.openmrs.module.metadatasharing.Item>
    <org.openmrs.module.metadatasharing.Item id="230" uuid="8f76fa43-128d-49c6-a92c-677d0cae650b">
      <id>40165</id>
      <classname>org.openmrs.ConceptName</classname>
      <dateChanged id="231">2019-07-25 14:19:47</dateChanged>
    </org.openmrs.module.metadatasharing.Item>
    <org.openmrs.module.metadatasharing.Item id="232" uuid="672cd924-38da-4d7b-b384-bced0eb0385e">
      <id>15769</id>
      <classname>org.openmrs.ConceptName</classname>
      <dateChanged id="233">2012-04-27 18:44:13</dateChanged>
    </org.openmrs.module.metadatasharing.Item>
    <org.openmrs.module.metadatasharing.Item id="234" uuid="90a8e231-42a4-480f-b88b-3b7bbdc8a124">
      <id>14564</id>
      <classname>org.openmrs.ConceptName</classname>
      <dateChanged id="235">2019-07-25 14:18:50</dateChanged>
    </org.openmrs.module.metadatasharing.Item>
    <org.openmrs.module.metadatasharing.Item id="236" uuid="eb0558a7-9e16-11e9-b0b5-aa0059ea79c6">
      <id>39990</id>
      <classname>org.openmrs.ConceptName</classname>
      <dateChanged id="237">2019-07-25 14:19:47</dateChanged>
    </org.openmrs.module.metadatasharing.Item>
    <org.openmrs.module.metadatasharing.Item id="238" uuid="3e8296c5-92a2-4543-8a21-07ee09f88b1a">
      <id>11189</id>
      <classname>org.openmrs.ConceptAnswer</classname>
      <dateChanged id="239">2019-10-31 16:41:59</dateChanged>
    </org.openmrs.module.metadatasharing.Item>
    <org.openmrs.module.metadatasharing.Item id="240" uuid="53de1823-a24d-447e-8966-24d417830944">
      <id>11190</id>
      <classname>org.openmrs.ConceptAnswer</classname>
      <dateChanged id="241">2019-10-31 16:41:59</dateChanged>
    </org.openmrs.module.metadatasharing.Item>
    <org.openmrs.module.metadatasharing.Item id="242" uuid="c167335c-fcaa-403b-b25d-dfadcea131fb">
      <id>5481</id>
      <classname>org.openmrs.ConceptDescription</classname>
      <dateChanged id="243">2012-04-27 18:44:13</dateChanged>
    </org.openmrs.module.metadatasharing.Item>
    <org.openmrs.module.metadatasharing.Item id="244" uuid="f218476d-f391-4d57-a8a2-cd0aa27c2b91">
      <id>32591</id>
      <classname>org.openmrs.ConceptMap</classname>
      <dateChanged id="245">2019-07-25 14:18:50</dateChanged>
    </org.openmrs.module.metadatasharing.Item>
    <org.openmrs.module.metadatasharing.Item id="246" uuid="ba8fa8bd-4569-4060-a9e2-4bf8a17ccef9">
      <id>31503</id>
      <classname>org.openmrs.ConceptReferenceTerm</classname>
      <dateChanged id="247">2019-07-25 14:18:23</dateChanged>
      <retired>false</retired>
    </org.openmrs.module.metadatasharing.Item>
    <org.openmrs.module.metadatasharing.Item id="248" uuid="1d043aaa-3ce9-42c9-a909-fcd56b58f7ad">
      <id>32592</id>
      <classname>org.openmrs.ConceptMap</classname>
      <dateChanged id="249">2019-07-25 14:18:50</dateChanged>
    </org.openmrs.module.metadatasharing.Item>
    <org.openmrs.module.metadatasharing.Item id="250" uuid="e4c2eb1b-a440-4174-9b0f-4513d76a0d7a">
      <id>31502</id>
      <classname>org.openmrs.ConceptReferenceTerm</classname>
      <dateChanged id="251">2019-07-25 14:17:43</dateChanged>
      <retired>false</retired>
    </org.openmrs.module.metadatasharing.Item>
    <org.openmrs.module.metadatasharing.Item id="252" uuid="b9272078-84c8-4c1e-8432-a6a3a9d5b1ee">
      <id>12170</id>
      <classname>org.openmrs.ConceptMap</classname>
      <dateChanged id="253">2011-05-18 13:56:44</dateChanged>
    </org.openmrs.module.metadatasharing.Item>
    <org.openmrs.module.metadatasharing.Item id="254" uuid="43ac5109-7d8c-11e1-909d-c80aa9edcf4e">
      <id>2</id>
      <classname>org.openmrs.ConceptMapType</classname>
      <dateChanged id="255">2021-10-01 23:36:39</dateChanged>
      <retired>false</retired>
    </org.openmrs.module.metadatasharing.Item>
    <org.openmrs.module.metadatasharing.Item id="256" uuid="6381c715-b86b-39ba-a8ca-a3023b80a8d8">
      <id>12170</id>
      <classname>org.openmrs.ConceptReferenceTerm</classname>
      <dateChanged id="257">2011-05-18 00:00:00</dateChanged>
      <retired>false</retired>
    </org.openmrs.module.metadatasharing.Item>
    <org.openmrs.module.metadatasharing.Item id="258" uuid="3f65bd34-26fe-102b-80cb-0017a47871b2">
      <id>3</id>
      <classname>org.openmrs.ConceptSource</classname>
      <dateChanged id="259">2021-10-01 23:36:39</dateChanged>
      <retired>false</retired>
    </org.openmrs.module.metadatasharing.Item>
    <org.openmrs.module.metadatasharing.Item id="260" uuid="7f83c732-f70e-40e9-aaac-5377d36a70cb">
      <id>12171</id>
      <classname>org.openmrs.ConceptMap</classname>
      <dateChanged id="261">2012-06-21 16:49:52</dateChanged>
    </org.openmrs.module.metadatasharing.Item>
    <org.openmrs.module.metadatasharing.Item id="262" uuid="ec3a7589-4c08-33f7-8a5c-4a8c2296dd51">
      <id>12171</id>
      <classname>org.openmrs.ConceptReferenceTerm</classname>
      <dateChanged id="263">2011-05-18 00:00:00</dateChanged>
      <retired>false</retired>
    </org.openmrs.module.metadatasharing.Item>
    <org.openmrs.module.metadatasharing.Item id="264" uuid="2b2f9631-36a7-449f-8686-11e32b64014e">
      <id>12172</id>
      <classname>org.openmrs.ConceptMap</classname>
      <dateChanged id="265">2012-06-21 16:49:52</dateChanged>
    </org.openmrs.module.metadatasharing.Item>
    <org.openmrs.module.metadatasharing.Item id="266" uuid="22b45c16-906e-3e54-a8d5-cdf98d9435fa">
      <id>12172</id>
      <classname>org.openmrs.ConceptReferenceTerm</classname>
      <dateChanged id="267">2011-05-18 00:00:00</dateChanged>
      <retired>false</retired>
    </org.openmrs.module.metadatasharing.Item>
    <org.openmrs.module.metadatasharing.Item id="268" uuid="7c633d03-f1b4-4ce5-ae72-a9d487476a61">
      <id>10879</id>
      <classname>org.openmrs.ConceptAnswer</classname>
      <dateChanged id="269">2019-08-02 15:29:02</dateChanged>
    </org.openmrs.module.metadatasharing.Item>
    <org.openmrs.module.metadatasharing.Item id="270" uuid="1690AAAAAAAAAAAAAAAAAAAAAAAAAAAAAAAA">
      <id>12247</id>
      <classname>org.openmrs.Concept</classname>
      <dateChanged id="271">2019-10-31 16:45:13</dateChanged>
      <retired>false</retired>
    </org.openmrs.module.metadatasharing.Item>
    <org.openmrs.module.metadatasharing.Item id="272" uuid="8d491a9a-c2cc-11de-8d13-0010c6dffd0f">
      <id>5</id>
      <classname>org.openmrs.ConceptClass</classname>
      <dateChanged id="273">2015-07-01 17:25:50</dateChanged>
      <retired>false</retired>
    </org.openmrs.module.metadatasharing.Item>
    <org.openmrs.module.metadatasharing.Item id="274" uuid="1970BBBBBBBBBBBBBBBBBBBBBBBBBBBBBBBB">
      <id>40186</id>
      <classname>org.openmrs.ConceptName</classname>
      <dateChanged id="275">2019-08-02 14:54:36</dateChanged>
    </org.openmrs.module.metadatasharing.Item>
    <org.openmrs.module.metadatasharing.Item id="276" uuid="105863BBBBBBBBBBBBBBBBBBBBBBBBBBBBBB">
      <id>40187</id>
      <classname>org.openmrs.ConceptName</classname>
      <dateChanged id="277">2019-08-02 14:55:02</dateChanged>
    </org.openmrs.module.metadatasharing.Item>
    <org.openmrs.module.metadatasharing.Item id="278" uuid="137571BBBBBBBBBBBBBBBBBBBBBBBBBBBBBB">
      <id>40188</id>
      <classname>org.openmrs.ConceptName</classname>
      <dateChanged id="279">2019-08-02 14:54:36</dateChanged>
    </org.openmrs.module.metadatasharing.Item>
    <org.openmrs.module.metadatasharing.Item id="280" uuid="86973BBBBBBBBBBBBBBBBBBBBBBBBBBBBBBB">
      <id>40189</id>
      <classname>org.openmrs.ConceptName</classname>
      <dateChanged id="281">2019-08-02 14:54:36</dateChanged>
    </org.openmrs.module.metadatasharing.Item>
    <org.openmrs.module.metadatasharing.Item id="282" uuid="cbb2aad7-e6ee-4002-bac7-df71204db3a3">
      <id>11191</id>
      <classname>org.openmrs.ConceptAnswer</classname>
      <dateChanged id="283">2019-10-31 16:45:03</dateChanged>
    </org.openmrs.module.metadatasharing.Item>
    <org.openmrs.module.metadatasharing.Item id="284" uuid="e77e9e23-c2c1-44fd-ab16-f66214cfca53">
      <id>11192</id>
      <classname>org.openmrs.ConceptAnswer</classname>
      <dateChanged id="285">2019-10-31 16:45:03</dateChanged>
    </org.openmrs.module.metadatasharing.Item>
    <org.openmrs.module.metadatasharing.Item id="286" uuid="1527FFFFFFFFFFFFFFFFFFFFFFFFFFFFFFFF">
      <id>7858</id>
      <classname>org.openmrs.ConceptDescription</classname>
      <dateChanged id="287">2016-07-10 07:25:08</dateChanged>
    </org.openmrs.module.metadatasharing.Item>
    <org.openmrs.module.metadatasharing.Item id="288" uuid="ed26f2ca-0cf3-11ec-9f8b-aa0059ea79c6">
      <id>39358</id>
      <classname>org.openmrs.ConceptMap</classname>
      <dateChanged id="289">2021-09-03 20:17:03</dateChanged>
    </org.openmrs.module.metadatasharing.Item>
    <org.openmrs.module.metadatasharing.Item id="290" uuid="97a517f3-0cf1-11ec-9f8b-aa0059ea79c6">
      <id>37573</id>
      <classname>org.openmrs.ConceptReferenceTerm</classname>
      <dateChanged id="291">2021-09-03 20:00:31</dateChanged>
      <retired>false</retired>
    </org.openmrs.module.metadatasharing.Item>
    <org.openmrs.module.metadatasharing.Item id="292" uuid="137529ABBBBBBBBBBBBBBBBBBBBBBBBBBBBB">
      <id>32606</id>
      <classname>org.openmrs.ConceptMap</classname>
      <dateChanged id="293">2010-12-31 00:29:44</dateChanged>
    </org.openmrs.module.metadatasharing.Item>
    <org.openmrs.module.metadatasharing.Item id="294" uuid="fee870b1-f516-3425-bab5-f2b15f26fe9b">
      <id>31518</id>
      <classname>org.openmrs.ConceptReferenceTerm</classname>
      <dateChanged id="295">2010-12-30 05:00:00</dateChanged>
      <retired>false</retired>
    </org.openmrs.module.metadatasharing.Item>
    <org.openmrs.module.metadatasharing.Item id="296" uuid="171929ABBBBBBBBBBBBBBBBBBBBBBBBBBBBB">
      <id>32607</id>
      <classname>org.openmrs.ConceptMap</classname>
      <dateChanged id="297">2013-07-03 22:53:08</dateChanged>
    </org.openmrs.module.metadatasharing.Item>
    <org.openmrs.module.metadatasharing.Item id="298" uuid="f5237396-51cf-35f2-a772-482b7d2ced1f">
      <id>31519</id>
      <classname>org.openmrs.ConceptReferenceTerm</classname>
      <dateChanged id="299">2013-07-03 04:00:00</dateChanged>
      <retired>false</retired>
    </org.openmrs.module.metadatasharing.Item>
    <org.openmrs.module.metadatasharing.Item id="300" uuid="da99138b-4715-4e1e-94b8-da080160d557">
      <id>32603</id>
      <classname>org.openmrs.ConceptMap</classname>
      <dateChanged id="301">2019-08-02 15:08:38</dateChanged>
    </org.openmrs.module.metadatasharing.Item>
    <org.openmrs.module.metadatasharing.Item id="302" uuid="db44913a-05fb-48b3-a768-66841b233927">
      <id>31516</id>
      <classname>org.openmrs.ConceptReferenceTerm</classname>
      <dateChanged id="303">2019-08-02 15:08:15</dateChanged>
      <retired>false</retired>
    </org.openmrs.module.metadatasharing.Item>
    <org.openmrs.module.metadatasharing.Item id="304" uuid="1cdd4968-d3e3-4835-a79a-b3f5959451cd">
      <id>32604</id>
      <classname>org.openmrs.ConceptMap</classname>
      <dateChanged id="305">2019-08-02 15:08:38</dateChanged>
    </org.openmrs.module.metadatasharing.Item>
    <org.openmrs.module.metadatasharing.Item id="306" uuid="2ad043f5-cdc4-4bd4-90a6-5a19357f2ee1">
      <id>31515</id>
      <classname>org.openmrs.ConceptReferenceTerm</classname>
      <dateChanged id="307">2019-08-02 15:08:02</dateChanged>
      <retired>false</retired>
    </org.openmrs.module.metadatasharing.Item>
    <org.openmrs.module.metadatasharing.Item id="308" uuid="479dde64-10df-496c-b57c-5a9486dea631">
      <id>13826</id>
      <classname>org.openmrs.ConceptSet</classname>
      <dateChanged id="309">2023-11-07 23:43:11</dateChanged>
    </org.openmrs.module.metadatasharing.Item>
    <org.openmrs.module.metadatasharing.Item id="310" uuid="57bcb246-754f-4e43-bed9-a072388932b1">
      <id>11953</id>
      <classname>org.openmrs.Concept</classname>
      <dateChanged id="311">2019-02-08 22:24:01</dateChanged>
      <retired>false</retired>
    </org.openmrs.module.metadatasharing.Item>
    <org.openmrs.module.metadatasharing.Item id="312" uuid="7e5ed630-e552-4b76-8581-089d492cd8df">
      <id>38081</id>
      <classname>org.openmrs.ConceptName</classname>
      <dateChanged id="313">2019-02-08 22:24:01</dateChanged>
    </org.openmrs.module.metadatasharing.Item>
    <org.openmrs.module.metadatasharing.Item id="314" uuid="fb017e5a-d83f-4241-a404-366294c9867e">
      <id>10669</id>
      <classname>org.openmrs.ConceptAnswer</classname>
      <dateChanged id="315">2019-02-08 22:24:01</dateChanged>
    </org.openmrs.module.metadatasharing.Item>
    <org.openmrs.module.metadatasharing.Item id="316" uuid="e0b6ed72-f94c-4c17-ba23-32846f6b3587">
      <id>10670</id>
      <classname>org.openmrs.ConceptAnswer</classname>
      <dateChanged id="317">2019-02-08 22:24:01</dateChanged>
    </org.openmrs.module.metadatasharing.Item>
    <org.openmrs.module.metadatasharing.Item id="318" uuid="eddef88c-0cf3-11ec-9f8b-aa0059ea79c6">
      <id>39729</id>
      <classname>org.openmrs.ConceptMap</classname>
      <dateChanged id="319">2021-09-03 20:17:03</dateChanged>
    </org.openmrs.module.metadatasharing.Item>
    <org.openmrs.module.metadatasharing.Item id="320" uuid="97a74530-0cf1-11ec-9f8b-aa0059ea79c6">
      <id>37941</id>
      <classname>org.openmrs.ConceptReferenceTerm</classname>
      <dateChanged id="321">2021-09-03 20:00:31</dateChanged>
      <retired>false</retired>
    </org.openmrs.module.metadatasharing.Item>
    <org.openmrs.module.metadatasharing.Item id="322" uuid="25333cc7-a4a6-40ad-960f-e6c99d7802f9">
      <id>31127</id>
      <classname>org.openmrs.ConceptMap</classname>
      <dateChanged id="323">2019-02-08 22:24:01</dateChanged>
    </org.openmrs.module.metadatasharing.Item>
    <org.openmrs.module.metadatasharing.Item id="324" uuid="26dec867-a620-4fee-aba1-8634bbf79090">
      <id>30461</id>
      <classname>org.openmrs.ConceptReferenceTerm</classname>
      <dateChanged id="325">2019-02-08 22:21:53</dateChanged>
      <retired>false</retired>
    </org.openmrs.module.metadatasharing.Item>
    <org.openmrs.module.metadatasharing.Item id="326" uuid="b21559c2-4864-102e-96e9-000c29c2a5d7">
      <id>1787</id>
      <classname>org.openmrs.ConceptMap</classname>
      <dateChanged id="327">2012-06-21 16:49:52</dateChanged>
    </org.openmrs.module.metadatasharing.Item>
    <org.openmrs.module.metadatasharing.Item id="328" uuid="9b5f5140-ee92-3d61-af25-3e5c7f4d8bfc">
      <id>1787</id>
      <classname>org.openmrs.ConceptReferenceTerm</classname>
      <dateChanged id="329">2010-11-23 00:00:00</dateChanged>
      <retired>false</retired>
    </org.openmrs.module.metadatasharing.Item>
  </relatedItems>
</package>
