<?xml version="1.0" encoding="UTF-8"?>
<list id="1">
  <org.openmrs.Concept id="2" uuid="3cde378a-26fe-102b-80cb-0017a47871b2">
    <conceptId>1785</conceptId>
    <retired>false</retired>
    <datatype id="3" resolves-to="org.openmrs.ConceptDatatype" uuid="8d4a4c94-c2cc-11de-8d13-0010c6dffd0f">
      <name>N/A</name>
      <description>Not associated with a datatype (e.g., term answers, sets)</description>
      <creator/>
      <dateCreated id="4">2004-02-02 05:00:00</dateCreated>
      <retired>false</retired>
      <conceptDatatypeId>4</conceptDatatypeId>
      <hl7Abbreviation>ZZ</hl7Abbreviation>
    </datatype>
    <conceptClass id="5" resolves-to="org.openmrs.ConceptClass" uuid="8d492594-c2cc-11de-8d13-0010c6dffd0f">
      <name>ConvSet</name>
      <description>Term to describe convenience sets</description>
      <creator/>
      <dateCreated id="6">2015-07-01 17:25:50</dateCreated>
      <retired>false</retired>
      <conceptClassId>10</conceptClassId>
    </conceptClass>
    <set>true</set>
    <creator/>
    <dateCreated id="7">2006-11-22 20:04:31</dateCreated>
    <changedBy/>
    <dateChanged id="8">2023-11-07 23:43:11</dateChanged>
    <names class="set" id="9">
      <org.openmrs.ConceptName id="10" uuid="3e1e6782-26fe-102b-80cb-0017a47871b2">
        <conceptNameId>1946</conceptNameId>
        <concept reference="2"/>
        <name>OTHER OUTREACH PROGRAM</name>
        <locale id="11">en</locale>
        <creator/>
        <dateCreated id="12">2006-11-22 20:04:31</dateCreated>
        <voided>true</voided>
        <voidedBy/>
        <dateVoided id="13">2023-11-07 23:43:11</dateVoided>
        <voidReason>Deleted due to change of name</voidReason>
        <tags class="set" id="14"/>
        <localePreferred>false</localePreferred>
        <changedBy/>
        <dateChanged id="15">2023-11-07 23:43:11</dateChanged>
      </org.openmrs.ConceptName>
      <org.openmrs.ConceptName id="16" uuid="93f84aee-07d4-102c-b5fa-0017a47871b2">
        <conceptNameId>6964</conceptNameId>
        <concept reference="2"/>
        <name>GENERIC OUTREACH PROGRAM</name>
        <locale id="17">en</locale>
        <creator/>
        <dateCreated id="18">2006-11-29 12:36:57</dateCreated>
        <voided>true</voided>
        <voidedBy/>
        <dateVoided id="19">2023-11-07 23:43:11</dateVoided>
        <voidReason>Removed from user interface</voidReason>
        <tags class="set" id="20"/>
        <localePreferred>false</localePreferred>
        <changedBy/>
        <dateChanged id="21">2023-11-07 23:43:11</dateChanged>
      </org.openmrs.ConceptName>
      <org.openmrs.ConceptName id="22" uuid="94b8c274-07d4-102c-b5fa-0017a47871b2">
        <conceptNameId>7368</conceptNameId>
        <concept reference="2"/>
        <name>OUTREACH PROGRAM</name>
        <locale id="23">en</locale>
        <creator/>
        <dateCreated id="24">2006-11-22 20:04:31</dateCreated>
        <voided>true</voided>
        <voidedBy/>
        <dateVoided id="25">2023-11-07 23:43:11</dateVoided>
        <voidReason>Removed from user interface</voidReason>
        <tags class="set" id="26"/>
        <localePreferred>false</localePreferred>
        <changedBy/>
        <dateChanged id="27">2023-11-07 23:43:11</dateChanged>
      </org.openmrs.ConceptName>
      <org.openmrs.ConceptName id="28" uuid="a21b3da2-9524-4069-a90d-b867b1e9eabe">
        <conceptNameId>51126</conceptNameId>
        <concept reference="2"/>
        <name>Ebola concept set</name>
        <locale id="29">en</locale>
        <creator/>
        <dateCreated id="30">2023-11-07 23:43:11</dateCreated>
        <voided>false</voided>
        <tags class="set" id="31"/>
        <conceptNameType>FULLY_SPECIFIED</conceptNameType>
        <localePreferred>true</localePreferred>
        <changedBy/>
        <dateChanged id="32">2023-11-07 23:43:11</dateChanged>
      </org.openmrs.ConceptName>
      <org.openmrs.ConceptName id="33" uuid="f6413d24-d5db-102d-ad2a-000c29c2a5d7">
        <conceptNameId>11284</conceptNameId>
        <concept reference="2"/>
        <name>AUTRE PROGRAMME D&apos;ASSISTANCE</name>
        <locale id="34">fr</locale>
        <creator/>
        <dateCreated id="35">2010-06-29 13:03:59</dateCreated>
        <voided>true</voided>
        <voidedBy/>
        <dateVoided id="36">2023-11-07 23:43:11</dateVoided>
        <voidReason>Removed from user interface</voidReason>
        <tags class="set" id="37"/>
        <localePreferred>true</localePreferred>
        <changedBy/>
        <dateChanged id="38">2023-11-07 23:43:11</dateChanged>
      </org.openmrs.ConceptName>
    </names>
    <answers class="set" id="39"/>
    <conceptSets class="set" id="40">
      <org.openmrs.ConceptSet id="41" uuid="9432e8ac-98cd-4637-8f83-9cbb19fb8dc0">
        <conceptSetId>13824</conceptSetId>
        <concept id="42" resolves-to="org.openmrs.Concept" uuid="a25c557d-fe86-415c-befe-a2b3713a59e8">
          <conceptId>11952</conceptId>
          <retired>false</retired>
          <datatype id="43" resolves-to="org.openmrs.ConceptDatatype" uuid="8d4a48b6-c2cc-11de-8d13-0010c6dffd0f">
            <name>Coded</name>
            <description>Value determined by term dictionary lookup (i.e., term identifier)</description>
            <creator/>
            <dateCreated id="44">2004-02-02 05:00:00</dateCreated>
            <retired>false</retired>
            <conceptDatatypeId>2</conceptDatatypeId>
            <hl7Abbreviation>CWE</hl7Abbreviation>
          </datatype>
          <conceptClass id="45" resolves-to="org.openmrs.ConceptClass" uuid="8d491e50-c2cc-11de-8d13-0010c6dffd0f">
            <name>Question</name>
            <description>Question (eg, patient history, SF36 items)</description>
            <creator/>
            <dateCreated id="46">2015-07-01 17:25:50</dateCreated>
            <retired>false</retired>
            <conceptClassId>7</conceptClassId>
          </conceptClass>
          <set>false</set>
          <creator/>
          <dateCreated id="47">2019-02-08 22:21:15</dateCreated>
          <changedBy/>
          <dateChanged id="48">2019-02-08 22:22:04</dateChanged>
          <names class="set" id="49">
            <org.openmrs.ConceptName id="50" uuid="43cbc6d9-0642-43af-950c-8de6faf707da">
              <conceptNameId>38080</conceptNameId>
              <concept reference="42"/>
              <name>Ebola survivor</name>
              <locale id="51">en</locale>
              <creator/>
              <dateCreated id="52">2019-02-08 22:21:15</dateCreated>
              <voided>false</voided>
              <tags class="set" id="53"/>
              <conceptNameType>FULLY_SPECIFIED</conceptNameType>
              <localePreferred>true</localePreferred>
            </org.openmrs.ConceptName>
          </names>
          <answers class="set" id="54">
            <org.openmrs.ConceptAnswer id="55" uuid="37415c02-572e-443a-bc3b-5c60bf43bb98">
              <conceptAnswerId>10667</conceptAnswerId>
              <concept reference="42"/>
              <answerConcept id="56" resolves-to="org.openmrs.Concept" uuid="3cd6f86c-26fe-102b-80cb-0017a47871b2">
                <conceptId>1066</conceptId>
                <retired>false</retired>
                <datatype reference="3"/>
                <conceptClass id="57" resolves-to="org.openmrs.ConceptClass" uuid="8d492774-c2cc-11de-8d13-0010c6dffd0f">
                  <name>Misc</name>
                  <description>Terms which don&apos;t fit other categories</description>
                  <creator/>
                  <dateCreated id="58">2015-07-01 17:25:50</dateCreated>
                  <retired>false</retired>
                  <conceptClassId>11</conceptClassId>
                </conceptClass>
                <set>false</set>
                <creator/>
                <dateCreated id="59">2015-04-22 14:28:45</dateCreated>
                <changedBy/>
                <dateChanged id="60">2023-06-08 17:27:09</dateChanged>
                <names class="set" id="61">
                  <org.openmrs.ConceptName id="62" uuid="139803BBBBBBBBBBBBBBBBBBBBBBBBBBBBBB">
                    <conceptNameId>32262</conceptNameId>
                    <concept reference="56"/>
                    <name>نہیں</name>
                    <locale id="63">ur</locale>
                    <creator/>
                    <dateCreated id="64">2016-08-16 11:48:25</dateCreated>
                    <voided>false</voided>
                    <tags class="set" id="65"/>
                    <conceptNameType>FULLY_SPECIFIED</conceptNameType>
                    <localePreferred>true</localePreferred>
                  </org.openmrs.ConceptName>
                  <org.openmrs.ConceptName id="66" uuid="3e151786-26fe-102b-80cb-0017a47871b2">
                    <conceptNameId>8310</conceptNameId>
                    <concept reference="56"/>
                    <name>No</name>
                    <locale id="67">en</locale>
                    <creator/>
                    <dateCreated id="68">2015-04-22 14:28:45</dateCreated>
                    <voided>false</voided>
                    <tags class="set" id="69"/>
                    <conceptNameType>FULLY_SPECIFIED</conceptNameType>
                    <localePreferred>true</localePreferred>
                  </org.openmrs.ConceptName>
                  <org.openmrs.ConceptName id="70" uuid="126360BBBBBBBBBBBBBBBBBBBBBBBBBBBBBB">
                    <conceptNameId>29715</conceptNameId>
                    <concept reference="56"/>
                    <name>Falso</name>
                    <locale id="71">it</locale>
                    <creator/>
                    <dateCreated id="72">2014-10-11 19:48:46</dateCreated>
                    <voided>false</voided>
                    <tags class="set" id="73"/>
                    <localePreferred>false</localePreferred>
                  </org.openmrs.ConceptName>
                  <org.openmrs.ConceptName id="74" uuid="108334BBBBBBBBBBBBBBBBBBBBBBBBBBBBBB">
                    <conceptNameId>29712</conceptNameId>
                    <concept reference="56"/>
                    <name>No</name>
                    <locale id="75">es</locale>
                    <creator/>
                    <dateCreated id="76">2012-03-04 23:58:47</dateCreated>
                    <voided>false</voided>
                    <tags class="set" id="77"/>
                    <conceptNameType>FULLY_SPECIFIED</conceptNameType>
                    <localePreferred>true</localePreferred>
                  </org.openmrs.ConceptName>
                  <org.openmrs.ConceptName id="78" uuid="111196BBBBBBBBBBBBBBBBBBBBBBBBBBBBBB">
                    <conceptNameId>29717</conceptNameId>
                    <concept reference="56"/>
                    <name>Нет</name>
                    <locale id="79">ru</locale>
                    <creator/>
                    <dateCreated id="80">2013-01-27 06:40:38</dateCreated>
                    <voided>false</voided>
                    <tags class="set" id="81"/>
                    <conceptNameType>FULLY_SPECIFIED</conceptNameType>
                    <localePreferred>true</localePreferred>
                  </org.openmrs.ConceptName>
                  <org.openmrs.ConceptName id="82" uuid="126357BBBBBBBBBBBBBBBBBBBBBBBBBBBBBB">
                    <conceptNameId>29709</conceptNameId>
                    <concept reference="56"/>
                    <name>Faux</name>
                    <locale id="83">fr</locale>
                    <creator/>
                    <dateCreated id="84">2014-10-11 19:48:46</dateCreated>
                    <voided>false</voided>
                    <tags class="set" id="85"/>
                    <localePreferred>false</localePreferred>
                  </org.openmrs.ConceptName>
                  <org.openmrs.ConceptName id="86" uuid="5bcc9a17-0a17-4075-84d4-f09882cfaa18">
                    <conceptNameId>17939</conceptNameId>
                    <concept reference="56"/>
                    <name>Non</name>
                    <locale id="87">ht</locale>
                    <creator/>
                    <dateCreated id="88">2015-04-22 14:28:45</dateCreated>
                    <voided>false</voided>
                    <tags class="set" id="89"/>
                    <conceptNameType>FULLY_SPECIFIED</conceptNameType>
                    <localePreferred>true</localePreferred>
                  </org.openmrs.ConceptName>
                  <org.openmrs.ConceptName id="90" uuid="106917BBBBBBBBBBBBBBBBBBBBBBBBBBBBBB">
                    <conceptNameId>29711</conceptNameId>
                    <concept reference="56"/>
                    <name>ኣይትጥቀምን</name>
                    <locale id="91">ti</locale>
                    <creator/>
                    <dateCreated id="92">2010-10-24 20:04:03</dateCreated>
                    <voided>false</voided>
                    <tags class="set" id="93"/>
                    <conceptNameType>FULLY_SPECIFIED</conceptNameType>
                    <localePreferred>true</localePreferred>
                  </org.openmrs.ConceptName>
                  <org.openmrs.ConceptName id="94" uuid="126358BBBBBBBBBBBBBBBBBBBBBBBBBBBBBB">
                    <conceptNameId>29718</conceptNameId>
                    <concept reference="56"/>
                    <name>Falso</name>
                    <locale id="95">es</locale>
                    <creator/>
                    <dateCreated id="96">2014-10-11 19:48:46</dateCreated>
                    <voided>false</voided>
                    <tags class="set" id="97"/>
                    <localePreferred>false</localePreferred>
                  </org.openmrs.ConceptName>
                  <org.openmrs.ConceptName id="98" uuid="743d14ca-dd31-4ed7-8bfb-b2e4c98a2609">
                    <conceptNameId>17940</conceptNameId>
                    <concept reference="56"/>
                    <name>Non</name>
                    <locale id="99">fr</locale>
                    <creator/>
                    <dateCreated id="100">2015-04-22 14:28:45</dateCreated>
                    <voided>false</voided>
                    <tags class="set" id="101"/>
                    <conceptNameType>FULLY_SPECIFIED</conceptNameType>
                    <localePreferred>true</localePreferred>
                  </org.openmrs.ConceptName>
                  <org.openmrs.ConceptName id="102" uuid="106308BBBBBBBBBBBBBBBBBBBBBBBBBBBBBB">
                    <conceptNameId>29713</conceptNameId>
                    <concept reference="56"/>
                    <name>Muzima</name>
                    <locale id="103">rw</locale>
                    <creator/>
                    <dateCreated id="104">2010-06-21 23:11:53</dateCreated>
                    <voided>false</voided>
                    <tags class="set" id="105"/>
                    <conceptNameType>FULLY_SPECIFIED</conceptNameType>
                    <localePreferred>true</localePreferred>
                  </org.openmrs.ConceptName>
                  <org.openmrs.ConceptName id="106" uuid="126362BBBBBBBBBBBBBBBBBBBBBBBBBBBBBB">
                    <conceptNameId>29716</conceptNameId>
                    <concept reference="56"/>
                    <name>Falso</name>
                    <locale id="107">pt</locale>
                    <creator/>
                    <dateCreated id="108">2014-10-11 19:48:46</dateCreated>
                    <voided>false</voided>
                    <tags class="set" id="109"/>
                    <localePreferred>false</localePreferred>
                  </org.openmrs.ConceptName>
                  <org.openmrs.ConceptName id="110" uuid="137334BBBBBBBBBBBBBBBBBBBBBBBBBBBBBB">
                    <conceptNameId>32261</conceptNameId>
                    <concept reference="56"/>
                    <name>Fo</name>
                    <locale id="111">ht</locale>
                    <creator/>
                    <dateCreated id="112">2016-07-10 05:49:06</dateCreated>
                    <voided>false</voided>
                    <tags class="set" id="113"/>
                    <localePreferred>false</localePreferred>
                  </org.openmrs.ConceptName>
                  <org.openmrs.ConceptName id="114" uuid="126359BBBBBBBBBBBBBBBBBBBBBBBBBBBBBB">
                    <conceptNameId>29710</conceptNameId>
                    <concept reference="56"/>
                    <name>No</name>
                    <locale id="115">it</locale>
                    <creator/>
                    <dateCreated id="116">2014-10-11 19:48:46</dateCreated>
                    <voided>false</voided>
                    <tags class="set" id="117"/>
                    <conceptNameType>FULLY_SPECIFIED</conceptNameType>
                    <localePreferred>true</localePreferred>
                  </org.openmrs.ConceptName>
                  <org.openmrs.ConceptName id="118" uuid="127333BBBBBBBBBBBBBBBBBBBBBBBBBBBBBB">
                    <conceptNameId>29714</conceptNameId>
                    <concept reference="56"/>
                    <name>না</name>
                    <locale id="119">bn</locale>
                    <creator/>
                    <dateCreated id="120">2015-04-24 21:18:07</dateCreated>
                    <voided>false</voided>
                    <tags class="set" id="121"/>
                    <conceptNameType>FULLY_SPECIFIED</conceptNameType>
                    <localePreferred>true</localePreferred>
                  </org.openmrs.ConceptName>
                  <org.openmrs.ConceptName id="122" uuid="126361BBBBBBBBBBBBBBBBBBBBBBBBBBBBBB">
                    <conceptNameId>29708</conceptNameId>
                    <concept reference="56"/>
                    <name>Não</name>
                    <locale id="123">pt</locale>
                    <creator/>
                    <dateCreated id="124">2014-10-11 19:48:46</dateCreated>
                    <voided>false</voided>
                    <tags class="set" id="125"/>
                    <conceptNameType>FULLY_SPECIFIED</conceptNameType>
                    <localePreferred>true</localePreferred>
                  </org.openmrs.ConceptName>
                  <org.openmrs.ConceptName id="126" uuid="126356BBBBBBBBBBBBBBBBBBBBBBBBBBBBBB">
                    <conceptNameId>29719</conceptNameId>
                    <concept reference="56"/>
                    <name>False</name>
                    <locale id="127">en</locale>
                    <creator/>
                    <dateCreated id="128">2014-10-11 19:48:46</dateCreated>
                    <voided>false</voided>
                    <tags class="set" id="129"/>
                    <localePreferred>false</localePreferred>
                  </org.openmrs.ConceptName>
                </names>
                <answers class="set" id="130"/>
                <conceptSets class="set" id="131"/>
                <descriptions class="set" id="132">
                  <org.openmrs.ConceptDescription id="133" uuid="18159FFFFFFFFFFFFFFFFFFFFFFFFFFFFFFF">
                    <conceptDescriptionId>7126</conceptDescriptionId>
                    <concept reference="56"/>
                    <description>کسی سوال کا عام جواب</description>
                    <locale id="134">ur</locale>
                    <creator/>
                    <dateCreated id="135">2016-08-16 11:48:25</dateCreated>
                  </org.openmrs.ConceptDescription>
                  <org.openmrs.ConceptDescription id="136" uuid="d07abafd-ea95-4edd-9c84-ee85592fc91f">
                    <conceptDescriptionId>1077</conceptDescriptionId>
                    <concept reference="56"/>
                    <description>Generic answer to question.</description>
                    <locale id="137">en</locale>
                    <creator/>
                    <dateCreated id="138">2015-04-22 14:28:45</dateCreated>
                    <changedBy/>
                    <dateChanged id="139">2015-04-22 14:28:45</dateChanged>
                  </org.openmrs.ConceptDescription>
                  <org.openmrs.ConceptDescription id="140" uuid="1069FFFFFFFFFFFFFFFFFFFFFFFFFFFFFFFF">
                    <conceptDescriptionId>6867</conceptDescriptionId>
                    <concept reference="56"/>
                    <description>Generic answer to a question.</description>
                    <locale id="141">en</locale>
                    <creator/>
                    <dateCreated id="142">2005-01-06 05:00:00</dateCreated>
                    <dateChanged id="143">2015-04-24 21:18:07</dateChanged>
                  </org.openmrs.ConceptDescription>
                </descriptions>
                <conceptMappings class="set" id="144">
                  <org.openmrs.ConceptMap id="145" uuid="aefacf53-8e8e-4ed0-9d32-cbd1d14c6639">
                    <conceptMapType id="146" resolves-to="org.openmrs.ConceptMapType" uuid="35543629-7d8c-11e1-909d-c80aa9edcf4e">
                      <name>SAME-AS</name>
                      <creator/>
                      <dateCreated id="147">2021-09-02 00:00:00</dateCreated>
                      <changedBy/>
                      <dateChanged id="148">2021-10-01 23:36:39</dateChanged>
                      <retired>false</retired>
                      <conceptMapTypeId>1</conceptMapTypeId>
                      <isHidden>false</isHidden>
                    </conceptMapType>
                    <creator/>
                    <changedBy/>
                    <dateCreated id="149">2015-04-22 14:28:45</dateCreated>
                    <dateChanged id="150">2015-04-22 14:28:45</dateChanged>
                    <conceptMapId>12989</conceptMapId>
                    <concept reference="56"/>
                    <conceptReferenceTerm id="151" resolves-to="org.openmrs.ConceptReferenceTerm" uuid="bfdf9e0c-a208-31e8-9df4-45eccc2ea9e7">
                      <creator/>
                      <dateCreated id="152">2011-07-22 00:00:00</dateCreated>
                      <retired>false</retired>
                      <conceptReferenceTermId>12989</conceptReferenceTermId>
                      <conceptSource id="153" resolves-to="org.openmrs.ConceptSource" uuid="fb9aaaf1-65e2-4c18-b53c-16b575f2f385">
                        <name>PIH</name>
                        <description>Partners In Health concept dictionary using concept ids and preferred English names</description>
                        <creator/>
                        <dateCreated id="154">2015-07-01 17:25:50</dateCreated>
                        <retired>false</retired>
                        <conceptSourceId>5</conceptSourceId>
                      </conceptSource>
                      <code>NO</code>
                      <conceptReferenceTermMaps id="155"/>
                    </conceptReferenceTerm>
                  </org.openmrs.ConceptMap>
                  <org.openmrs.ConceptMap id="156" uuid="144379ABBBBBBBBBBBBBBBBBBBBBBBBBBBBB">
                    <conceptMapType reference="146"/>
                    <creator/>
                    <dateCreated id="157">2012-06-03 21:57:05</dateCreated>
                    <conceptMapId>27572</conceptMapId>
                    <concept reference="56"/>
                    <conceptReferenceTerm id="158" resolves-to="org.openmrs.ConceptReferenceTerm" uuid="170e452e-c092-32c9-b974-23f0bca960bd">
                      <creator/>
                      <dateCreated id="159">2012-06-03 04:00:00</dateCreated>
                      <retired>false</retired>
                      <conceptReferenceTermId>26889</conceptReferenceTermId>
                      <conceptSource id="160" resolves-to="org.openmrs.ConceptSource" uuid="12ADDDDDDDDDDDDDDDDDDDDDDDDDDDDDDDDD">
                        <name>PIH Malawi</name>
                        <description>Partners in Health Malawi concept dictionary</description>
                        <creator/>
                        <dateCreated id="161">2015-07-01 17:25:50</dateCreated>
                        <retired>false</retired>
                        <conceptSourceId>24</conceptSourceId>
                      </conceptSource>
                      <code>1066</code>
                      <conceptReferenceTermMaps id="162"/>
                    </conceptReferenceTerm>
                  </org.openmrs.ConceptMap>
                  <org.openmrs.ConceptMap id="163" uuid="134738ABBBBBBBBBBBBBBBBBBBBBBBBBBBBB">
                    <conceptMapType reference="146"/>
                    <creator/>
                    <dateCreated id="164">2010-10-24 17:09:59</dateCreated>
                    <conceptMapId>27571</conceptMapId>
                    <concept reference="56"/>
                    <conceptReferenceTerm id="165" resolves-to="org.openmrs.ConceptReferenceTerm" uuid="f2531812-ebad-3a19-bf74-9b35025659e5">
                      <creator/>
                      <dateCreated id="166">2010-10-24 04:00:00</dateCreated>
                      <retired>false</retired>
                      <conceptReferenceTermId>26888</conceptReferenceTermId>
                      <conceptSource id="167" resolves-to="org.openmrs.ConceptSource" uuid="13ADDDDDDDDDDDDDDDDDDDDDDDDDDDDDDDDD">
                        <name>AMPATH</name>
                        <description>AMPATH concept dictionary</description>
                        <creator/>
                        <dateCreated id="168">2010-10-24 17:02:38</dateCreated>
                        <changedBy/>
                        <dateChanged id="169">2021-09-20 19:05:26</dateChanged>
                        <retired>false</retired>
                        <conceptSourceId>10</conceptSourceId>
                      </conceptSource>
                      <code>1066</code>
                      <conceptReferenceTermMaps id="170"/>
                    </conceptReferenceTerm>
                  </org.openmrs.ConceptMap>
                  <org.openmrs.ConceptMap id="171" uuid="87458183-630e-4235-aeec-696077464d49">
                    <conceptMapType reference="146"/>
                    <creator/>
                    <dateCreated id="172">2017-03-04 21:45:32</dateCreated>
                    <conceptMapId>27085</conceptMapId>
                    <concept reference="56"/>
                    <conceptReferenceTerm id="173" resolves-to="org.openmrs.ConceptReferenceTerm" uuid="70e47483-b669-4195-a33a-dc968d2af4af">
                      <creator/>
                      <dateCreated id="174">2017-03-04 21:44:34</dateCreated>
                      <retired>false</retired>
                      <conceptReferenceTermId>26242</conceptReferenceTermId>
                      <conceptSource id="175" resolves-to="org.openmrs.ConceptSource" uuid="21ADDDDDDDDDDDDDDDDDDDDDDDDDDDDDDDDD">
                        <name>CIEL</name>
                        <description>Columbia International eHealth Laboratory concept ID</description>
                        <creator/>
                        <dateCreated id="176">2013-07-03 15:55:03</dateCreated>
                        <changedBy/>
                        <dateChanged id="177">2021-10-01 23:36:39</dateChanged>
                        <retired>false</retired>
                        <conceptSourceId>29</conceptSourceId>
                      </conceptSource>
                      <code>1066</code>
                      <conceptReferenceTermMaps id="178"/>
                    </conceptReferenceTerm>
                  </org.openmrs.ConceptMap>
                  <org.openmrs.ConceptMap id="179" uuid="b20d12bc-4864-102e-96e9-000c29c2a5d7">
                    <conceptMapType reference="146"/>
                    <creator/>
                    <changedBy/>
                    <dateCreated id="180">2015-04-22 14:28:45</dateCreated>
                    <dateChanged id="181">2015-04-22 14:28:45</dateChanged>
                    <conceptMapId>1068</conceptMapId>
                    <concept reference="56"/>
                    <conceptReferenceTerm id="182" resolves-to="org.openmrs.ConceptReferenceTerm" uuid="733a28fa-d244-3248-b654-09ffb442e6f2">
                      <creator/>
                      <dateCreated id="183">2010-11-23 00:00:00</dateCreated>
                      <retired>false</retired>
                      <conceptReferenceTermId>1068</conceptReferenceTermId>
                      <conceptSource reference="153"/>
                      <code>1066</code>
                      <conceptReferenceTermMaps id="184"/>
                    </conceptReferenceTerm>
                  </org.openmrs.ConceptMap>
                  <org.openmrs.ConceptMap id="185" uuid="133841ABBBBBBBBBBBBBBBBBBBBBBBBBBBBB">
                    <conceptMapType reference="146"/>
                    <creator/>
                    <dateCreated id="186">2010-10-01 23:13:10</dateCreated>
                    <conceptMapId>25515</conceptMapId>
                    <concept reference="56"/>
                    <conceptReferenceTerm id="187" resolves-to="org.openmrs.ConceptReferenceTerm" uuid="beaa27cb-dacc-3334-b7c4-9f230f2dd231">
                      <creator/>
                      <dateCreated id="188">2010-10-01 04:00:00</dateCreated>
                      <retired>false</retired>
                      <conceptReferenceTermId>24857</conceptReferenceTermId>
                      <conceptSource id="189" resolves-to="org.openmrs.ConceptSource" uuid="1ADDDDDDDDDDDDDDDDDDDDDDDDDDDDDDDDDD">
                        <name>SNOMED CT</name>
                        <description>SNOMED Preferred mapping</description>
                        <creator/>
                        <dateCreated id="190">2009-11-19 20:19:16</dateCreated>
                        <changedBy/>
                        <dateChanged id="191">2021-10-01 23:36:39</dateChanged>
                        <retired>false</retired>
                        <conceptSourceId>6</conceptSourceId>
                        <hl7Code>SCT</hl7Code>
                      </conceptSource>
                      <code>373067005</code>
                      <conceptReferenceTermMaps id="192"/>
                    </conceptReferenceTerm>
                  </org.openmrs.ConceptMap>
                </conceptMappings>
                <attributes id="193"/>
              </answerConcept>
              <creator/>
              <dateCreated id="194">2019-02-08 22:21:15</dateCreated>
              <sortWeight>2.0</sortWeight>
            </org.openmrs.ConceptAnswer>
            <org.openmrs.ConceptAnswer id="195" uuid="0975b5d7-0987-4285-9647-7fc70194f1ae">
              <conceptAnswerId>10668</conceptAnswerId>
              <concept reference="42"/>
              <answerConcept id="196" resolves-to="org.openmrs.Concept" uuid="3cd6f600-26fe-102b-80cb-0017a47871b2">
                <conceptId>1065</conceptId>
                <retired>false</retired>
                <datatype reference="3"/>
                <conceptClass reference="57"/>
                <set>false</set>
                <creator/>
                <dateCreated id="197">2015-04-22 14:28:44</dateCreated>
                <changedBy/>
                <dateChanged id="198">2023-06-08 17:27:09</dateChanged>
                <names class="set" id="199">
                  <org.openmrs.ConceptName id="200" uuid="127332BBBBBBBBBBBBBBBBBBBBBBBBBBBBBB">
                    <conceptNameId>29699</conceptNameId>
                    <concept reference="196"/>
                    <name>হ্যাঁ</name>
                    <locale id="201">bn</locale>
                    <creator/>
                    <dateCreated id="202">2015-04-24 21:17:40</dateCreated>
                    <voided>false</voided>
                    <tags class="set" id="203"/>
                    <conceptNameType>FULLY_SPECIFIED</conceptNameType>
                    <localePreferred>true</localePreferred>
                  </org.openmrs.ConceptName>
                  <org.openmrs.ConceptName id="204" uuid="126316BBBBBBBBBBBBBBBBBBBBBBBBBBBBBB">
                    <conceptNameId>29696</conceptNameId>
                    <concept reference="196"/>
                    <name>Sì</name>
                    <locale id="205">it</locale>
                    <creator/>
                    <dateCreated id="206">2014-10-07 22:39:17</dateCreated>
                    <voided>false</voided>
                    <tags class="set" id="207"/>
                    <conceptNameType>FULLY_SPECIFIED</conceptNameType>
                    <localePreferred>true</localePreferred>
                  </org.openmrs.ConceptName>
                  <org.openmrs.ConceptName id="208" uuid="106307BBBBBBBBBBBBBBBBBBBBBBBBBBBBBB">
                    <conceptNameId>29693</conceptNameId>
                    <concept reference="196"/>
                    <name>Yego</name>
                    <locale id="209">rw</locale>
                    <creator/>
                    <dateCreated id="210">2010-06-21 23:11:26</dateCreated>
                    <voided>false</voided>
                    <tags class="set" id="211"/>
                    <conceptNameType>FULLY_SPECIFIED</conceptNameType>
                    <localePreferred>true</localePreferred>
                  </org.openmrs.ConceptName>
                  <org.openmrs.ConceptName id="212" uuid="126313BBBBBBBBBBBBBBBBBBBBBBBBBBBBBB">
                    <conceptNameId>29692</conceptNameId>
                    <concept reference="196"/>
                    <name>True</name>
                    <locale id="213">en</locale>
                    <creator/>
                    <dateCreated id="214">2014-10-07 22:36:00</dateCreated>
                    <voided>false</voided>
                    <tags class="set" id="215"/>
                    <localePreferred>false</localePreferred>
                  </org.openmrs.ConceptName>
                  <org.openmrs.ConceptName id="216" uuid="3e15161e-26fe-102b-80cb-0017a47871b2">
                    <conceptNameId>1102</conceptNameId>
                    <concept reference="196"/>
                    <name>Yes</name>
                    <locale id="217">en</locale>
                    <creator/>
                    <dateCreated id="218">2015-04-22 14:28:44</dateCreated>
                    <voided>false</voided>
                    <tags class="set" id="219"/>
                    <conceptNameType>FULLY_SPECIFIED</conceptNameType>
                    <localePreferred>true</localePreferred>
                  </org.openmrs.ConceptName>
                  <org.openmrs.ConceptName id="220" uuid="137332BBBBBBBBBBBBBBBBBBBBBBBBBBBBBB">
                    <conceptNameId>32263</conceptNameId>
                    <concept reference="196"/>
                    <name>Vre</name>
                    <locale id="221">ht</locale>
                    <creator/>
                    <dateCreated id="222">2016-07-10 05:47:58</dateCreated>
                    <voided>false</voided>
                    <tags class="set" id="223"/>
                    <localePreferred>false</localePreferred>
                  </org.openmrs.ConceptName>
                  <org.openmrs.ConceptName id="224" uuid="126317BBBBBBBBBBBBBBBBBBBBBBBBBBBBBB">
                    <conceptNameId>29698</conceptNameId>
                    <concept reference="196"/>
                    <name>Vero</name>
                    <locale id="225">it</locale>
                    <creator/>
                    <dateCreated id="226">2014-10-07 22:39:17</dateCreated>
                    <voided>false</voided>
                    <tags class="set" id="227"/>
                    <localePreferred>false</localePreferred>
                  </org.openmrs.ConceptName>
                  <org.openmrs.ConceptName id="228" uuid="108333BBBBBBBBBBBBBBBBBBBBBBBBBBBBBB">
                    <conceptNameId>29700</conceptNameId>
                    <concept reference="196"/>
                    <name>Sí</name>
                    <locale id="229">es</locale>
                    <creator/>
                    <dateCreated id="230">2012-03-04 23:58:29</dateCreated>
                    <voided>false</voided>
                    <tags class="set" id="231"/>
                    <conceptNameType>FULLY_SPECIFIED</conceptNameType>
                    <localePreferred>true</localePreferred>
                  </org.openmrs.ConceptName>
                  <org.openmrs.ConceptName id="232" uuid="126314BBBBBBBBBBBBBBBBBBBBBBBBBBBBBB">
                    <conceptNameId>29695</conceptNameId>
                    <concept reference="196"/>
                    <name>Vrai</name>
                    <locale id="233">fr</locale>
                    <creator/>
                    <dateCreated id="234">2014-10-07 22:39:17</dateCreated>
                    <voided>false</voided>
                    <tags class="set" id="235"/>
                    <localePreferred>false</localePreferred>
                  </org.openmrs.ConceptName>
                  <org.openmrs.ConceptName id="236" uuid="111198BBBBBBBBBBBBBBBBBBBBBBBBBBBBBB">
                    <conceptNameId>29697</conceptNameId>
                    <concept reference="196"/>
                    <name>Да</name>
                    <locale id="237">ru</locale>
                    <creator/>
                    <dateCreated id="238">2013-01-27 06:41:22</dateCreated>
                    <voided>false</voided>
                    <tags class="set" id="239"/>
                    <conceptNameType>FULLY_SPECIFIED</conceptNameType>
                    <localePreferred>true</localePreferred>
                  </org.openmrs.ConceptName>
                  <org.openmrs.ConceptName id="240" uuid="0b931af0-15f5-102d-96e4-000c29c2a5d7">
                    <conceptNameId>9147</conceptNameId>
                    <concept reference="196"/>
                    <name>Oui</name>
                    <locale id="241">fr</locale>
                    <creator/>
                    <dateCreated id="242">2015-04-22 14:28:44</dateCreated>
                    <voided>false</voided>
                    <tags class="set" id="243"/>
                    <conceptNameType>FULLY_SPECIFIED</conceptNameType>
                    <localePreferred>true</localePreferred>
                  </org.openmrs.ConceptName>
                  <org.openmrs.ConceptName id="244" uuid="126315BBBBBBBBBBBBBBBBBBBBBBBBBBBBBB">
                    <conceptNameId>29691</conceptNameId>
                    <concept reference="196"/>
                    <name>Verdadero</name>
                    <locale id="245">es</locale>
                    <creator/>
                    <dateCreated id="246">2014-10-07 22:39:17</dateCreated>
                    <voided>false</voided>
                    <tags class="set" id="247"/>
                    <localePreferred>false</localePreferred>
                  </org.openmrs.ConceptName>
                  <org.openmrs.ConceptName id="248" uuid="126318BBBBBBBBBBBBBBBBBBBBBBBBBBBBBB">
                    <conceptNameId>29689</conceptNameId>
                    <concept reference="196"/>
                    <name>Sim</name>
                    <locale id="249">pt</locale>
                    <creator/>
                    <dateCreated id="250">2014-10-07 22:39:17</dateCreated>
                    <voided>false</voided>
                    <tags class="set" id="251"/>
                    <conceptNameType>FULLY_SPECIFIED</conceptNameType>
                    <localePreferred>true</localePreferred>
                  </org.openmrs.ConceptName>
                  <org.openmrs.ConceptName id="252" uuid="139802BBBBBBBBBBBBBBBBBBBBBBBBBBBBBB">
                    <conceptNameId>32264</conceptNameId>
                    <concept reference="196"/>
                    <name>ہاں</name>
                    <locale id="253">ur</locale>
                    <creator/>
                    <dateCreated id="254">2016-08-16 11:47:47</dateCreated>
                    <voided>false</voided>
                    <tags class="set" id="255"/>
                    <conceptNameType>FULLY_SPECIFIED</conceptNameType>
                    <localePreferred>true</localePreferred>
                  </org.openmrs.ConceptName>
                  <org.openmrs.ConceptName id="256" uuid="541f1720-0abe-49dd-b4f6-7de87ce05917">
                    <conceptNameId>17941</conceptNameId>
                    <concept reference="196"/>
                    <name>Wi</name>
                    <locale id="257">ht</locale>
                    <creator/>
                    <dateCreated id="258">2015-04-22 14:28:44</dateCreated>
                    <voided>false</voided>
                    <tags class="set" id="259"/>
                    <conceptNameType>FULLY_SPECIFIED</conceptNameType>
                    <localePreferred>true</localePreferred>
                  </org.openmrs.ConceptName>
                  <org.openmrs.ConceptName id="260" uuid="126319BBBBBBBBBBBBBBBBBBBBBBBBBBBBBB">
                    <conceptNameId>29694</conceptNameId>
                    <concept reference="196"/>
                    <name>Verdadeiro</name>
                    <locale id="261">pt</locale>
                    <creator/>
                    <dateCreated id="262">2014-10-07 22:39:17</dateCreated>
                    <voided>false</voided>
                    <tags class="set" id="263"/>
                    <localePreferred>false</localePreferred>
                  </org.openmrs.ConceptName>
                  <org.openmrs.ConceptName id="264" uuid="106919BBBBBBBBBBBBBBBBBBBBBBBBBBBBBB">
                    <conceptNameId>29690</conceptNameId>
                    <concept reference="196"/>
                    <name>እወ</name>
                    <locale id="265">ti</locale>
                    <creator/>
                    <dateCreated id="266">2010-10-24 20:04:37</dateCreated>
                    <voided>false</voided>
                    <tags class="set" id="267"/>
                    <conceptNameType>FULLY_SPECIFIED</conceptNameType>
                    <localePreferred>true</localePreferred>
                  </org.openmrs.ConceptName>
                </names>
                <answers class="set" id="268"/>
                <conceptSets class="set" id="269"/>
                <descriptions class="set" id="270">
                  <org.openmrs.ConceptDescription id="271" uuid="1068FFFFFFFFFFFFFFFFFFFFFFFFFFFFFFFF">
                    <conceptDescriptionId>6865</conceptDescriptionId>
                    <concept reference="196"/>
                    <description>Generic answer to a question.</description>
                    <locale id="272">en</locale>
                    <creator/>
                    <dateCreated id="273">2005-01-06 05:00:00</dateCreated>
                    <dateChanged id="274">2015-04-24 21:17:40</dateChanged>
                  </org.openmrs.ConceptDescription>
                  <org.openmrs.ConceptDescription id="275" uuid="ece437ba-07fe-102c-b5fa-0017a47871b2">
                    <conceptDescriptionId>1076</conceptDescriptionId>
                    <concept reference="196"/>
                    <description>Generic answer to a question.</description>
                    <locale id="276">en</locale>
                    <creator/>
                    <dateCreated id="277">2015-04-22 14:28:44</dateCreated>
                    <changedBy/>
                    <dateChanged id="278">2015-04-22 14:28:44</dateChanged>
                  </org.openmrs.ConceptDescription>
                  <org.openmrs.ConceptDescription id="279" uuid="18158FFFFFFFFFFFFFFFFFFFFFFFFFFFFFFF">
                    <conceptDescriptionId>7125</conceptDescriptionId>
                    <concept reference="196"/>
                    <description>کسی سوال کا عام جواب</description>
                    <locale id="280">ur</locale>
                    <creator/>
                    <dateCreated id="281">2016-08-16 11:47:47</dateCreated>
                  </org.openmrs.ConceptDescription>
                </descriptions>
                <conceptMappings class="set" id="282">
                  <org.openmrs.ConceptMap id="283" uuid="b20d114a-4864-102e-96e9-000c29c2a5d7">
                    <conceptMapType reference="146"/>
                    <creator/>
                    <changedBy/>
                    <dateCreated id="284">2015-04-22 14:28:44</dateCreated>
                    <dateChanged id="285">2015-04-22 14:28:44</dateChanged>
                    <conceptMapId>1067</conceptMapId>
                    <concept reference="196"/>
                    <conceptReferenceTerm id="286" resolves-to="org.openmrs.ConceptReferenceTerm" uuid="bbb5c16f-f127-32a4-97d5-7d7bed12bfd4">
                      <creator/>
                      <dateCreated id="287">2010-11-23 00:00:00</dateCreated>
                      <retired>false</retired>
                      <conceptReferenceTermId>1067</conceptReferenceTermId>
                      <conceptSource reference="153"/>
                      <code>1065</code>
                      <conceptReferenceTermMaps id="288"/>
                    </conceptReferenceTerm>
                  </org.openmrs.ConceptMap>
                  <org.openmrs.ConceptMap id="289" uuid="133840ABBBBBBBBBBBBBBBBBBBBBBBBBBBBB">
                    <conceptMapType reference="146"/>
                    <creator/>
                    <dateCreated id="290">2010-10-01 23:11:47</dateCreated>
                    <conceptMapId>25513</conceptMapId>
                    <concept reference="196"/>
                    <conceptReferenceTerm id="291" resolves-to="org.openmrs.ConceptReferenceTerm" uuid="d2d5f591-c1b5-308e-bbbb-2fb6dee0d2b2">
                      <creator/>
                      <dateCreated id="292">2010-10-01 04:00:00</dateCreated>
                      <retired>false</retired>
                      <conceptReferenceTermId>24855</conceptReferenceTermId>
                      <conceptSource reference="189"/>
                      <code>373066001</code>
                      <conceptReferenceTermMaps id="293"/>
                    </conceptReferenceTerm>
                  </org.openmrs.ConceptMap>
                  <org.openmrs.ConceptMap id="294" uuid="7568887a-4943-102e-96e9-000c29c2a5d7">
                    <conceptMapType reference="146"/>
                    <creator/>
                    <changedBy/>
                    <dateCreated id="295">2015-04-22 14:28:44</dateCreated>
                    <dateChanged id="296">2015-04-22 14:28:44</dateChanged>
                    <conceptMapId>6958</conceptMapId>
                    <concept reference="196"/>
                    <conceptReferenceTerm id="297" resolves-to="org.openmrs.ConceptReferenceTerm" uuid="43c590f7-f85f-376f-9083-d189b74ed37c">
                      <creator/>
                      <dateCreated id="298">2010-11-24 00:00:00</dateCreated>
                      <retired>false</retired>
                      <conceptReferenceTermId>6958</conceptReferenceTermId>
                      <conceptSource reference="153"/>
                      <code>YES</code>
                      <conceptReferenceTermMaps id="299"/>
                    </conceptReferenceTerm>
                  </org.openmrs.ConceptMap>
                  <org.openmrs.ConceptMap id="300" uuid="4c5c3b67-8cc9-4d59-9b8e-8c910e44d8a3">
                    <conceptMapType reference="146"/>
                    <creator/>
                    <dateCreated id="301">2017-03-04 21:45:04</dateCreated>
                    <conceptMapId>27084</conceptMapId>
                    <concept reference="196"/>
                    <conceptReferenceTerm id="302" resolves-to="org.openmrs.ConceptReferenceTerm" uuid="7df22b69-9a03-49e8-aa0a-063e61e1f9a5">
                      <creator/>
                      <dateCreated id="303">2017-03-04 21:44:26</dateCreated>
                      <retired>false</retired>
                      <conceptReferenceTermId>26241</conceptReferenceTermId>
                      <conceptSource reference="175"/>
                      <code>1065</code>
                      <conceptReferenceTermMaps id="304"/>
                    </conceptReferenceTerm>
                  </org.openmrs.ConceptMap>
                  <org.openmrs.ConceptMap id="305" uuid="144378ABBBBBBBBBBBBBBBBBBBBBBBBBBBBB">
                    <conceptMapType reference="146"/>
                    <creator/>
                    <dateCreated id="306">2012-06-03 21:56:11</dateCreated>
                    <conceptMapId>27570</conceptMapId>
                    <concept reference="196"/>
                    <conceptReferenceTerm id="307" resolves-to="org.openmrs.ConceptReferenceTerm" uuid="0a25554e-8e73-3431-a111-837291cbc771">
                      <creator/>
                      <dateCreated id="308">2012-06-03 04:00:00</dateCreated>
                      <retired>false</retired>
                      <conceptReferenceTermId>26891</conceptReferenceTermId>
                      <conceptSource reference="160"/>
                      <code>1065</code>
                      <conceptReferenceTermMaps id="309"/>
                    </conceptReferenceTerm>
                  </org.openmrs.ConceptMap>
                  <org.openmrs.ConceptMap id="310" uuid="134737ABBBBBBBBBBBBBBBBBBBBBBBBBBBBB">
                    <conceptMapType reference="146"/>
                    <creator/>
                    <dateCreated id="311">2010-10-24 17:09:59</dateCreated>
                    <conceptMapId>27569</conceptMapId>
                    <concept reference="196"/>
                    <conceptReferenceTerm id="312" resolves-to="org.openmrs.ConceptReferenceTerm" uuid="85fd20aa-8f0e-33c6-8d26-87087144d1f0">
                      <creator/>
                      <dateCreated id="313">2010-10-24 04:00:00</dateCreated>
                      <retired>false</retired>
                      <conceptReferenceTermId>26890</conceptReferenceTermId>
                      <conceptSource reference="167"/>
                      <code>1065</code>
                      <conceptReferenceTermMaps id="314"/>
                    </conceptReferenceTerm>
                  </org.openmrs.ConceptMap>
                </conceptMappings>
                <attributes id="315"/>
              </answerConcept>
              <creator/>
              <dateCreated id="316">2019-02-08 22:21:15</dateCreated>
              <sortWeight>1.0</sortWeight>
            </org.openmrs.ConceptAnswer>
          </answers>
          <conceptSets class="set" id="317"/>
          <descriptions class="set" id="318"/>
          <conceptMappings class="set" id="319">
            <org.openmrs.ConceptMap id="320" uuid="28d152d8-86c4-4e96-b84a-1f97a276b5f8">
              <conceptMapType reference="146"/>
              <creator/>
              <dateCreated id="321">2019-02-08 22:22:04</dateCreated>
              <conceptMapId>31126</conceptMapId>
              <concept reference="42"/>
              <conceptReferenceTerm id="322" resolves-to="org.openmrs.ConceptReferenceTerm" uuid="34793204-9746-44c0-9110-42b69dd5d8e0">
                <creator/>
                <dateCreated id="323">2019-02-08 22:21:35</dateCreated>
                <retired>false</retired>
                <conceptReferenceTermId>30460</conceptReferenceTermId>
                <conceptSource reference="153"/>
                <code>Ebola survivor</code>
                <conceptReferenceTermMaps id="324"/>
              </conceptReferenceTerm>
            </org.openmrs.ConceptMap>
            <org.openmrs.ConceptMap id="325" uuid="edde86ab-0cf3-11ec-9f8b-aa0059ea79c6">
              <conceptMapType reference="146"/>
              <creator/>
              <dateCreated id="326">2021-09-03 20:17:03</dateCreated>
              <conceptMapId>39728</conceptMapId>
              <concept reference="42"/>
              <conceptReferenceTerm id="327" resolves-to="org.openmrs.ConceptReferenceTerm" uuid="97a7438e-0cf1-11ec-9f8b-aa0059ea79c6">
                <creator/>
                <dateCreated id="328">2021-09-03 20:00:31</dateCreated>
                <retired>false</retired>
                <conceptReferenceTermId>37940</conceptReferenceTermId>
                <conceptSource reference="153"/>
                <code>11952</code>
                <conceptReferenceTermMaps id="329"/>
              </conceptReferenceTerm>
            </org.openmrs.ConceptMap>
          </conceptMappings>
          <attributes id="330"/>
        </concept>
        <conceptSet reference="2"/>
        <sortWeight>0.0</sortWeight>
        <creator/>
        <dateCreated id="331">2023-11-07 23:43:11</dateCreated>
      </org.openmrs.ConceptSet>
      <org.openmrs.ConceptSet id="332" uuid="479dde64-10df-496c-b57c-5a9486dea631">
        <conceptSetId>13826</conceptSetId>
        <concept id="333" resolves-to="org.openmrs.Concept" uuid="57bcb246-754f-4e43-bed9-a072388932b1">
          <conceptId>11953</conceptId>
          <retired>false</retired>
          <datatype reference="43"/>
          <conceptClass reference="45"/>
          <set>false</set>
          <creator/>
          <dateCreated id="334">2019-02-08 22:24:01</dateCreated>
          <changedBy/>
          <dateChanged id="335">2019-02-08 22:24:01</dateChanged>
          <names class="set" id="336">
            <org.openmrs.ConceptName id="337" uuid="7e5ed630-e552-4b76-8581-089d492cd8df">
              <conceptNameId>38081</conceptNameId>
              <concept reference="333"/>
              <name>Partner of ebola survivor</name>
              <locale id="338">en</locale>
              <creator/>
              <dateCreated id="339">2019-02-08 22:24:01</dateCreated>
              <voided>false</voided>
              <tags class="set" id="340"/>
              <conceptNameType>FULLY_SPECIFIED</conceptNameType>
              <localePreferred>true</localePreferred>
            </org.openmrs.ConceptName>
          </names>
          <answers class="set" id="341">
            <org.openmrs.ConceptAnswer id="342" uuid="fb017e5a-d83f-4241-a404-366294c9867e">
              <conceptAnswerId>10669</conceptAnswerId>
              <concept reference="333"/>
              <answerConcept reference="196"/>
              <creator/>
              <dateCreated id="343">2019-02-08 22:24:01</dateCreated>
              <sortWeight>1.0</sortWeight>
            </org.openmrs.ConceptAnswer>
            <org.openmrs.ConceptAnswer id="344" uuid="e0b6ed72-f94c-4c17-ba23-32846f6b3587">
              <conceptAnswerId>10670</conceptAnswerId>
              <concept reference="333"/>
              <answerConcept reference="56"/>
              <creator/>
              <dateCreated id="345">2019-02-08 22:24:01</dateCreated>
              <sortWeight>2.0</sortWeight>
            </org.openmrs.ConceptAnswer>
          </answers>
          <conceptSets class="set" id="346"/>
          <descriptions class="set" id="347"/>
          <conceptMappings class="set" id="348">
            <org.openmrs.ConceptMap id="349" uuid="eddef88c-0cf3-11ec-9f8b-aa0059ea79c6">
              <conceptMapType reference="146"/>
              <creator/>
              <dateCreated id="350">2021-09-03 20:17:03</dateCreated>
              <conceptMapId>39729</conceptMapId>
              <concept reference="333"/>
              <conceptReferenceTerm id="351" resolves-to="org.openmrs.ConceptReferenceTerm" uuid="97a74530-0cf1-11ec-9f8b-aa0059ea79c6">
                <creator/>
                <dateCreated id="352">2021-09-03 20:00:31</dateCreated>
                <retired>false</retired>
                <conceptReferenceTermId>37941</conceptReferenceTermId>
                <conceptSource reference="153"/>
                <code>11953</code>
                <conceptReferenceTermMaps id="353"/>
              </conceptReferenceTerm>
            </org.openmrs.ConceptMap>
            <org.openmrs.ConceptMap id="354" uuid="25333cc7-a4a6-40ad-960f-e6c99d7802f9">
              <conceptMapType reference="146"/>
              <creator/>
              <dateCreated id="355">2019-02-08 22:24:01</dateCreated>
              <conceptMapId>31127</conceptMapId>
              <concept reference="333"/>
              <conceptReferenceTerm id="356" resolves-to="org.openmrs.ConceptReferenceTerm" uuid="26dec867-a620-4fee-aba1-8634bbf79090">
                <creator/>
                <dateCreated id="357">2019-02-08 22:21:53</dateCreated>
                <retired>false</retired>
                <conceptReferenceTermId>30461</conceptReferenceTermId>
                <conceptSource reference="153"/>
                <code>Partner of ebola survivor</code>
                <conceptReferenceTermMaps id="358"/>
              </conceptReferenceTerm>
            </org.openmrs.ConceptMap>
          </conceptMappings>
          <attributes id="359"/>
        </concept>
        <conceptSet reference="2"/>
        <sortWeight>2.0</sortWeight>
        <creator/>
        <dateCreated id="360">2023-11-07 23:43:11</dateCreated>
      </org.openmrs.ConceptSet>
      <org.openmrs.ConceptSet id="361" uuid="1a808c3d-f5ea-453c-9b39-a1af8ff1137b">
        <conceptSetId>13825</conceptSetId>
        <concept id="362" resolves-to="org.openmrs.Concept" uuid="7162b9bd-9637-457d-a966-e40f5134278d">
          <conceptId>12245</conceptId>
          <retired>false</retired>
          <datatype reference="43"/>
          <conceptClass reference="45"/>
          <set>false</set>
          <creator/>
          <dateCreated id="363">2019-08-02 15:07:49</dateCreated>
          <changedBy/>
          <dateChanged id="364">2019-10-31 16:43:51</dateChanged>
          <names class="set" id="365">
            <org.openmrs.ConceptName id="366" uuid="a078f168-7ae0-48f1-a597-80a5cfba1070">
              <conceptNameId>40183</conceptNameId>
              <concept reference="362"/>
              <name>Ebola symptom</name>
              <locale id="367">en</locale>
              <creator/>
              <dateCreated id="368">2019-08-02 15:07:49</dateCreated>
              <voided>false</voided>
              <tags class="set" id="369"/>
              <conceptNameType>FULLY_SPECIFIED</conceptNameType>
              <localePreferred>true</localePreferred>
            </org.openmrs.ConceptName>
            <org.openmrs.ConceptName id="370" uuid="d3cd61a5-f58f-4c9e-86f1-583c09a2a145">
              <conceptNameId>41478</conceptNameId>
              <concept reference="362"/>
              <name>Ebola screening</name>
              <locale id="371">en</locale>
              <creator/>
              <dateCreated id="372">2019-10-31 16:43:51</dateCreated>
              <voided>false</voided>
              <tags class="set" id="373"/>
              <localePreferred>false</localePreferred>
            </org.openmrs.ConceptName>
          </names>
          <answers class="set" id="374">
            <org.openmrs.ConceptAnswer id="375" uuid="7c633d03-f1b4-4ce5-ae72-a9d487476a61">
              <conceptAnswerId>10879</conceptAnswerId>
              <concept reference="362"/>
              <answerConcept id="376" resolves-to="org.openmrs.Concept" uuid="1690AAAAAAAAAAAAAAAAAAAAAAAAAAAAAAAA">
                <conceptId>12247</conceptId>
                <retired>false</retired>
                <datatype reference="43"/>
                <conceptClass id="377" resolves-to="org.openmrs.ConceptClass" uuid="8d491a9a-c2cc-11de-8d13-0010c6dffd0f">
                  <name>Finding</name>
                  <description>Practitioner observation/finding</description>
                  <creator/>
                  <dateCreated id="378">2015-07-01 17:25:50</dateCreated>
                  <retired>false</retired>
                  <conceptClassId>5</conceptClassId>
                </conceptClass>
                <set>false</set>
                <creator/>
                <dateCreated id="379">2009-05-13 00:44:22</dateCreated>
                <changedBy/>
                <dateChanged id="380">2019-10-31 16:45:13</dateChanged>
                <names class="set" id="381">
                  <org.openmrs.ConceptName id="382" uuid="1970BBBBBBBBBBBBBBBBBBBBBBBBBBBBBBBB">
                    <conceptNameId>40186</conceptNameId>
                    <concept reference="376"/>
                    <name>Clinical suspicion</name>
                    <locale id="383">en</locale>
                    <creator/>
                    <dateCreated id="384">2009-05-13 00:44:22</dateCreated>
                    <voided>false</voided>
                    <tags class="set" id="385"/>
                    <conceptNameType>FULLY_SPECIFIED</conceptNameType>
                    <localePreferred>true</localePreferred>
                    <dateChanged id="386">2019-08-02 14:54:36</dateChanged>
                  </org.openmrs.ConceptName>
                  <org.openmrs.ConceptName id="387" uuid="105863BBBBBBBBBBBBBBBBBBBBBBBBBBBBBB">
                    <conceptNameId>40187</conceptNameId>
                    <concept reference="376"/>
                    <name>Signes cliniques</name>
                    <locale id="388">fr</locale>
                    <creator/>
                    <dateCreated id="389">2010-05-03 21:07:46</dateCreated>
                    <voided>false</voided>
                    <tags class="set" id="390"/>
                    <conceptNameType>FULLY_SPECIFIED</conceptNameType>
                    <localePreferred>true</localePreferred>
                    <dateChanged id="391">2019-08-02 14:55:02</dateChanged>
                  </org.openmrs.ConceptName>
                  <org.openmrs.ConceptName id="392" uuid="137571BBBBBBBBBBBBBBBBBBBBBBBBBBBBBB">
                    <conceptNameId>40188</conceptNameId>
                    <concept reference="376"/>
                    <name>siy klinik</name>
                    <locale id="393">ht</locale>
                    <creator/>
                    <dateCreated id="394">2016-07-10 07:25:08</dateCreated>
                    <voided>false</voided>
                    <tags class="set" id="395"/>
                    <conceptNameType>FULLY_SPECIFIED</conceptNameType>
                    <localePreferred>true</localePreferred>
                    <dateChanged id="396">2019-08-02 14:54:36</dateChanged>
                  </org.openmrs.ConceptName>
                  <org.openmrs.ConceptName id="397" uuid="86973BBBBBBBBBBBBBBBBBBBBBBBBBBBBBBB">
                    <conceptNameId>40189</conceptNameId>
                    <concept reference="376"/>
                    <name>clinical suspicion</name>
                    <locale id="398">en</locale>
                    <creator/>
                    <dateCreated id="399">2009-05-13 00:44:22</dateCreated>
                    <voided>true</voided>
                    <voidedBy/>
                    <dateVoided id="400">2019-08-02 14:54:35</dateVoided>
                    <tags class="set" id="401"/>
                    <conceptNameType>SHORT</conceptNameType>
                    <localePreferred>false</localePreferred>
                    <dateChanged id="402">2019-08-02 14:54:36</dateChanged>
                  </org.openmrs.ConceptName>
                </names>
                <answers class="set" id="403">
                  <org.openmrs.ConceptAnswer id="404" uuid="cbb2aad7-e6ee-4002-bac7-df71204db3a3">
                    <conceptAnswerId>11191</conceptAnswerId>
                    <concept reference="376"/>
                    <answerConcept reference="196"/>
                    <creator/>
                    <dateCreated id="405">2019-10-31 16:45:03</dateCreated>
                    <sortWeight>1.0</sortWeight>
                  </org.openmrs.ConceptAnswer>
                  <org.openmrs.ConceptAnswer id="406" uuid="e77e9e23-c2c1-44fd-ab16-f66214cfca53">
                    <conceptAnswerId>11192</conceptAnswerId>
                    <concept reference="376"/>
                    <answerConcept reference="56"/>
                    <creator/>
                    <dateCreated id="407">2019-10-31 16:45:03</dateCreated>
                    <sortWeight>2.0</sortWeight>
                  </org.openmrs.ConceptAnswer>
                </answers>
                <conceptSets class="set" id="408"/>
                <descriptions class="set" id="409">
                  <org.openmrs.ConceptDescription id="410" uuid="1527FFFFFFFFFFFFFFFFFFFFFFFFFFFFFFFF">
                    <conceptDescriptionId>7858</conceptDescriptionId>
                    <concept reference="376"/>
                    <description>Reason for beginning treatment. Clinical suspicion is signs and symptoms indicate disease without definitive diagnosis.</description>
                    <locale id="411">en</locale>
                    <creator/>
                    <dateCreated id="412">2009-05-13 00:44:22</dateCreated>
                    <dateChanged id="413">2016-07-10 07:25:08</dateChanged>
                  </org.openmrs.ConceptDescription>
                </descriptions>
                <conceptMappings class="set" id="414">
                  <org.openmrs.ConceptMap id="415" uuid="ed26f2ca-0cf3-11ec-9f8b-aa0059ea79c6">
                    <conceptMapType reference="146"/>
                    <creator/>
                    <dateCreated id="416">2021-09-03 20:17:03</dateCreated>
                    <conceptMapId>39358</conceptMapId>
                    <concept reference="376"/>
                    <conceptReferenceTerm id="417" resolves-to="org.openmrs.ConceptReferenceTerm" uuid="97a517f3-0cf1-11ec-9f8b-aa0059ea79c6">
                      <creator/>
                      <dateCreated id="418">2021-09-03 20:00:31</dateCreated>
                      <retired>false</retired>
                      <conceptReferenceTermId>37573</conceptReferenceTermId>
                      <conceptSource reference="153"/>
                      <code>12247</code>
                      <conceptReferenceTermMaps id="419"/>
                    </conceptReferenceTerm>
                  </org.openmrs.ConceptMap>
                  <org.openmrs.ConceptMap id="420" uuid="137529ABBBBBBBBBBBBBBBBBBBBBBBBBBBBB">
                    <conceptMapType reference="146"/>
                    <creator/>
                    <dateCreated id="421">2010-12-31 00:29:44</dateCreated>
                    <conceptMapId>32606</conceptMapId>
                    <concept reference="376"/>
                    <conceptReferenceTerm id="422" resolves-to="org.openmrs.ConceptReferenceTerm" uuid="fee870b1-f516-3425-bab5-f2b15f26fe9b">
                      <creator/>
                      <dateCreated id="423">2010-12-30 05:00:00</dateCreated>
                      <retired>false</retired>
                      <conceptReferenceTermId>31518</conceptReferenceTermId>
                      <conceptSource reference="189"/>
                      <code>444433005</code>
                      <conceptReferenceTermMaps id="424"/>
                    </conceptReferenceTerm>
                  </org.openmrs.ConceptMap>
                  <org.openmrs.ConceptMap id="425" uuid="171929ABBBBBBBBBBBBBBBBBBBBBBBBBBBBB">
                    <conceptMapType reference="146"/>
                    <creator/>
                    <dateCreated id="426">2013-07-03 22:53:08</dateCreated>
                    <conceptMapId>32607</conceptMapId>
                    <concept reference="376"/>
                    <conceptReferenceTerm id="427" resolves-to="org.openmrs.ConceptReferenceTerm" uuid="f5237396-51cf-35f2-a772-482b7d2ced1f">
                      <creator/>
                      <dateCreated id="428">2013-07-03 04:00:00</dateCreated>
                      <retired>false</retired>
                      <conceptReferenceTermId>31519</conceptReferenceTermId>
                      <conceptSource reference="175"/>
                      <code>1690</code>
                      <conceptReferenceTermMaps id="429"/>
                    </conceptReferenceTerm>
                  </org.openmrs.ConceptMap>
                </conceptMappings>
                <attributes id="430"/>
              </answerConcept>
              <creator/>
              <dateCreated id="431">2019-08-02 15:29:02</dateCreated>
              <sortWeight>4.0</sortWeight>
            </org.openmrs.ConceptAnswer>
            <org.openmrs.ConceptAnswer id="432" uuid="142ca6d5-428e-41f0-a791-0f648ba2ff87">
              <conceptAnswerId>10877</conceptAnswerId>
              <concept reference="362"/>
              <answerConcept id="433" resolves-to="org.openmrs.Concept" uuid="706b6f34-4bca-4617-9cf3-3eb77cfc0a38">
                <conceptId>7102</conceptId>
                <retired>false</retired>
                <datatype reference="43"/>
                <conceptClass id="434" resolves-to="org.openmrs.ConceptClass" uuid="8d4918b0-c2cc-11de-8d13-0010c6dffd0f">
                  <name>Diagnosis</name>
                  <description>Conclusion drawn through findings</description>
                  <creator/>
                  <dateCreated id="435">2004-02-02 00:00:00</dateCreated>
                  <changedBy/>
                  <dateChanged id="436">2021-10-01 23:36:39</dateChanged>
                  <retired>false</retired>
                  <conceptClassId>4</conceptClassId>
                </conceptClass>
                <set>false</set>
                <creator/>
                <dateCreated id="437">2011-05-18 13:56:44</dateCreated>
                <changedBy/>
                <dateChanged id="438">2019-10-31 16:41:59</dateChanged>
                <names class="set" id="439">
                  <org.openmrs.ConceptName id="440" uuid="19152e94-7976-4a31-bda8-78de7b9e78f5">
                    <conceptNameId>15768</conceptNameId>
                    <concept reference="433"/>
                    <name>Hémorragie</name>
                    <locale id="441">fr</locale>
                    <creator/>
                    <dateCreated id="442">2012-04-27 18:44:13</dateCreated>
                    <voided>false</voided>
                    <tags class="set" id="443"/>
                    <conceptNameType>FULLY_SPECIFIED</conceptNameType>
                    <localePreferred>true</localePreferred>
                  </org.openmrs.ConceptName>
                  <org.openmrs.ConceptName id="444" uuid="5c345d0d-26bd-4d50-ab4c-0684beb1e86a">
                    <conceptNameId>14563</conceptNameId>
                    <concept reference="433"/>
                    <name>Bleeding</name>
                    <locale id="445">en</locale>
                    <creator/>
                    <dateCreated id="446">2011-05-18 13:56:44</dateCreated>
                    <voided>false</voided>
                    <tags class="set" id="447"/>
                    <localePreferred>true</localePreferred>
                    <changedBy/>
                    <dateChanged id="448">2019-07-25 14:18:50</dateChanged>
                  </org.openmrs.ConceptName>
                  <org.openmrs.ConceptName id="449" uuid="e8ae502f-c78e-4fe4-8236-825265aac8e2">
                    <conceptNameId>15767</conceptNameId>
                    <concept reference="433"/>
                    <name>Hemorrhage NOS</name>
                    <locale id="450">en_GB</locale>
                    <creator/>
                    <dateCreated id="451">2012-04-27 18:44:13</dateCreated>
                    <voided>false</voided>
                    <tags class="set" id="452"/>
                    <localePreferred>true</localePreferred>
                  </org.openmrs.ConceptName>
                  <org.openmrs.ConceptName id="453" uuid="3a351ff7-537d-478e-b991-a0483f631f50">
                    <conceptNameId>14562</conceptNameId>
                    <concept reference="433"/>
                    <name>Haemorrhage, not elsewhere classified</name>
                    <locale id="454">en</locale>
                    <creator/>
                    <dateCreated id="455">2011-05-18 13:56:44</dateCreated>
                    <voided>false</voided>
                    <tags class="set" id="456"/>
                    <localePreferred>false</localePreferred>
                  </org.openmrs.ConceptName>
                  <org.openmrs.ConceptName id="457" uuid="8f76fa43-128d-49c6-a92c-677d0cae650b">
                    <conceptNameId>40165</conceptNameId>
                    <concept reference="433"/>
                    <name>Hemorragia</name>
                    <locale id="458">es</locale>
                    <creator/>
                    <dateCreated id="459">2019-07-25 14:19:47</dateCreated>
                    <voided>false</voided>
                    <tags class="set" id="460"/>
                    <conceptNameType>FULLY_SPECIFIED</conceptNameType>
                    <localePreferred>true</localePreferred>
                  </org.openmrs.ConceptName>
                  <org.openmrs.ConceptName id="461" uuid="672cd924-38da-4d7b-b384-bced0eb0385e">
                    <conceptNameId>15769</conceptNameId>
                    <concept reference="433"/>
                    <name>Hémorragie</name>
                    <locale id="462">ht</locale>
                    <creator/>
                    <dateCreated id="463">2012-04-27 18:44:13</dateCreated>
                    <voided>false</voided>
                    <tags class="set" id="464"/>
                    <conceptNameType>FULLY_SPECIFIED</conceptNameType>
                    <localePreferred>true</localePreferred>
                  </org.openmrs.ConceptName>
                  <org.openmrs.ConceptName id="465" uuid="90a8e231-42a4-480f-b88b-3b7bbdc8a124">
                    <conceptNameId>14564</conceptNameId>
                    <concept reference="433"/>
                    <name>Hemorrhage</name>
                    <locale id="466">en</locale>
                    <creator/>
                    <dateCreated id="467">2011-05-18 13:56:44</dateCreated>
                    <voided>false</voided>
                    <tags class="set" id="468"/>
                    <conceptNameType>FULLY_SPECIFIED</conceptNameType>
                    <localePreferred>false</localePreferred>
                    <changedBy/>
                    <dateChanged id="469">2019-07-25 14:18:50</dateChanged>
                  </org.openmrs.ConceptName>
                  <org.openmrs.ConceptName id="470" uuid="eb0558a7-9e16-11e9-b0b5-aa0059ea79c6">
                    <conceptNameId>39990</conceptNameId>
                    <concept reference="433"/>
                    <name>Hemorragiaxx</name>
                    <locale id="471">es</locale>
                    <creator/>
                    <dateCreated id="472">2019-07-04 04:48:08</dateCreated>
                    <voided>true</voided>
                    <voidedBy/>
                    <dateVoided id="473">2019-07-25 14:19:47</dateVoided>
                    <voidReason>Removed from user interface</voidReason>
                    <tags class="set" id="474"/>
                    <localePreferred>true</localePreferred>
                    <changedBy/>
                    <dateChanged id="475">2019-07-25 14:19:47</dateChanged>
                  </org.openmrs.ConceptName>
                </names>
                <answers class="set" id="476">
                  <org.openmrs.ConceptAnswer id="477" uuid="53de1823-a24d-447e-8966-24d417830944">
                    <conceptAnswerId>11190</conceptAnswerId>
                    <concept reference="433"/>
                    <answerConcept reference="56"/>
                    <creator/>
                    <dateCreated id="478">2019-10-31 16:41:59</dateCreated>
                    <sortWeight>2.0</sortWeight>
                  </org.openmrs.ConceptAnswer>
                  <org.openmrs.ConceptAnswer id="479" uuid="3e8296c5-92a2-4543-8a21-07ee09f88b1a">
                    <conceptAnswerId>11189</conceptAnswerId>
                    <concept reference="433"/>
                    <answerConcept reference="196"/>
                    <creator/>
                    <dateCreated id="480">2019-10-31 16:41:59</dateCreated>
                    <sortWeight>1.0</sortWeight>
                  </org.openmrs.ConceptAnswer>
                </answers>
                <conceptSets class="set" id="481"/>
                <descriptions class="set" id="482">
                  <org.openmrs.ConceptDescription id="483" uuid="c167335c-fcaa-403b-b25d-dfadcea131fb">
                    <conceptDescriptionId>5481</conceptDescriptionId>
                    <concept reference="433"/>
                    <description>Bleeding, technically known as hemorrhaging or haemorrhaging (see American and British spelling differences) is the loss of blood or blood escape from the circulatory system.</description>
                    <locale id="484">en</locale>
                    <creator/>
                    <dateCreated id="485">2011-05-18 13:56:44</dateCreated>
                    <changedBy/>
                    <dateChanged id="486">2012-04-27 18:44:13</dateChanged>
                  </org.openmrs.ConceptDescription>
                </descriptions>
                <conceptMappings class="set" id="487">
                  <org.openmrs.ConceptMap id="488" uuid="f218476d-f391-4d57-a8a2-cd0aa27c2b91">
                    <conceptMapType reference="146"/>
                    <creator/>
                    <dateCreated id="489">2019-07-25 14:18:50</dateCreated>
                    <conceptMapId>32591</conceptMapId>
                    <concept reference="433"/>
                    <conceptReferenceTerm id="490" resolves-to="org.openmrs.ConceptReferenceTerm" uuid="ba8fa8bd-4569-4060-a9e2-4bf8a17ccef9">
                      <creator/>
                      <dateCreated id="491">2019-07-25 14:18:23</dateCreated>
                      <retired>false</retired>
                      <conceptReferenceTermId>31503</conceptReferenceTermId>
                      <conceptSource reference="189"/>
                      <code>131148009</code>
                      <conceptReferenceTermMaps id="492"/>
                    </conceptReferenceTerm>
                  </org.openmrs.ConceptMap>
                  <org.openmrs.ConceptMap id="493" uuid="1d043aaa-3ce9-42c9-a909-fcd56b58f7ad">
                    <conceptMapType reference="146"/>
                    <creator/>
                    <dateCreated id="494">2019-07-25 14:18:50</dateCreated>
                    <conceptMapId>32592</conceptMapId>
                    <concept reference="433"/>
                    <conceptReferenceTerm id="495" resolves-to="org.openmrs.ConceptReferenceTerm" uuid="e4c2eb1b-a440-4174-9b0f-4513d76a0d7a">
                      <creator/>
                      <dateCreated id="496">2019-07-25 14:17:43</dateCreated>
                      <retired>false</retired>
                      <conceptReferenceTermId>31502</conceptReferenceTermId>
                      <conceptSource reference="175"/>
                      <code>147241</code>
                      <conceptReferenceTermMaps id="497"/>
                    </conceptReferenceTerm>
                  </org.openmrs.ConceptMap>
                  <org.openmrs.ConceptMap id="498" uuid="b9272078-84c8-4c1e-8432-a6a3a9d5b1ee">
                    <conceptMapType id="499" resolves-to="org.openmrs.ConceptMapType" uuid="43ac5109-7d8c-11e1-909d-c80aa9edcf4e">
                      <name>NARROWER-THAN</name>
                      <creator/>
                      <dateCreated id="500">2021-09-02 00:00:00</dateCreated>
                      <changedBy/>
                      <dateChanged id="501">2021-10-01 23:36:39</dateChanged>
                      <retired>false</retired>
                      <conceptMapTypeId>2</conceptMapTypeId>
                      <isHidden>false</isHidden>
                    </conceptMapType>
                    <creator/>
                    <dateCreated id="502">2011-05-18 13:56:44</dateCreated>
                    <conceptMapId>12170</conceptMapId>
                    <concept reference="433"/>
                    <conceptReferenceTerm id="503" resolves-to="org.openmrs.ConceptReferenceTerm" uuid="6381c715-b86b-39ba-a8ca-a3023b80a8d8">
                      <creator/>
                      <dateCreated id="504">2011-05-18 00:00:00</dateCreated>
                      <retired>false</retired>
                      <conceptReferenceTermId>12170</conceptReferenceTermId>
                      <conceptSource id="505" resolves-to="org.openmrs.ConceptSource" uuid="3f65bd34-26fe-102b-80cb-0017a47871b2">
                        <name>ICD-10-WHO</name>
                        <description>ICD-10 WHO Version</description>
                        <creator/>
                        <dateCreated id="506">2010-04-25 11:13:15</dateCreated>
                        <changedBy/>
                        <dateChanged id="507">2021-10-01 23:36:39</dateChanged>
                        <retired>false</retired>
                        <conceptSourceId>3</conceptSourceId>
                      </conceptSource>
                      <code>R58</code>
                      <conceptReferenceTermMaps id="508"/>
                    </conceptReferenceTerm>
                  </org.openmrs.ConceptMap>
                  <org.openmrs.ConceptMap id="509" uuid="7f83c732-f70e-40e9-aaac-5377d36a70cb">
                    <conceptMapType reference="146"/>
                    <creator/>
                    <changedBy/>
                    <dateCreated id="510">2011-05-18 13:56:44</dateCreated>
                    <dateChanged id="511">2012-06-21 16:49:52</dateChanged>
                    <conceptMapId>12171</conceptMapId>
                    <concept reference="433"/>
                    <conceptReferenceTerm id="512" resolves-to="org.openmrs.ConceptReferenceTerm" uuid="ec3a7589-4c08-33f7-8a5c-4a8c2296dd51">
                      <creator/>
                      <dateCreated id="513">2011-05-18 00:00:00</dateCreated>
                      <retired>false</retired>
                      <conceptReferenceTermId>12171</conceptReferenceTermId>
                      <conceptSource reference="153"/>
                      <code>7102</code>
                      <conceptReferenceTermMaps id="514"/>
                    </conceptReferenceTerm>
                  </org.openmrs.ConceptMap>
                  <org.openmrs.ConceptMap id="515" uuid="2b2f9631-36a7-449f-8686-11e32b64014e">
                    <conceptMapType reference="146"/>
                    <creator/>
                    <changedBy/>
                    <dateCreated id="516">2011-05-18 13:56:44</dateCreated>
                    <dateChanged id="517">2012-06-21 16:49:52</dateChanged>
                    <conceptMapId>12172</conceptMapId>
                    <concept reference="433"/>
                    <conceptReferenceTerm id="518" resolves-to="org.openmrs.ConceptReferenceTerm" uuid="22b45c16-906e-3e54-a8d5-cdf98d9435fa">
                      <creator/>
                      <dateCreated id="519">2011-05-18 00:00:00</dateCreated>
                      <retired>false</retired>
                      <conceptReferenceTermId>12172</conceptReferenceTermId>
                      <conceptSource reference="153"/>
                      <code>Hemorrhage, not elsewhere classified</code>
                      <conceptReferenceTermMaps id="520"/>
                    </conceptReferenceTerm>
                  </org.openmrs.ConceptMap>
                </conceptMappings>
                <attributes id="521"/>
              </answerConcept>
              <creator/>
              <dateCreated id="522">2019-08-02 15:07:49</dateCreated>
              <sortWeight>3.0</sortWeight>
            </org.openmrs.ConceptAnswer>
            <org.openmrs.ConceptAnswer id="523" uuid="c88b365a-12e0-4620-88c8-56f929245adc">
              <conceptAnswerId>10878</conceptAnswerId>
              <concept reference="362"/>
              <answerConcept id="524" resolves-to="org.openmrs.Concept" uuid="c2fc08ec-3643-4623-857f-3714ec0f1589">
                <conceptId>12246</conceptId>
                <retired>false</retired>
                <datatype reference="43"/>
                <conceptClass id="525" resolves-to="org.openmrs.ConceptClass" uuid="8d492954-c2cc-11de-8d13-0010c6dffd0f">
                  <name>Symptom</name>
                  <description>Patient-reported observation</description>
                  <creator/>
                  <dateCreated id="526">2015-07-01 17:25:50</dateCreated>
                  <retired>false</retired>
                  <conceptClassId>12</conceptClassId>
                </conceptClass>
                <set>false</set>
                <creator/>
                <dateCreated id="527">2019-08-02 15:23:37</dateCreated>
                <changedBy/>
                <dateChanged id="528">2019-10-31 16:45:58</dateChanged>
                <names class="set" id="529">
                  <org.openmrs.ConceptName id="530" uuid="5ff17ee2-fd36-43fd-a0f8-92bcf5b6874e">
                    <conceptNameId>40185</conceptNameId>
                    <concept reference="524"/>
                    <name>Fever greater than 2 days without response to treatment</name>
                    <locale id="531">en</locale>
                    <creator/>
                    <dateCreated id="532">2019-08-02 15:25:44</dateCreated>
                    <voided>false</voided>
                    <tags class="set" id="533"/>
                    <conceptNameType>FULLY_SPECIFIED</conceptNameType>
                    <localePreferred>true</localePreferred>
                    <changedBy/>
                    <dateChanged id="534">2019-08-02 15:25:44</dateChanged>
                  </org.openmrs.ConceptName>
                  <org.openmrs.ConceptName id="535" uuid="794eb2a7-6f48-4567-9809-952aded6615f">
                    <conceptNameId>40184</conceptNameId>
                    <concept reference="524"/>
                    <name>Fever more than 2 days without response to treatment</name>
                    <locale id="536">en</locale>
                    <creator/>
                    <dateCreated id="537">2019-08-02 15:23:37</dateCreated>
                    <voided>true</voided>
                    <voidedBy/>
                    <dateVoided id="538">2019-08-02 15:25:44</dateVoided>
                    <voidReason>Deleted due to change of name</voidReason>
                    <tags class="set" id="539"/>
                    <localePreferred>false</localePreferred>
                    <changedBy/>
                    <dateChanged id="540">2019-08-02 15:25:44</dateChanged>
                  </org.openmrs.ConceptName>
                </names>
                <answers class="set" id="541">
                  <org.openmrs.ConceptAnswer id="542" uuid="e7f2c26c-9fd5-4f48-bb97-f64c7926adba">
                    <conceptAnswerId>11193</conceptAnswerId>
                    <concept reference="524"/>
                    <answerConcept reference="196"/>
                    <creator/>
                    <dateCreated id="543">2019-10-31 16:45:58</dateCreated>
                    <sortWeight>1.0</sortWeight>
                  </org.openmrs.ConceptAnswer>
                  <org.openmrs.ConceptAnswer id="544" uuid="1007991e-722e-4a62-950d-f8d01f93fd33">
                    <conceptAnswerId>11194</conceptAnswerId>
                    <concept reference="524"/>
                    <answerConcept reference="56"/>
                    <creator/>
                    <dateCreated id="545">2019-10-31 16:45:58</dateCreated>
                    <sortWeight>2.0</sortWeight>
                  </org.openmrs.ConceptAnswer>
                </answers>
                <conceptSets class="set" id="546"/>
                <descriptions class="set" id="547"/>
                <conceptMappings class="set" id="548">
                  <org.openmrs.ConceptMap id="549" uuid="14f48460-2eaa-41ef-8ca6-b06cac13a88a">
                    <conceptMapType reference="146"/>
                    <creator/>
                    <dateCreated id="550">2019-08-02 15:24:09</dateCreated>
                    <conceptMapId>32605</conceptMapId>
                    <concept reference="524"/>
                    <conceptReferenceTerm id="551" resolves-to="org.openmrs.ConceptReferenceTerm" uuid="bf634b6e-9feb-4430-8337-103a191b7004">
                      <creator/>
                      <dateCreated id="552">2019-08-02 15:23:53</dateCreated>
                      <retired>false</retired>
                      <conceptReferenceTermId>31517</conceptReferenceTermId>
                      <conceptSource reference="153"/>
                      <code>12246</code>
                      <conceptReferenceTermMaps id="553"/>
                    </conceptReferenceTerm>
                  </org.openmrs.ConceptMap>
                </conceptMappings>
                <attributes id="554"/>
              </answerConcept>
              <creator/>
              <dateCreated id="555">2019-08-02 15:25:26</dateCreated>
              <sortWeight>2.0</sortWeight>
            </org.openmrs.ConceptAnswer>
          </answers>
          <conceptSets class="set" id="556"/>
          <descriptions class="set" id="557"/>
          <conceptMappings class="set" id="558">
            <org.openmrs.ConceptMap id="559" uuid="da99138b-4715-4e1e-94b8-da080160d557">
              <conceptMapType reference="146"/>
              <creator/>
              <dateCreated id="560">2019-08-02 15:08:38</dateCreated>
              <conceptMapId>32603</conceptMapId>
              <concept reference="362"/>
              <conceptReferenceTerm id="561" resolves-to="org.openmrs.ConceptReferenceTerm" uuid="db44913a-05fb-48b3-a768-66841b233927">
                <creator/>
                <dateCreated id="562">2019-08-02 15:08:15</dateCreated>
                <retired>false</retired>
                <conceptReferenceTermId>31516</conceptReferenceTermId>
                <conceptSource reference="153"/>
                <code>12245</code>
                <conceptReferenceTermMaps id="563"/>
              </conceptReferenceTerm>
            </org.openmrs.ConceptMap>
            <org.openmrs.ConceptMap id="564" uuid="1cdd4968-d3e3-4835-a79a-b3f5959451cd">
              <conceptMapType reference="146"/>
              <creator/>
              <dateCreated id="565">2019-08-02 15:08:38</dateCreated>
              <conceptMapId>32604</conceptMapId>
              <concept reference="362"/>
              <conceptReferenceTerm id="566" resolves-to="org.openmrs.ConceptReferenceTerm" uuid="2ad043f5-cdc4-4bd4-90a6-5a19357f2ee1">
                <creator/>
                <dateCreated id="567">2019-08-02 15:08:02</dateCreated>
                <retired>false</retired>
                <conceptReferenceTermId>31515</conceptReferenceTermId>
                <conceptSource reference="153"/>
                <code>Ebola symptom</code>
                <conceptReferenceTermMaps id="568"/>
              </conceptReferenceTerm>
            </org.openmrs.ConceptMap>
          </conceptMappings>
          <attributes id="569"/>
        </concept>
        <conceptSet reference="2"/>
        <sortWeight>1.0</sortWeight>
        <creator/>
        <dateCreated id="570">2023-11-07 23:43:11</dateCreated>
      </org.openmrs.ConceptSet>
    </conceptSets>
    <descriptions class="set" id="571"/>
    <conceptMappings class="set" id="572">
      <org.openmrs.ConceptMap id="573" uuid="b21559c2-4864-102e-96e9-000c29c2a5d7">
        <conceptMapType reference="146"/>
        <creator/>
        <changedBy/>
        <dateCreated id="574">2010-11-23 10:15:31</dateCreated>
        <dateChanged id="575">2012-06-21 16:49:52</dateChanged>
        <conceptMapId>1787</conceptMapId>
        <concept reference="2"/>
        <conceptReferenceTerm id="576" resolves-to="org.openmrs.ConceptReferenceTerm" uuid="9b5f5140-ee92-3d61-af25-3e5c7f4d8bfc">
          <creator/>
          <dateCreated id="577">2010-11-23 00:00:00</dateCreated>
          <retired>false</retired>
          <conceptReferenceTermId>1787</conceptReferenceTermId>
          <conceptSource reference="153"/>
          <code>1785</code>
          <conceptReferenceTermMaps id="578"/>
        </conceptReferenceTerm>
      </org.openmrs.ConceptMap>
    </conceptMappings>
    <attributes id="579"/>
  </org.openmrs.Concept>
</list>
