<?xml version="1.0" encoding="UTF-8"?>
<package id="1" uuid="ee041079-9d20-4b05-a2ab-de93482ac4c5">
  <dateCreated id="2">2022-02-03 22:04:44</dateCreated>
  <name>Pediatric Supplements</name>
  <description>Set of concepts used in PIH Primary Care Pediatric Supplements form.</description>
  <openmrsVersion>2.3.3  Build a4f37e</openmrsVersion>
  <version>10</version>
  <groupUuid>4367c5d5-03f1-4eed-8c54-89d5e30207bd</groupUuid>
  <subscriptionUrl>https://concepts.pih-emr.org/openmrs/ws/rest/metadatasharing/package/4367c5d5-03f1-4eed-8c54-89d5e30207bd/latest</subscriptionUrl>
  <modules id="3">
    <entry>
      <string>webservices.rest</string>
      <string>2.29.0.b675eb</string>
    </entry>
    <entry>
      <string>legacyui</string>
      <string>1.8.3</string>
    </entry>
    <entry>
      <string>groovy</string>
      <string>2.3.0-SNAPSHOT</string>
    </entry>
    <entry>
      <string>fhir</string>
      <string>1.20.0</string>
    </entry>
    <entry>
      <string>metadatasharing</string>
      <string>1.8.0</string>
    </entry>
    <entry>
      <string>owa</string>
      <string>1.12.0</string>
    </entry>
    <entry>
      <string>uiframework</string>
      <string>3.21.0</string>
    </entry>
    <entry>
      <string>metadatamapping</string>
      <string>1.4.0</string>
    </entry>
    <entry>
      <string>metadatatools</string>
      <string>1.0-SNAPSHOT</string>
    </entry>
    <entry>
      <string>uilibrary</string>
      <string>2.0.6</string>
    </entry>
    <entry>
      <string>validation</string>
      <string>1.0.1</string>
    </entry>
  </modules>
  <items class="linked-hash-set" id="4">
    <org.openmrs.module.metadatasharing.Item id="5" uuid="2fe2b0ad-5b83-40a9-9b95-762afa663405">
      <id>10573</id>
      <classname>org.openmrs.Concept</classname>
      <dateChanged id="6">2016-01-22 20:36:26</dateChanged>
      <retired>false</retired>
    </org.openmrs.module.metadatasharing.Item>
  </items>
  <relatedItems class="linked-hash-set" id="7">
    <org.openmrs.module.metadatasharing.Item id="8" uuid="8d4a4c94-c2cc-11de-8d13-0010c6dffd0f">
      <id>4</id>
      <classname>org.openmrs.ConceptDatatype</classname>
      <dateChanged id="9">2004-02-02 05:00:00</dateChanged>
      <retired>false</retired>
    </org.openmrs.module.metadatasharing.Item>
    <org.openmrs.module.metadatasharing.Item id="10" uuid="8d492594-c2cc-11de-8d13-0010c6dffd0f">
      <id>10</id>
      <classname>org.openmrs.ConceptClass</classname>
      <dateChanged id="11">2015-07-01 17:25:50</dateChanged>
      <retired>false</retired>
    </org.openmrs.module.metadatasharing.Item>
    <org.openmrs.module.metadatasharing.Item id="12" uuid="37cba84a-269f-4bb0-9f39-4521485ec793">
      <id>30478</id>
      <classname>org.openmrs.ConceptName</classname>
      <dateChanged id="13">2015-11-03 21:15:10</dateChanged>
    </org.openmrs.module.metadatasharing.Item>
    <org.openmrs.module.metadatasharing.Item id="14" uuid="3b3bab57-2326-46dc-b359-2923c3706e4d">
      <id>6332</id>
      <classname>org.openmrs.ConceptSet</classname>
      <dateChanged id="15">2015-11-03 21:15:10</dateChanged>
    </org.openmrs.module.metadatasharing.Item>
    <org.openmrs.module.metadatasharing.Item id="16" uuid="40258d8e-6ea5-46f4-b8e7-7cb302f1393f">
      <id>10571</id>
      <classname>org.openmrs.Concept</classname>
      <dateChanged id="17">2016-01-22 20:32:37</dateChanged>
      <retired>false</retired>
    </org.openmrs.module.metadatasharing.Item>
    <org.openmrs.module.metadatasharing.Item id="18" uuid="8d4a48b6-c2cc-11de-8d13-0010c6dffd0f">
      <id>2</id>
      <classname>org.openmrs.ConceptDatatype</classname>
      <dateChanged id="19">2004-02-02 05:00:00</dateChanged>
      <retired>false</retired>
    </org.openmrs.module.metadatasharing.Item>
    <org.openmrs.module.metadatasharing.Item id="20" uuid="8d491e50-c2cc-11de-8d13-0010c6dffd0f">
      <id>7</id>
      <classname>org.openmrs.ConceptClass</classname>
      <dateChanged id="21">2015-07-01 17:25:50</dateChanged>
      <retired>false</retired>
    </org.openmrs.module.metadatasharing.Item>
    <org.openmrs.module.metadatasharing.Item id="22" uuid="678612d1-5ea6-436d-a411-24caed11701b">
      <id>30476</id>
      <classname>org.openmrs.ConceptName</classname>
      <dateChanged id="23">2015-11-03 21:04:15</dateChanged>
    </org.openmrs.module.metadatasharing.Item>
    <org.openmrs.module.metadatasharing.Item id="24" uuid="d6964067-79d2-4235-ad97-e3cae61e0b90">
      <id>9383</id>
      <classname>org.openmrs.ConceptAnswer</classname>
      <dateChanged id="25">2015-11-03 21:04:15</dateChanged>
    </org.openmrs.module.metadatasharing.Item>
    <org.openmrs.module.metadatasharing.Item id="26" uuid="ed69b6e2-63c6-416d-b471-f95c9c5e8847">
      <id>4063</id>
      <classname>org.openmrs.Concept</classname>
      <dateChanged id="27">2020-04-09 17:41:16</dateChanged>
      <retired>false</retired>
    </org.openmrs.module.metadatasharing.Item>
    <org.openmrs.module.metadatasharing.Item id="28" uuid="8d490dfc-c2cc-11de-8d13-0010c6dffd0f">
      <id>3</id>
      <classname>org.openmrs.ConceptClass</classname>
      <dateChanged id="29">2021-09-20 19:05:26</dateChanged>
      <retired>false</retired>
    </org.openmrs.module.metadatasharing.Item>
    <org.openmrs.module.metadatasharing.Item id="30" uuid="0b9e7619-5b2c-45f5-b3a2-e40a83de2557">
      <id>30554</id>
      <classname>org.openmrs.ConceptName</classname>
      <dateChanged id="31">2016-01-22 20:33:44</dateChanged>
    </org.openmrs.module.metadatasharing.Item>
    <org.openmrs.module.metadatasharing.Item id="32" uuid="f74c959c-d5db-102d-ad2a-000c29c2a5d7">
      <id>13571</id>
      <classname>org.openmrs.ConceptName</classname>
      <dateChanged id="33">2016-01-22 20:33:44</dateChanged>
    </org.openmrs.module.metadatasharing.Item>
    <org.openmrs.module.metadatasharing.Item id="34" uuid="3385166b-d3dc-404e-b6b7-3dded87b4c0f">
      <id>43096</id>
      <classname>org.openmrs.ConceptName</classname>
      <dateChanged id="35">2020-04-09 17:41:16</dateChanged>
    </org.openmrs.module.metadatasharing.Item>
    <org.openmrs.module.metadatasharing.Item id="36" uuid="1ece6158-53b0-46ec-b082-f5c23d83b486">
      <id>5423</id>
      <classname>org.openmrs.ConceptName</classname>
      <dateChanged id="37">2020-04-01 16:11:24</dateChanged>
    </org.openmrs.module.metadatasharing.Item>
    <org.openmrs.module.metadatasharing.Item id="38" uuid="bdee5cd1-9b9d-43d1-b502-80e9d2f9ad24">
      <id>43095</id>
      <classname>org.openmrs.ConceptName</classname>
      <dateChanged id="39">2020-04-09 17:41:16</dateChanged>
    </org.openmrs.module.metadatasharing.Item>
    <org.openmrs.module.metadatasharing.Item id="40" uuid="0b48a452-15f5-102d-96e4-000c29c2a5d7">
      <id>4701</id>
      <classname>org.openmrs.ConceptDescription</classname>
      <dateChanged id="41">2016-01-22 20:33:44</dateChanged>
    </org.openmrs.module.metadatasharing.Item>
    <org.openmrs.module.metadatasharing.Item id="42" uuid="57f22d74-09be-40c4-969b-bc82d70a54b9">
      <id>34564</id>
      <classname>org.openmrs.ConceptMap</classname>
      <dateChanged id="43">2020-04-01 16:10:39</dateChanged>
    </org.openmrs.module.metadatasharing.Item>
    <org.openmrs.module.metadatasharing.Item id="44" uuid="35543629-7d8c-11e1-909d-c80aa9edcf4e">
      <id>1</id>
      <classname>org.openmrs.ConceptMapType</classname>
      <dateChanged id="45">2021-10-01 23:36:39</dateChanged>
      <retired>false</retired>
    </org.openmrs.module.metadatasharing.Item>
    <org.openmrs.module.metadatasharing.Item id="46" uuid="cd2a7f1c-c4b8-4962-8d30-883504371501">
      <id>33231</id>
      <classname>org.openmrs.ConceptReferenceTerm</classname>
      <dateChanged id="47">2020-04-01 16:09:54</dateChanged>
      <retired>false</retired>
    </org.openmrs.module.metadatasharing.Item>
    <org.openmrs.module.metadatasharing.Item id="48" uuid="4ADDDDDDDDDDDDDDDDDDDDDDDDDDDDDDDDDD">
      <id>14</id>
      <classname>org.openmrs.ConceptSource</classname>
      <dateChanged id="49">2021-09-20 19:05:26</dateChanged>
      <retired>false</retired>
    </org.openmrs.module.metadatasharing.Item>
    <org.openmrs.module.metadatasharing.Item id="50" uuid="b262e67e-4864-102e-96e9-000c29c2a5d7">
      <id>4065</id>
      <classname>org.openmrs.ConceptMap</classname>
      <dateChanged id="51">2012-06-21 16:49:52</dateChanged>
    </org.openmrs.module.metadatasharing.Item>
    <org.openmrs.module.metadatasharing.Item id="52" uuid="dbc136cf-b234-3c55-ba39-8e2da734f470">
      <id>4065</id>
      <classname>org.openmrs.ConceptReferenceTerm</classname>
      <dateChanged id="53">2010-11-23 00:00:00</dateChanged>
      <retired>false</retired>
    </org.openmrs.module.metadatasharing.Item>
    <org.openmrs.module.metadatasharing.Item id="54" uuid="fb9aaaf1-65e2-4c18-b53c-16b575f2f385">
      <id>5</id>
      <classname>org.openmrs.ConceptSource</classname>
      <dateChanged id="55">2015-07-01 17:25:50</dateChanged>
      <retired>false</retired>
    </org.openmrs.module.metadatasharing.Item>
    <org.openmrs.module.metadatasharing.Item id="56" uuid="75a3b47c-4943-102e-96e9-000c29c2a5d7">
      <id>9842</id>
      <classname>org.openmrs.ConceptMap</classname>
      <dateChanged id="57">2012-06-21 16:49:52</dateChanged>
    </org.openmrs.module.metadatasharing.Item>
    <org.openmrs.module.metadatasharing.Item id="58" uuid="0e1adb53-f88b-36c2-b24c-bd5e253d6435">
      <id>9842</id>
      <classname>org.openmrs.ConceptReferenceTerm</classname>
      <dateChanged id="59">2010-11-24 00:00:00</dateChanged>
      <retired>false</retired>
    </org.openmrs.module.metadatasharing.Item>
    <org.openmrs.module.metadatasharing.Item id="60" uuid="05669e7e-5059-4470-957a-748253a3adf4">
      <id>34565</id>
      <classname>org.openmrs.ConceptMap</classname>
      <dateChanged id="61">2020-04-01 16:10:39</dateChanged>
    </org.openmrs.module.metadatasharing.Item>
    <org.openmrs.module.metadatasharing.Item id="62" uuid="3c69f836-7123-4c18-bc99-432a500f46a6">
      <id>33230</id>
      <classname>org.openmrs.ConceptReferenceTerm</classname>
      <dateChanged id="63">2020-04-01 16:09:37</dateChanged>
      <retired>false</retired>
    </org.openmrs.module.metadatasharing.Item>
    <org.openmrs.module.metadatasharing.Item id="64" uuid="21ADDDDDDDDDDDDDDDDDDDDDDDDDDDDDDDDD">
      <id>29</id>
      <classname>org.openmrs.ConceptSource</classname>
      <dateChanged id="65">2021-10-01 23:36:39</dateChanged>
      <retired>false</retired>
    </org.openmrs.module.metadatasharing.Item>
    <org.openmrs.module.metadatasharing.Item id="66" uuid="f83a5ef6-45ac-4082-921b-81aa9fb66c72">
      <id>9386</id>
      <classname>org.openmrs.ConceptAnswer</classname>
      <dateChanged id="67">2015-11-03 21:04:15</dateChanged>
    </org.openmrs.module.metadatasharing.Item>
    <org.openmrs.module.metadatasharing.Item id="68" uuid="3ccee960-26fe-102b-80cb-0017a47871b2">
      <id>256</id>
      <classname>org.openmrs.Concept</classname>
      <dateChanged id="69">2019-06-12 15:40:47</dateChanged>
      <retired>false</retired>
    </org.openmrs.module.metadatasharing.Item>
    <org.openmrs.module.metadatasharing.Item id="70" uuid="9aae2946-a7e9-4c33-ab4d-9b030f7e1a32">
      <id>30555</id>
      <classname>org.openmrs.ConceptName</classname>
      <dateChanged id="71">2016-01-22 20:35:38</dateChanged>
    </org.openmrs.module.metadatasharing.Item>
    <org.openmrs.module.metadatasharing.Item id="72" uuid="31e471ce-718d-4781-8b7f-a65f10e60ed1">
      <id>30471</id>
      <classname>org.openmrs.ConceptName</classname>
      <dateChanged id="73">2015-11-03 20:38:12</dateChanged>
    </org.openmrs.module.metadatasharing.Item>
    <org.openmrs.module.metadatasharing.Item id="74" uuid="3e0c4926-26fe-102b-80cb-0017a47871b2">
      <id>268</id>
      <classname>org.openmrs.ConceptName</classname>
      <dateChanged id="75">2004-01-01 00:00:00</dateChanged>
    </org.openmrs.module.metadatasharing.Item>
    <org.openmrs.module.metadatasharing.Item id="76" uuid="93f703a0-07d4-102c-b5fa-0017a47871b2">
      <id>6904</id>
      <classname>org.openmrs.ConceptName</classname>
      <dateChanged id="77">2005-02-16 15:28:48</dateChanged>
    </org.openmrs.module.metadatasharing.Item>
    <org.openmrs.module.metadatasharing.Item id="78" uuid="93f70850-07d4-102c-b5fa-0017a47871b2">
      <id>6905</id>
      <classname>org.openmrs.ConceptName</classname>
      <dateChanged id="79">2019-06-12 15:38:13</dateChanged>
    </org.openmrs.module.metadatasharing.Item>
    <org.openmrs.module.metadatasharing.Item id="80" uuid="f58a5564-d5db-102d-ad2a-000c29c2a5d7">
      <id>10164</id>
      <classname>org.openmrs.ConceptName</classname>
      <dateChanged id="81">2016-01-22 20:35:38</dateChanged>
    </org.openmrs.module.metadatasharing.Item>
    <org.openmrs.module.metadatasharing.Item id="82" uuid="ecd9a49e-07fe-102c-b5fa-0017a47871b2">
      <id>264</id>
      <classname>org.openmrs.ConceptDescription</classname>
      <dateChanged id="83">2004-01-01 00:00:00</dateChanged>
    </org.openmrs.module.metadatasharing.Item>
    <org.openmrs.module.metadatasharing.Item id="84" uuid="1adfd715-b1d0-4c42-beeb-fd67a99f75fb">
      <id>31470</id>
      <classname>org.openmrs.ConceptMap</classname>
      <dateChanged id="85">2019-06-12 15:40:47</dateChanged>
    </org.openmrs.module.metadatasharing.Item>
    <org.openmrs.module.metadatasharing.Item id="86" uuid="00c45c6e-d480-4e36-a636-7a8d3df02a80">
      <id>30772</id>
      <classname>org.openmrs.ConceptReferenceTerm</classname>
      <dateChanged id="87">2019-06-12 15:40:32</dateChanged>
      <retired>false</retired>
    </org.openmrs.module.metadatasharing.Item>
    <org.openmrs.module.metadatasharing.Item id="88" uuid="748ee0c1-4943-102e-96e9-000c29c2a5d7">
      <id>6223</id>
      <classname>org.openmrs.ConceptMap</classname>
      <dateChanged id="89">2012-06-21 16:49:52</dateChanged>
    </org.openmrs.module.metadatasharing.Item>
    <org.openmrs.module.metadatasharing.Item id="90" uuid="4aadf8d3-6a31-3d21-9c4e-f0d3dede8331">
      <id>6223</id>
      <classname>org.openmrs.ConceptReferenceTerm</classname>
      <dateChanged id="91">2010-11-24 00:00:00</dateChanged>
      <retired>false</retired>
    </org.openmrs.module.metadatasharing.Item>
    <org.openmrs.module.metadatasharing.Item id="92" uuid="d13b2f51-7b19-4d3a-9a37-2540e8ba9964">
      <id>31471</id>
      <classname>org.openmrs.ConceptMap</classname>
      <dateChanged id="93">2019-06-12 15:40:47</dateChanged>
    </org.openmrs.module.metadatasharing.Item>
    <org.openmrs.module.metadatasharing.Item id="94" uuid="a27a956f-a7ad-44eb-9b6d-83d9672e9a5e">
      <id>25405</id>
      <classname>org.openmrs.ConceptReferenceTerm</classname>
      <dateChanged id="95">2015-11-03 20:35:10</dateChanged>
      <retired>false</retired>
    </org.openmrs.module.metadatasharing.Item>
    <org.openmrs.module.metadatasharing.Item id="96" uuid="97a08dc8-3146-46d9-9001-2b6f7f37a174">
      <id>31469</id>
      <classname>org.openmrs.ConceptMap</classname>
      <dateChanged id="97">2019-06-12 15:39:21</dateChanged>
    </org.openmrs.module.metadatasharing.Item>
    <org.openmrs.module.metadatasharing.Item id="98" uuid="51c6d87e-49e6-40dd-8fd3-74683cdc8877">
      <id>30771</id>
      <classname>org.openmrs.ConceptReferenceTerm</classname>
      <dateChanged id="99">2019-06-12 15:38:33</dateChanged>
      <retired>false</retired>
    </org.openmrs.module.metadatasharing.Item>
    <org.openmrs.module.metadatasharing.Item id="100" uuid="1ADDDDDDDDDDDDDDDDDDDDDDDDDDDDDDDDDD">
      <id>6</id>
      <classname>org.openmrs.ConceptSource</classname>
      <dateChanged id="101">2021-10-01 23:36:39</dateChanged>
      <retired>false</retired>
    </org.openmrs.module.metadatasharing.Item>
    <org.openmrs.module.metadatasharing.Item id="102" uuid="b1dd41f4-4864-102e-96e9-000c29c2a5d7">
      <id>258</id>
      <classname>org.openmrs.ConceptMap</classname>
      <dateChanged id="103">2012-06-21 16:49:52</dateChanged>
    </org.openmrs.module.metadatasharing.Item>
    <org.openmrs.module.metadatasharing.Item id="104" uuid="736f7bb8-b9f2-3d99-8d2a-795e1c83b261">
      <id>258</id>
      <classname>org.openmrs.ConceptReferenceTerm</classname>
      <dateChanged id="105">2010-11-23 00:00:00</dateChanged>
      <retired>false</retired>
    </org.openmrs.module.metadatasharing.Item>
    <org.openmrs.module.metadatasharing.Item id="106" uuid="80ce0b5f-ac77-4cb1-a5c2-3a4a57306bdc">
      <id>9385</id>
      <classname>org.openmrs.ConceptAnswer</classname>
      <dateChanged id="107">2015-11-03 21:04:15</dateChanged>
    </org.openmrs.module.metadatasharing.Item>
    <org.openmrs.module.metadatasharing.Item id="108" uuid="3669eb6a-fe41-44e3-8263-10993c92e802">
      <id>10569</id>
      <classname>org.openmrs.Concept</classname>
      <dateChanged id="109">2016-01-22 20:31:04</dateChanged>
      <retired>false</retired>
    </org.openmrs.module.metadatasharing.Item>
    <org.openmrs.module.metadatasharing.Item id="110" uuid="c3cf1d4f-281f-4530-b152-658c7890a68d">
      <id>30551</id>
      <classname>org.openmrs.ConceptName</classname>
      <dateChanged id="111">2016-01-22 20:31:04</dateChanged>
    </org.openmrs.module.metadatasharing.Item>
    <org.openmrs.module.metadatasharing.Item id="112" uuid="f3f5f5a9-c9db-4d42-8411-ddfe10cce4ae">
      <id>30473</id>
      <classname>org.openmrs.ConceptName</classname>
      <dateChanged id="113">2015-11-03 20:45:55</dateChanged>
    </org.openmrs.module.metadatasharing.Item>
    <org.openmrs.module.metadatasharing.Item id="114" uuid="980c4e00-97cd-4ebf-8519-f7b7e4ee0771">
      <id>6971</id>
      <classname>org.openmrs.ConceptDescription</classname>
      <dateChanged id="115">2015-11-03 20:45:55</dateChanged>
    </org.openmrs.module.metadatasharing.Item>
    <org.openmrs.module.metadatasharing.Item id="116" uuid="32e61b25-9fb8-4ff1-baab-620b9d084d77">
      <id>26061</id>
      <classname>org.openmrs.ConceptMap</classname>
      <dateChanged id="117">2015-11-03 20:46:46</dateChanged>
    </org.openmrs.module.metadatasharing.Item>
    <org.openmrs.module.metadatasharing.Item id="118" uuid="a2653eaa-5457-4be6-8fef-4d62c5eecc24">
      <id>25408</id>
      <classname>org.openmrs.ConceptReferenceTerm</classname>
      <dateChanged id="119">2015-11-03 20:46:24</dateChanged>
      <retired>false</retired>
    </org.openmrs.module.metadatasharing.Item>
    <org.openmrs.module.metadatasharing.Item id="120" uuid="953de8db-9d29-4526-a7fc-b76350ff6c5e">
      <id>26060</id>
      <classname>org.openmrs.ConceptMap</classname>
      <dateChanged id="121">2015-11-03 20:45:55</dateChanged>
    </org.openmrs.module.metadatasharing.Item>
    <org.openmrs.module.metadatasharing.Item id="122" uuid="d2b00354-1cb9-4d60-be5f-c11d11f2eb20">
      <id>25407</id>
      <classname>org.openmrs.ConceptReferenceTerm</classname>
      <dateChanged id="123">2015-11-03 20:44:59</dateChanged>
      <retired>false</retired>
    </org.openmrs.module.metadatasharing.Item>
    <org.openmrs.module.metadatasharing.Item id="124" uuid="e9be6d4f-0cf3-11ec-9f8b-aa0059ea79c6">
      <id>37686</id>
      <classname>org.openmrs.ConceptMap</classname>
      <dateChanged id="125">2021-09-03 20:17:03</dateChanged>
    </org.openmrs.module.metadatasharing.Item>
    <org.openmrs.module.metadatasharing.Item id="126" uuid="979ace2a-0cf1-11ec-9f8b-aa0059ea79c6">
      <id>35905</id>
      <classname>org.openmrs.ConceptReferenceTerm</classname>
      <dateChanged id="127">2021-09-03 20:00:31</dateChanged>
      <retired>false</retired>
    </org.openmrs.module.metadatasharing.Item>
    <org.openmrs.module.metadatasharing.Item id="128" uuid="5e99ae2f-87e7-4a52-ba89-f43e24b7ec4b">
      <id>9387</id>
      <classname>org.openmrs.ConceptAnswer</classname>
      <dateChanged id="129">2015-11-03 21:04:15</dateChanged>
    </org.openmrs.module.metadatasharing.Item>
    <org.openmrs.module.metadatasharing.Item id="130" uuid="d171e697-bead-4ca9-b5e0-906b8fa769ea">
      <id>10570</id>
      <classname>org.openmrs.Concept</classname>
      <dateChanged id="131">2016-01-22 20:32:15</dateChanged>
      <retired>false</retired>
    </org.openmrs.module.metadatasharing.Item>
    <org.openmrs.module.metadatasharing.Item id="132" uuid="8d490bf4-c2cc-11de-8d13-0010c6dffd0f">
      <id>2</id>
      <classname>org.openmrs.ConceptClass</classname>
      <dateChanged id="133">2015-07-01 17:25:50</dateChanged>
      <retired>false</retired>
    </org.openmrs.module.metadatasharing.Item>
    <org.openmrs.module.metadatasharing.Item id="134" uuid="930f8a26-76ac-4f4d-8acc-c15adb05e1d4">
      <id>30552</id>
      <classname>org.openmrs.ConceptName</classname>
      <dateChanged id="135">2016-01-22 20:32:15</dateChanged>
    </org.openmrs.module.metadatasharing.Item>
    <org.openmrs.module.metadatasharing.Item id="136" uuid="4f640021-c6af-48d4-ad1a-676f1343d137">
      <id>30475</id>
      <classname>org.openmrs.ConceptName</classname>
      <dateChanged id="137">2015-11-03 20:55:40</dateChanged>
    </org.openmrs.module.metadatasharing.Item>
    <org.openmrs.module.metadatasharing.Item id="138" uuid="491ec33b-6de7-415c-a315-76209b38df5c">
      <id>30474</id>
      <classname>org.openmrs.ConceptName</classname>
      <dateChanged id="139">2015-11-03 20:55:40</dateChanged>
    </org.openmrs.module.metadatasharing.Item>
    <org.openmrs.module.metadatasharing.Item id="140" uuid="ba34f5f0-c78c-4977-ada9-c617b9a3b99d">
      <id>9382</id>
      <classname>org.openmrs.ConceptAnswer</classname>
      <dateChanged id="141">2015-11-03 20:55:40</dateChanged>
    </org.openmrs.module.metadatasharing.Item>
    <org.openmrs.module.metadatasharing.Item id="142" uuid="3cd6f86c-26fe-102b-80cb-0017a47871b2">
      <id>1066</id>
      <classname>org.openmrs.Concept</classname>
      <dateChanged id="143">2021-12-23 19:23:36</dateChanged>
      <retired>false</retired>
    </org.openmrs.module.metadatasharing.Item>
    <org.openmrs.module.metadatasharing.Item id="144" uuid="8d492774-c2cc-11de-8d13-0010c6dffd0f">
      <id>11</id>
      <classname>org.openmrs.ConceptClass</classname>
      <dateChanged id="145">2015-07-01 17:25:50</dateChanged>
      <retired>false</retired>
    </org.openmrs.module.metadatasharing.Item>
    <org.openmrs.module.metadatasharing.Item id="146" uuid="139803BBBBBBBBBBBBBBBBBBBBBBBBBBBBBB">
      <id>32262</id>
      <classname>org.openmrs.ConceptName</classname>
      <dateChanged id="147">2016-08-16 11:48:25</dateChanged>
    </org.openmrs.module.metadatasharing.Item>
    <org.openmrs.module.metadatasharing.Item id="148" uuid="3e151786-26fe-102b-80cb-0017a47871b2">
      <id>8310</id>
      <classname>org.openmrs.ConceptName</classname>
      <dateChanged id="149">2015-04-22 14:28:45</dateChanged>
    </org.openmrs.module.metadatasharing.Item>
    <org.openmrs.module.metadatasharing.Item id="150" uuid="126360BBBBBBBBBBBBBBBBBBBBBBBBBBBBBB">
      <id>29715</id>
      <classname>org.openmrs.ConceptName</classname>
      <dateChanged id="151">2014-10-11 19:48:46</dateChanged>
    </org.openmrs.module.metadatasharing.Item>
    <org.openmrs.module.metadatasharing.Item id="152" uuid="108334BBBBBBBBBBBBBBBBBBBBBBBBBBBBBB">
      <id>29712</id>
      <classname>org.openmrs.ConceptName</classname>
      <dateChanged id="153">2012-03-04 23:58:47</dateChanged>
    </org.openmrs.module.metadatasharing.Item>
    <org.openmrs.module.metadatasharing.Item id="154" uuid="111196BBBBBBBBBBBBBBBBBBBBBBBBBBBBBB">
      <id>29717</id>
      <classname>org.openmrs.ConceptName</classname>
      <dateChanged id="155">2013-01-27 06:40:38</dateChanged>
    </org.openmrs.module.metadatasharing.Item>
    <org.openmrs.module.metadatasharing.Item id="156" uuid="126357BBBBBBBBBBBBBBBBBBBBBBBBBBBBBB">
      <id>29709</id>
      <classname>org.openmrs.ConceptName</classname>
      <dateChanged id="157">2014-10-11 19:48:46</dateChanged>
    </org.openmrs.module.metadatasharing.Item>
    <org.openmrs.module.metadatasharing.Item id="158" uuid="5bcc9a17-0a17-4075-84d4-f09882cfaa18">
      <id>17939</id>
      <classname>org.openmrs.ConceptName</classname>
      <dateChanged id="159">2015-04-22 14:28:45</dateChanged>
    </org.openmrs.module.metadatasharing.Item>
    <org.openmrs.module.metadatasharing.Item id="160" uuid="106917BBBBBBBBBBBBBBBBBBBBBBBBBBBBBB">
      <id>29711</id>
      <classname>org.openmrs.ConceptName</classname>
      <dateChanged id="161">2010-10-24 20:04:03</dateChanged>
    </org.openmrs.module.metadatasharing.Item>
    <org.openmrs.module.metadatasharing.Item id="162" uuid="126358BBBBBBBBBBBBBBBBBBBBBBBBBBBBBB">
      <id>29718</id>
      <classname>org.openmrs.ConceptName</classname>
      <dateChanged id="163">2014-10-11 19:48:46</dateChanged>
    </org.openmrs.module.metadatasharing.Item>
    <org.openmrs.module.metadatasharing.Item id="164" uuid="743d14ca-dd31-4ed7-8bfb-b2e4c98a2609">
      <id>17940</id>
      <classname>org.openmrs.ConceptName</classname>
      <dateChanged id="165">2015-04-22 14:28:45</dateChanged>
    </org.openmrs.module.metadatasharing.Item>
    <org.openmrs.module.metadatasharing.Item id="166" uuid="106308BBBBBBBBBBBBBBBBBBBBBBBBBBBBBB">
      <id>29713</id>
      <classname>org.openmrs.ConceptName</classname>
      <dateChanged id="167">2010-06-21 23:11:53</dateChanged>
    </org.openmrs.module.metadatasharing.Item>
    <org.openmrs.module.metadatasharing.Item id="168" uuid="126362BBBBBBBBBBBBBBBBBBBBBBBBBBBBBB">
      <id>29716</id>
      <classname>org.openmrs.ConceptName</classname>
      <dateChanged id="169">2014-10-11 19:48:46</dateChanged>
    </org.openmrs.module.metadatasharing.Item>
    <org.openmrs.module.metadatasharing.Item id="170" uuid="137334BBBBBBBBBBBBBBBBBBBBBBBBBBBBBB">
      <id>32261</id>
      <classname>org.openmrs.ConceptName</classname>
      <dateChanged id="171">2016-07-10 05:49:06</dateChanged>
    </org.openmrs.module.metadatasharing.Item>
    <org.openmrs.module.metadatasharing.Item id="172" uuid="126359BBBBBBBBBBBBBBBBBBBBBBBBBBBBBB">
      <id>29710</id>
      <classname>org.openmrs.ConceptName</classname>
      <dateChanged id="173">2014-10-11 19:48:46</dateChanged>
    </org.openmrs.module.metadatasharing.Item>
    <org.openmrs.module.metadatasharing.Item id="174" uuid="127333BBBBBBBBBBBBBBBBBBBBBBBBBBBBBB">
      <id>29714</id>
      <classname>org.openmrs.ConceptName</classname>
      <dateChanged id="175">2015-04-24 21:18:07</dateChanged>
    </org.openmrs.module.metadatasharing.Item>
    <org.openmrs.module.metadatasharing.Item id="176" uuid="126361BBBBBBBBBBBBBBBBBBBBBBBBBBBBBB">
      <id>29708</id>
      <classname>org.openmrs.ConceptName</classname>
      <dateChanged id="177">2014-10-11 19:48:46</dateChanged>
    </org.openmrs.module.metadatasharing.Item>
    <org.openmrs.module.metadatasharing.Item id="178" uuid="126356BBBBBBBBBBBBBBBBBBBBBBBBBBBBBB">
      <id>29719</id>
      <classname>org.openmrs.ConceptName</classname>
      <dateChanged id="179">2014-10-11 19:48:46</dateChanged>
    </org.openmrs.module.metadatasharing.Item>
    <org.openmrs.module.metadatasharing.Item id="180" uuid="d07abafd-ea95-4edd-9c84-ee85592fc91f">
      <id>1077</id>
      <classname>org.openmrs.ConceptDescription</classname>
      <dateChanged id="181">2015-04-22 14:28:45</dateChanged>
    </org.openmrs.module.metadatasharing.Item>
    <org.openmrs.module.metadatasharing.Item id="182" uuid="1069FFFFFFFFFFFFFFFFFFFFFFFFFFFFFFFF">
      <id>6867</id>
      <classname>org.openmrs.ConceptDescription</classname>
      <dateChanged id="183">2015-04-24 21:18:07</dateChanged>
    </org.openmrs.module.metadatasharing.Item>
    <org.openmrs.module.metadatasharing.Item id="184" uuid="18159FFFFFFFFFFFFFFFFFFFFFFFFFFFFFFF">
      <id>7126</id>
      <classname>org.openmrs.ConceptDescription</classname>
      <dateChanged id="185">2016-08-16 11:48:25</dateChanged>
    </org.openmrs.module.metadatasharing.Item>
    <org.openmrs.module.metadatasharing.Item id="186" uuid="aefacf53-8e8e-4ed0-9d32-cbd1d14c6639">
      <id>12989</id>
      <classname>org.openmrs.ConceptMap</classname>
      <dateChanged id="187">2015-04-22 14:28:45</dateChanged>
    </org.openmrs.module.metadatasharing.Item>
    <org.openmrs.module.metadatasharing.Item id="188" uuid="bfdf9e0c-a208-31e8-9df4-45eccc2ea9e7">
      <id>12989</id>
      <classname>org.openmrs.ConceptReferenceTerm</classname>
      <dateChanged id="189">2011-07-22 00:00:00</dateChanged>
      <retired>false</retired>
    </org.openmrs.module.metadatasharing.Item>
    <org.openmrs.module.metadatasharing.Item id="190" uuid="144379ABBBBBBBBBBBBBBBBBBBBBBBBBBBBB">
      <id>27572</id>
      <classname>org.openmrs.ConceptMap</classname>
      <dateChanged id="191">2012-06-03 21:57:05</dateChanged>
    </org.openmrs.module.metadatasharing.Item>
    <org.openmrs.module.metadatasharing.Item id="192" uuid="170e452e-c092-32c9-b974-23f0bca960bd">
      <id>26889</id>
      <classname>org.openmrs.ConceptReferenceTerm</classname>
      <dateChanged id="193">2012-06-03 04:00:00</dateChanged>
      <retired>false</retired>
    </org.openmrs.module.metadatasharing.Item>
    <org.openmrs.module.metadatasharing.Item id="194" uuid="12ADDDDDDDDDDDDDDDDDDDDDDDDDDDDDDDDD">
      <id>24</id>
      <classname>org.openmrs.ConceptSource</classname>
      <dateChanged id="195">2015-07-01 17:25:50</dateChanged>
      <retired>false</retired>
    </org.openmrs.module.metadatasharing.Item>
    <org.openmrs.module.metadatasharing.Item id="196" uuid="134738ABBBBBBBBBBBBBBBBBBBBBBBBBBBBB">
      <id>27571</id>
      <classname>org.openmrs.ConceptMap</classname>
      <dateChanged id="197">2010-10-24 17:09:59</dateChanged>
    </org.openmrs.module.metadatasharing.Item>
    <org.openmrs.module.metadatasharing.Item id="198" uuid="f2531812-ebad-3a19-bf74-9b35025659e5">
      <id>26888</id>
      <classname>org.openmrs.ConceptReferenceTerm</classname>
      <dateChanged id="199">2010-10-24 04:00:00</dateChanged>
      <retired>false</retired>
    </org.openmrs.module.metadatasharing.Item>
    <org.openmrs.module.metadatasharing.Item id="200" uuid="13ADDDDDDDDDDDDDDDDDDDDDDDDDDDDDDDDD">
      <id>10</id>
      <classname>org.openmrs.ConceptSource</classname>
      <dateChanged id="201">2021-09-20 19:05:26</dateChanged>
      <retired>false</retired>
    </org.openmrs.module.metadatasharing.Item>
    <org.openmrs.module.metadatasharing.Item id="202" uuid="87458183-630e-4235-aeec-696077464d49">
      <id>27085</id>
      <classname>org.openmrs.ConceptMap</classname>
      <dateChanged id="203">2017-03-04 21:45:32</dateChanged>
    </org.openmrs.module.metadatasharing.Item>
    <org.openmrs.module.metadatasharing.Item id="204" uuid="70e47483-b669-4195-a33a-dc968d2af4af">
      <id>26242</id>
      <classname>org.openmrs.ConceptReferenceTerm</classname>
      <dateChanged id="205">2017-03-04 21:44:34</dateChanged>
      <retired>false</retired>
    </org.openmrs.module.metadatasharing.Item>
    <org.openmrs.module.metadatasharing.Item id="206" uuid="b20d12bc-4864-102e-96e9-000c29c2a5d7">
      <id>1068</id>
      <classname>org.openmrs.ConceptMap</classname>
      <dateChanged id="207">2015-04-22 14:28:45</dateChanged>
    </org.openmrs.module.metadatasharing.Item>
    <org.openmrs.module.metadatasharing.Item id="208" uuid="733a28fa-d244-3248-b654-09ffb442e6f2">
      <id>1068</id>
      <classname>org.openmrs.ConceptReferenceTerm</classname>
      <dateChanged id="209">2010-11-23 00:00:00</dateChanged>
      <retired>false</retired>
    </org.openmrs.module.metadatasharing.Item>
    <org.openmrs.module.metadatasharing.Item id="210" uuid="133841ABBBBBBBBBBBBBBBBBBBBBBBBBBBBB">
      <id>25515</id>
      <classname>org.openmrs.ConceptMap</classname>
      <dateChanged id="211">2010-10-01 23:13:10</dateChanged>
    </org.openmrs.module.metadatasharing.Item>
    <org.openmrs.module.metadatasharing.Item id="212" uuid="beaa27cb-dacc-3334-b7c4-9f230f2dd231">
      <id>24857</id>
      <classname>org.openmrs.ConceptReferenceTerm</classname>
      <dateChanged id="213">2010-10-01 04:00:00</dateChanged>
      <retired>false</retired>
    </org.openmrs.module.metadatasharing.Item>
    <org.openmrs.module.metadatasharing.Item id="214" uuid="4e30407f-4e57-4181-8315-228e5e661adb">
      <id>9381</id>
      <classname>org.openmrs.ConceptAnswer</classname>
      <dateChanged id="215">2015-11-03 20:55:40</dateChanged>
    </org.openmrs.module.metadatasharing.Item>
    <org.openmrs.module.metadatasharing.Item id="216" uuid="3cd6f600-26fe-102b-80cb-0017a47871b2">
      <id>1065</id>
      <classname>org.openmrs.Concept</classname>
      <dateChanged id="217">2021-12-23 19:23:36</dateChanged>
      <retired>false</retired>
    </org.openmrs.module.metadatasharing.Item>
    <org.openmrs.module.metadatasharing.Item id="218" uuid="127332BBBBBBBBBBBBBBBBBBBBBBBBBBBBBB">
      <id>29699</id>
      <classname>org.openmrs.ConceptName</classname>
      <dateChanged id="219">2015-04-24 21:17:40</dateChanged>
    </org.openmrs.module.metadatasharing.Item>
    <org.openmrs.module.metadatasharing.Item id="220" uuid="126316BBBBBBBBBBBBBBBBBBBBBBBBBBBBBB">
      <id>29696</id>
      <classname>org.openmrs.ConceptName</classname>
      <dateChanged id="221">2014-10-07 22:39:17</dateChanged>
    </org.openmrs.module.metadatasharing.Item>
    <org.openmrs.module.metadatasharing.Item id="222" uuid="106307BBBBBBBBBBBBBBBBBBBBBBBBBBBBBB">
      <id>29693</id>
      <classname>org.openmrs.ConceptName</classname>
      <dateChanged id="223">2010-06-21 23:11:26</dateChanged>
    </org.openmrs.module.metadatasharing.Item>
    <org.openmrs.module.metadatasharing.Item id="224" uuid="126313BBBBBBBBBBBBBBBBBBBBBBBBBBBBBB">
      <id>29692</id>
      <classname>org.openmrs.ConceptName</classname>
      <dateChanged id="225">2014-10-07 22:36:00</dateChanged>
    </org.openmrs.module.metadatasharing.Item>
    <org.openmrs.module.metadatasharing.Item id="226" uuid="3e15161e-26fe-102b-80cb-0017a47871b2">
      <id>1102</id>
      <classname>org.openmrs.ConceptName</classname>
      <dateChanged id="227">2015-04-22 14:28:44</dateChanged>
    </org.openmrs.module.metadatasharing.Item>
    <org.openmrs.module.metadatasharing.Item id="228" uuid="137332BBBBBBBBBBBBBBBBBBBBBBBBBBBBBB">
      <id>32263</id>
      <classname>org.openmrs.ConceptName</classname>
      <dateChanged id="229">2016-07-10 05:47:58</dateChanged>
    </org.openmrs.module.metadatasharing.Item>
    <org.openmrs.module.metadatasharing.Item id="230" uuid="126317BBBBBBBBBBBBBBBBBBBBBBBBBBBBBB">
      <id>29698</id>
      <classname>org.openmrs.ConceptName</classname>
      <dateChanged id="231">2014-10-07 22:39:17</dateChanged>
    </org.openmrs.module.metadatasharing.Item>
    <org.openmrs.module.metadatasharing.Item id="232" uuid="108333BBBBBBBBBBBBBBBBBBBBBBBBBBBBBB">
      <id>29700</id>
      <classname>org.openmrs.ConceptName</classname>
      <dateChanged id="233">2012-03-04 23:58:29</dateChanged>
    </org.openmrs.module.metadatasharing.Item>
    <org.openmrs.module.metadatasharing.Item id="234" uuid="126314BBBBBBBBBBBBBBBBBBBBBBBBBBBBBB">
      <id>29695</id>
      <classname>org.openmrs.ConceptName</classname>
      <dateChanged id="235">2014-10-07 22:39:17</dateChanged>
    </org.openmrs.module.metadatasharing.Item>
    <org.openmrs.module.metadatasharing.Item id="236" uuid="111198BBBBBBBBBBBBBBBBBBBBBBBBBBBBBB">
      <id>29697</id>
      <classname>org.openmrs.ConceptName</classname>
      <dateChanged id="237">2013-01-27 06:41:22</dateChanged>
    </org.openmrs.module.metadatasharing.Item>
    <org.openmrs.module.metadatasharing.Item id="238" uuid="0b931af0-15f5-102d-96e4-000c29c2a5d7">
      <id>9147</id>
      <classname>org.openmrs.ConceptName</classname>
      <dateChanged id="239">2015-04-22 14:28:44</dateChanged>
    </org.openmrs.module.metadatasharing.Item>
    <org.openmrs.module.metadatasharing.Item id="240" uuid="126315BBBBBBBBBBBBBBBBBBBBBBBBBBBBBB">
      <id>29691</id>
      <classname>org.openmrs.ConceptName</classname>
      <dateChanged id="241">2014-10-07 22:39:17</dateChanged>
    </org.openmrs.module.metadatasharing.Item>
    <org.openmrs.module.metadatasharing.Item id="242" uuid="126318BBBBBBBBBBBBBBBBBBBBBBBBBBBBBB">
      <id>29689</id>
      <classname>org.openmrs.ConceptName</classname>
      <dateChanged id="243">2014-10-07 22:39:17</dateChanged>
    </org.openmrs.module.metadatasharing.Item>
    <org.openmrs.module.metadatasharing.Item id="244" uuid="139802BBBBBBBBBBBBBBBBBBBBBBBBBBBBBB">
      <id>32264</id>
      <classname>org.openmrs.ConceptName</classname>
      <dateChanged id="245">2016-08-16 11:47:47</dateChanged>
    </org.openmrs.module.metadatasharing.Item>
    <org.openmrs.module.metadatasharing.Item id="246" uuid="541f1720-0abe-49dd-b4f6-7de87ce05917">
      <id>17941</id>
      <classname>org.openmrs.ConceptName</classname>
      <dateChanged id="247">2015-04-22 14:28:44</dateChanged>
    </org.openmrs.module.metadatasharing.Item>
    <org.openmrs.module.metadatasharing.Item id="248" uuid="126319BBBBBBBBBBBBBBBBBBBBBBBBBBBBBB">
      <id>29694</id>
      <classname>org.openmrs.ConceptName</classname>
      <dateChanged id="249">2014-10-07 22:39:17</dateChanged>
    </org.openmrs.module.metadatasharing.Item>
    <org.openmrs.module.metadatasharing.Item id="250" uuid="106919BBBBBBBBBBBBBBBBBBBBBBBBBBBBBB">
      <id>29690</id>
      <classname>org.openmrs.ConceptName</classname>
      <dateChanged id="251">2010-10-24 20:04:37</dateChanged>
    </org.openmrs.module.metadatasharing.Item>
    <org.openmrs.module.metadatasharing.Item id="252" uuid="ece437ba-07fe-102c-b5fa-0017a47871b2">
      <id>1076</id>
      <classname>org.openmrs.ConceptDescription</classname>
      <dateChanged id="253">2015-04-22 14:28:44</dateChanged>
    </org.openmrs.module.metadatasharing.Item>
    <org.openmrs.module.metadatasharing.Item id="254" uuid="1068FFFFFFFFFFFFFFFFFFFFFFFFFFFFFFFF">
      <id>6865</id>
      <classname>org.openmrs.ConceptDescription</classname>
      <dateChanged id="255">2015-04-24 21:17:40</dateChanged>
    </org.openmrs.module.metadatasharing.Item>
    <org.openmrs.module.metadatasharing.Item id="256" uuid="18158FFFFFFFFFFFFFFFFFFFFFFFFFFFFFFF">
      <id>7125</id>
      <classname>org.openmrs.ConceptDescription</classname>
      <dateChanged id="257">2016-08-16 11:47:47</dateChanged>
    </org.openmrs.module.metadatasharing.Item>
    <org.openmrs.module.metadatasharing.Item id="258" uuid="b20d114a-4864-102e-96e9-000c29c2a5d7">
      <id>1067</id>
      <classname>org.openmrs.ConceptMap</classname>
      <dateChanged id="259">2015-04-22 14:28:44</dateChanged>
    </org.openmrs.module.metadatasharing.Item>
    <org.openmrs.module.metadatasharing.Item id="260" uuid="bbb5c16f-f127-32a4-97d5-7d7bed12bfd4">
      <id>1067</id>
      <classname>org.openmrs.ConceptReferenceTerm</classname>
      <dateChanged id="261">2010-11-23 00:00:00</dateChanged>
      <retired>false</retired>
    </org.openmrs.module.metadatasharing.Item>
    <org.openmrs.module.metadatasharing.Item id="262" uuid="133840ABBBBBBBBBBBBBBBBBBBBBBBBBBBBB">
      <id>25513</id>
      <classname>org.openmrs.ConceptMap</classname>
      <dateChanged id="263">2010-10-01 23:11:47</dateChanged>
    </org.openmrs.module.metadatasharing.Item>
    <org.openmrs.module.metadatasharing.Item id="264" uuid="d2d5f591-c1b5-308e-bbbb-2fb6dee0d2b2">
      <id>24855</id>
      <classname>org.openmrs.ConceptReferenceTerm</classname>
      <dateChanged id="265">2010-10-01 04:00:00</dateChanged>
      <retired>false</retired>
    </org.openmrs.module.metadatasharing.Item>
    <org.openmrs.module.metadatasharing.Item id="266" uuid="7568887a-4943-102e-96e9-000c29c2a5d7">
      <id>6958</id>
      <classname>org.openmrs.ConceptMap</classname>
      <dateChanged id="267">2015-04-22 14:28:44</dateChanged>
    </org.openmrs.module.metadatasharing.Item>
    <org.openmrs.module.metadatasharing.Item id="268" uuid="43c590f7-f85f-376f-9083-d189b74ed37c">
      <id>6958</id>
      <classname>org.openmrs.ConceptReferenceTerm</classname>
      <dateChanged id="269">2010-11-24 00:00:00</dateChanged>
      <retired>false</retired>
    </org.openmrs.module.metadatasharing.Item>
    <org.openmrs.module.metadatasharing.Item id="270" uuid="4c5c3b67-8cc9-4d59-9b8e-8c910e44d8a3">
      <id>27084</id>
      <classname>org.openmrs.ConceptMap</classname>
      <dateChanged id="271">2017-03-04 21:45:04</dateChanged>
    </org.openmrs.module.metadatasharing.Item>
    <org.openmrs.module.metadatasharing.Item id="272" uuid="7df22b69-9a03-49e8-aa0a-063e61e1f9a5">
      <id>26241</id>
      <classname>org.openmrs.ConceptReferenceTerm</classname>
      <dateChanged id="273">2017-03-04 21:44:26</dateChanged>
      <retired>false</retired>
    </org.openmrs.module.metadatasharing.Item>
    <org.openmrs.module.metadatasharing.Item id="274" uuid="144378ABBBBBBBBBBBBBBBBBBBBBBBBBBBBB">
      <id>27570</id>
      <classname>org.openmrs.ConceptMap</classname>
      <dateChanged id="275">2012-06-03 21:56:11</dateChanged>
    </org.openmrs.module.metadatasharing.Item>
    <org.openmrs.module.metadatasharing.Item id="276" uuid="0a25554e-8e73-3431-a111-837291cbc771">
      <id>26891</id>
      <classname>org.openmrs.ConceptReferenceTerm</classname>
      <dateChanged id="277">2012-06-03 04:00:00</dateChanged>
      <retired>false</retired>
    </org.openmrs.module.metadatasharing.Item>
    <org.openmrs.module.metadatasharing.Item id="278" uuid="134737ABBBBBBBBBBBBBBBBBBBBBBBBBBBBB">
      <id>27569</id>
      <classname>org.openmrs.ConceptMap</classname>
      <dateChanged id="279">2010-10-24 17:09:59</dateChanged>
    </org.openmrs.module.metadatasharing.Item>
    <org.openmrs.module.metadatasharing.Item id="280" uuid="85fd20aa-8f0e-33c6-8d26-87087144d1f0">
      <id>26890</id>
      <classname>org.openmrs.ConceptReferenceTerm</classname>
      <dateChanged id="281">2010-10-24 04:00:00</dateChanged>
      <retired>false</retired>
    </org.openmrs.module.metadatasharing.Item>
    <org.openmrs.module.metadatasharing.Item id="282" uuid="52be4065-0c9e-4a4b-9e07-d425771c6d92">
      <id>9380</id>
      <classname>org.openmrs.ConceptAnswer</classname>
      <dateChanged id="283">2015-11-03 20:55:40</dateChanged>
    </org.openmrs.module.metadatasharing.Item>
    <org.openmrs.module.metadatasharing.Item id="284" uuid="3cd6fac4-26fe-102b-80cb-0017a47871b2">
      <id>1067</id>
      <classname>org.openmrs.Concept</classname>
      <dateChanged id="285">2022-01-31 17:03:18</dateChanged>
      <retired>false</retired>
    </org.openmrs.module.metadatasharing.Item>
    <org.openmrs.module.metadatasharing.Item id="286" uuid="135594BBBBBBBBBBBBBBBBBBBBBBBBBBBBBB">
      <id>32113</id>
      <classname>org.openmrs.ConceptName</classname>
      <dateChanged id="287">2016-02-20 10:13:35</dateChanged>
    </org.openmrs.module.metadatasharing.Item>
    <org.openmrs.module.metadatasharing.Item id="288" uuid="0b8bde66-15f5-102d-96e4-000c29c2a5d7">
      <id>8177</id>
      <classname>org.openmrs.ConceptName</classname>
      <dateChanged id="289">2015-04-22 14:28:45</dateChanged>
    </org.openmrs.module.metadatasharing.Item>
    <org.openmrs.module.metadatasharing.Item id="290" uuid="1141BBBBBBBBBBBBBBBBBBBBBBBBBBBBBBBB">
      <id>29702</id>
      <classname>org.openmrs.ConceptName</classname>
      <dateChanged id="291">2008-05-19 21:19:37</dateChanged>
    </org.openmrs.module.metadatasharing.Item>
    <org.openmrs.module.metadatasharing.Item id="292" uuid="110114BBBBBBBBBBBBBBBBBBBBBBBBBBBBBB">
      <id>29706</id>
      <classname>org.openmrs.ConceptName</classname>
      <dateChanged id="293">2012-08-10 23:19:26</dateChanged>
    </org.openmrs.module.metadatasharing.Item>
    <org.openmrs.module.metadatasharing.Item id="294" uuid="3e1518f8-26fe-102b-80cb-0017a47871b2">
      <id>8175</id>
      <classname>org.openmrs.ConceptName</classname>
      <dateChanged id="295">2015-04-22 14:28:45</dateChanged>
    </org.openmrs.module.metadatasharing.Item>
    <org.openmrs.module.metadatasharing.Item id="296" uuid="0b8bdd6c-15f5-102d-96e4-000c29c2a5d7">
      <id>8176</id>
      <classname>org.openmrs.ConceptName</classname>
      <dateChanged id="297">2015-04-22 14:28:45</dateChanged>
    </org.openmrs.module.metadatasharing.Item>
    <org.openmrs.module.metadatasharing.Item id="298" uuid="127334BBBBBBBBBBBBBBBBBBBBBBBBBBBBBB">
      <id>29707</id>
      <classname>org.openmrs.ConceptName</classname>
      <dateChanged id="299">2015-04-24 21:19:36</dateChanged>
    </org.openmrs.module.metadatasharing.Item>
    <org.openmrs.module.metadatasharing.Item id="300" uuid="139801BBBBBBBBBBBBBBBBBBBBBBBBBBBBBB">
      <id>32112</id>
      <classname>org.openmrs.ConceptName</classname>
      <dateChanged id="301">2016-08-16 11:46:02</dateChanged>
    </org.openmrs.module.metadatasharing.Item>
    <org.openmrs.module.metadatasharing.Item id="302" uuid="0b8bdf56-15f5-102d-96e4-000c29c2a5d7">
      <id>8178</id>
      <classname>org.openmrs.ConceptName</classname>
      <dateChanged id="303">2015-04-22 14:28:45</dateChanged>
    </org.openmrs.module.metadatasharing.Item>
    <org.openmrs.module.metadatasharing.Item id="304" uuid="108336BBBBBBBBBBBBBBBBBBBBBBBBBBBBBB">
      <id>29705</id>
      <classname>org.openmrs.ConceptName</classname>
      <dateChanged id="305">2012-03-04 23:59:44</dateChanged>
    </org.openmrs.module.metadatasharing.Item>
    <org.openmrs.module.metadatasharing.Item id="306" uuid="111191BBBBBBBBBBBBBBBBBBBBBBBBBBBBBB">
      <id>29701</id>
      <classname>org.openmrs.ConceptName</classname>
      <dateChanged id="307">2013-01-27 06:36:57</dateChanged>
    </org.openmrs.module.metadatasharing.Item>
    <org.openmrs.module.metadatasharing.Item id="308" uuid="108335BBBBBBBBBBBBBBBBBBBBBBBBBBBBBB">
      <id>29704</id>
      <classname>org.openmrs.ConceptName</classname>
      <dateChanged id="309">2012-03-04 23:59:44</dateChanged>
    </org.openmrs.module.metadatasharing.Item>
    <org.openmrs.module.metadatasharing.Item id="310" uuid="106309BBBBBBBBBBBBBBBBBBBBBBBBBBBBBB">
      <id>29703</id>
      <classname>org.openmrs.ConceptName</classname>
      <dateChanged id="311">2010-06-21 23:12:14</dateChanged>
    </org.openmrs.module.metadatasharing.Item>
    <org.openmrs.module.metadatasharing.Item id="312" uuid="ece43b8e-07fe-102c-b5fa-0017a47871b2">
      <id>1078</id>
      <classname>org.openmrs.ConceptDescription</classname>
      <dateChanged id="313">2015-04-22 14:28:46</dateChanged>
    </org.openmrs.module.metadatasharing.Item>
    <org.openmrs.module.metadatasharing.Item id="314" uuid="5a0076f0-1fc0-4c91-8d92-0541eab81216">
      <id>4747</id>
      <classname>org.openmrs.ConceptDescription</classname>
      <dateChanged id="315">2015-04-22 14:28:46</dateChanged>
    </org.openmrs.module.metadatasharing.Item>
    <org.openmrs.module.metadatasharing.Item id="316" uuid="1070FFFFFFFFFFFFFFFFFFFFFFFFFFFFFFFF">
      <id>6866</id>
      <classname>org.openmrs.ConceptDescription</classname>
      <dateChanged id="317">2015-04-24 21:19:36</dateChanged>
    </org.openmrs.module.metadatasharing.Item>
    <org.openmrs.module.metadatasharing.Item id="318" uuid="18157FFFFFFFFFFFFFFFFFFFFFFFFFFFFFFF">
      <id>7101</id>
      <classname>org.openmrs.ConceptDescription</classname>
      <dateChanged id="319">2016-08-16 11:46:41</dateChanged>
    </org.openmrs.module.metadatasharing.Item>
    <org.openmrs.module.metadatasharing.Item id="320" uuid="b20d1438-4864-102e-96e9-000c29c2a5d7">
      <id>1069</id>
      <classname>org.openmrs.ConceptMap</classname>
      <dateChanged id="321">2015-04-22 14:28:46</dateChanged>
    </org.openmrs.module.metadatasharing.Item>
    <org.openmrs.module.metadatasharing.Item id="322" uuid="161a8ca4-26c9-3702-86ae-19762e7b7a86">
      <id>1069</id>
      <classname>org.openmrs.ConceptReferenceTerm</classname>
      <dateChanged id="323">2010-11-23 00:00:00</dateChanged>
      <retired>false</retired>
    </org.openmrs.module.metadatasharing.Item>
    <org.openmrs.module.metadatasharing.Item id="324" uuid="48d452b4-2448-4b4a-ab17-5993cd2aa765">
      <id>18126</id>
      <classname>org.openmrs.ConceptMap</classname>
      <dateChanged id="325">2015-04-22 14:28:46</dateChanged>
    </org.openmrs.module.metadatasharing.Item>
    <org.openmrs.module.metadatasharing.Item id="326" uuid="4b376e4b-e34d-47f8-9c73-a7240ec97927">
      <id>18085</id>
      <classname>org.openmrs.ConceptReferenceTerm</classname>
      <dateChanged id="327">2013-05-14 22:18:07</dateChanged>
      <retired>false</retired>
    </org.openmrs.module.metadatasharing.Item>
    <org.openmrs.module.metadatasharing.Item id="328" uuid="aef53e25-42b3-4e15-b072-773408c42fcf">
      <id>20053</id>
      <classname>org.openmrs.ConceptMap</classname>
      <dateChanged id="329">2015-04-22 14:28:46</dateChanged>
    </org.openmrs.module.metadatasharing.Item>
    <org.openmrs.module.metadatasharing.Item id="330" uuid="a8eafffd-4944-46e7-bd9c-cfab794e30a9">
      <id>19926</id>
      <classname>org.openmrs.ConceptReferenceTerm</classname>
      <dateChanged id="331">2013-09-26 19:38:23</dateChanged>
      <retired>false</retired>
    </org.openmrs.module.metadatasharing.Item>
    <org.openmrs.module.metadatasharing.Item id="332" uuid="edd52713-8887-47b7-ba9e-6e1148824ca4">
      <id>31</id>
      <classname>org.openmrs.ConceptSource</classname>
      <dateChanged id="333">2015-07-01 17:25:50</dateChanged>
      <retired>false</retired>
    </org.openmrs.module.metadatasharing.Item>
    <org.openmrs.module.metadatasharing.Item id="334" uuid="133842ABBBBBBBBBBBBBBBBBBBBBBBBBBBBB">
      <id>25514</id>
      <classname>org.openmrs.ConceptMap</classname>
      <dateChanged id="335">2010-10-01 23:14:01</dateChanged>
    </org.openmrs.module.metadatasharing.Item>
    <org.openmrs.module.metadatasharing.Item id="336" uuid="2d7618d4-61c6-3389-bd89-5d1c0025cca8">
      <id>24856</id>
      <classname>org.openmrs.ConceptReferenceTerm</classname>
      <dateChanged id="337">2010-10-01 04:00:00</dateChanged>
      <retired>false</retired>
    </org.openmrs.module.metadatasharing.Item>
    <org.openmrs.module.metadatasharing.Item id="338" uuid="fcfd290c-3fae-46c3-8310-d9858f1ca9da">
      <id>27086</id>
      <classname>org.openmrs.ConceptMap</classname>
      <dateChanged id="339">2017-03-04 21:46:26</dateChanged>
    </org.openmrs.module.metadatasharing.Item>
    <org.openmrs.module.metadatasharing.Item id="340" uuid="a10dc73e-f982-4e58-9a45-9285850c3937">
      <id>26243</id>
      <classname>org.openmrs.ConceptReferenceTerm</classname>
      <dateChanged id="341">2017-03-04 21:44:41</dateChanged>
      <retired>false</retired>
    </org.openmrs.module.metadatasharing.Item>
    <org.openmrs.module.metadatasharing.Item id="342" uuid="134739ABBBBBBBBBBBBBBBBBBBBBBBBBBBBB">
      <id>27573</id>
      <classname>org.openmrs.ConceptMap</classname>
      <dateChanged id="343">2010-10-24 17:09:59</dateChanged>
    </org.openmrs.module.metadatasharing.Item>
    <org.openmrs.module.metadatasharing.Item id="344" uuid="86e0b01a-cf11-334f-901f-ae1cea9ae9bf">
      <id>26892</id>
      <classname>org.openmrs.ConceptReferenceTerm</classname>
      <dateChanged id="345">2010-10-24 04:00:00</dateChanged>
      <retired>false</retired>
    </org.openmrs.module.metadatasharing.Item>
    <org.openmrs.module.metadatasharing.Item id="346" uuid="fefc4772-0916-4917-8492-ee793ee29470">
      <id>6972</id>
      <classname>org.openmrs.ConceptDescription</classname>
      <dateChanged id="347">2015-11-03 20:55:40</dateChanged>
    </org.openmrs.module.metadatasharing.Item>
    <org.openmrs.module.metadatasharing.Item id="348" uuid="e8080fc5-0cf3-11ec-9f8b-aa0059ea79c6">
      <id>37410</id>
      <classname>org.openmrs.ConceptMap</classname>
      <dateChanged id="349">2021-09-03 20:17:03</dateChanged>
    </org.openmrs.module.metadatasharing.Item>
    <org.openmrs.module.metadatasharing.Item id="350" uuid="9796a658-0cf1-11ec-9f8b-aa0059ea79c6">
      <id>35630</id>
      <classname>org.openmrs.ConceptReferenceTerm</classname>
      <dateChanged id="351">2021-09-03 20:00:31</dateChanged>
      <retired>false</retired>
    </org.openmrs.module.metadatasharing.Item>
    <org.openmrs.module.metadatasharing.Item id="352" uuid="3618ba8a-a4e1-4336-b6de-c111f2979e3e">
      <id>26064</id>
      <classname>org.openmrs.ConceptMap</classname>
      <dateChanged id="353">2015-11-03 20:55:41</dateChanged>
    </org.openmrs.module.metadatasharing.Item>
    <org.openmrs.module.metadatasharing.Item id="354" uuid="e84eef93-ab20-4e32-b488-207db81796ae">
      <id>25410</id>
      <classname>org.openmrs.ConceptReferenceTerm</classname>
      <dateChanged id="355">2015-11-03 20:55:07</dateChanged>
      <retired>false</retired>
    </org.openmrs.module.metadatasharing.Item>
    <org.openmrs.module.metadatasharing.Item id="356" uuid="0937a2ad-3f3c-415b-877e-f0684dbc7a7e">
      <id>26065</id>
      <classname>org.openmrs.ConceptMap</classname>
      <dateChanged id="357">2015-11-03 20:58:21</dateChanged>
    </org.openmrs.module.metadatasharing.Item>
    <org.openmrs.module.metadatasharing.Item id="358" uuid="d1c42d50-6d5e-4d12-b229-379a64bdc7d6">
      <id>25411</id>
      <classname>org.openmrs.ConceptReferenceTerm</classname>
      <dateChanged id="359">2015-11-03 20:56:50</dateChanged>
      <retired>false</retired>
    </org.openmrs.module.metadatasharing.Item>
    <org.openmrs.module.metadatasharing.Item id="360" uuid="d54971f3-dcc1-424e-a897-72bc7ab806ad">
      <id>9384</id>
      <classname>org.openmrs.ConceptAnswer</classname>
      <dateChanged id="361">2015-11-03 21:04:15</dateChanged>
    </org.openmrs.module.metadatasharing.Item>
    <org.openmrs.module.metadatasharing.Item id="362" uuid="75015399-72f0-4ee4-b45a-7efd9ede2051">
      <id>10568</id>
      <classname>org.openmrs.Concept</classname>
      <dateChanged id="363">2016-01-22 20:33:04</dateChanged>
      <retired>false</retired>
    </org.openmrs.module.metadatasharing.Item>
    <org.openmrs.module.metadatasharing.Item id="364" uuid="bfb87822-39a5-4c4d-9ea2-a753c0a8a76e">
      <id>30472</id>
      <classname>org.openmrs.ConceptName</classname>
      <dateChanged id="365">2015-11-03 20:42:12</dateChanged>
    </org.openmrs.module.metadatasharing.Item>
    <org.openmrs.module.metadatasharing.Item id="366" uuid="07e81cee-a154-4272-a2a3-083feebcaba2">
      <id>30553</id>
      <classname>org.openmrs.ConceptName</classname>
      <dateChanged id="367">2016-01-22 20:33:04</dateChanged>
    </org.openmrs.module.metadatasharing.Item>
    <org.openmrs.module.metadatasharing.Item id="368" uuid="e4310dde-46cc-4e4b-ac5d-3da55593edc6">
      <id>6970</id>
      <classname>org.openmrs.ConceptDescription</classname>
      <dateChanged id="369">2015-11-03 20:42:12</dateChanged>
    </org.openmrs.module.metadatasharing.Item>
    <org.openmrs.module.metadatasharing.Item id="370" uuid="e9bdf8d4-0cf3-11ec-9f8b-aa0059ea79c6">
      <id>37685</id>
      <classname>org.openmrs.ConceptMap</classname>
      <dateChanged id="371">2021-09-03 20:17:03</dateChanged>
    </org.openmrs.module.metadatasharing.Item>
    <org.openmrs.module.metadatasharing.Item id="372" uuid="979acc5d-0cf1-11ec-9f8b-aa0059ea79c6">
      <id>35904</id>
      <classname>org.openmrs.ConceptReferenceTerm</classname>
      <dateChanged id="373">2021-09-03 20:00:31</dateChanged>
      <retired>false</retired>
    </org.openmrs.module.metadatasharing.Item>
    <org.openmrs.module.metadatasharing.Item id="374" uuid="af5e1f44-cd5f-4650-b785-989b68cc98ea">
      <id>26062</id>
      <classname>org.openmrs.ConceptMap</classname>
      <dateChanged id="375">2015-11-03 20:48:03</dateChanged>
    </org.openmrs.module.metadatasharing.Item>
    <org.openmrs.module.metadatasharing.Item id="376" uuid="01fed81c-91a1-48ad-97e3-d9c77267b9a3">
      <id>25406</id>
      <classname>org.openmrs.ConceptReferenceTerm</classname>
      <dateChanged id="377">2015-11-03 20:41:53</dateChanged>
      <retired>false</retired>
    </org.openmrs.module.metadatasharing.Item>
    <org.openmrs.module.metadatasharing.Item id="378" uuid="6abb0078-c0a3-4016-a628-b2eb926f2fa0">
      <id>26063</id>
      <classname>org.openmrs.ConceptMap</classname>
      <dateChanged id="379">2015-11-03 20:48:50</dateChanged>
    </org.openmrs.module.metadatasharing.Item>
    <org.openmrs.module.metadatasharing.Item id="380" uuid="e5adbc24-1eb8-44c6-ab61-da373cf51760">
      <id>25409</id>
      <classname>org.openmrs.ConceptReferenceTerm</classname>
      <dateChanged id="381">2015-11-03 20:48:28</dateChanged>
      <retired>false</retired>
    </org.openmrs.module.metadatasharing.Item>
    <org.openmrs.module.metadatasharing.Item id="382" uuid="40882309-42e0-449f-a991-7c53f21e7873">
      <id>6973</id>
      <classname>org.openmrs.ConceptDescription</classname>
      <dateChanged id="383">2015-11-03 21:04:15</dateChanged>
    </org.openmrs.module.metadatasharing.Item>
    <org.openmrs.module.metadatasharing.Item id="384" uuid="ed78b95e-0cf3-11ec-9f8b-aa0059ea79c6">
      <id>39541</id>
      <classname>org.openmrs.ConceptMap</classname>
      <dateChanged id="385">2021-09-03 20:17:03</dateChanged>
    </org.openmrs.module.metadatasharing.Item>
    <org.openmrs.module.metadatasharing.Item id="386" uuid="97a62b73-0cf1-11ec-9f8b-aa0059ea79c6">
      <id>37753</id>
      <classname>org.openmrs.ConceptReferenceTerm</classname>
      <dateChanged id="387">2021-09-03 20:00:31</dateChanged>
      <retired>false</retired>
    </org.openmrs.module.metadatasharing.Item>
    <org.openmrs.module.metadatasharing.Item id="388" uuid="1e49c20c-ab30-4a9d-a1d0-c4e1b1967475">
      <id>26066</id>
      <classname>org.openmrs.ConceptMap</classname>
      <dateChanged id="389">2015-11-03 21:05:48</dateChanged>
    </org.openmrs.module.metadatasharing.Item>
    <org.openmrs.module.metadatasharing.Item id="390" uuid="28636bc8-5ff1-4a86-ac9b-2f11db07943a">
      <id>25412</id>
      <classname>org.openmrs.ConceptReferenceTerm</classname>
      <dateChanged id="391">2015-11-03 21:05:28</dateChanged>
      <retired>false</retired>
    </org.openmrs.module.metadatasharing.Item>
    <org.openmrs.module.metadatasharing.Item id="392" uuid="08190baa-c964-4aa3-a089-b86dc39fb5e5">
      <id>6333</id>
      <classname>org.openmrs.ConceptSet</classname>
      <dateChanged id="393">2015-11-03 21:15:10</dateChanged>
    </org.openmrs.module.metadatasharing.Item>
    <org.openmrs.module.metadatasharing.Item id="394" uuid="aff3787e-70db-4a0a-9444-eaee2f025e3e">
      <id>10572</id>
      <classname>org.openmrs.Concept</classname>
      <dateChanged id="395">2016-01-22 20:37:16</dateChanged>
      <retired>false</retired>
    </org.openmrs.module.metadatasharing.Item>
    <org.openmrs.module.metadatasharing.Item id="396" uuid="8d4a4ab4-c2cc-11de-8d13-0010c6dffd0f">
      <id>3</id>
      <classname>org.openmrs.ConceptDatatype</classname>
      <dateChanged id="397">2004-02-02 00:00:00</dateChanged>
      <retired>false</retired>
    </org.openmrs.module.metadatasharing.Item>
    <org.openmrs.module.metadatasharing.Item id="398" uuid="3341535c-aebb-4638-8b3d-8d7aa069686b">
      <id>30477</id>
      <classname>org.openmrs.ConceptName</classname>
      <dateChanged id="399">2015-11-03 21:08:51</dateChanged>
    </org.openmrs.module.metadatasharing.Item>
    <org.openmrs.module.metadatasharing.Item id="400" uuid="389b2dfb-b852-43c8-ac60-e9a0a8ce8892">
      <id>6974</id>
      <classname>org.openmrs.ConceptDescription</classname>
      <dateChanged id="401">2015-11-03 21:08:51</dateChanged>
    </org.openmrs.module.metadatasharing.Item>
    <org.openmrs.module.metadatasharing.Item id="402" uuid="a8df1b7a-6f6d-4697-9fae-77a1ae8aaff7">
      <id>26067</id>
      <classname>org.openmrs.ConceptMap</classname>
      <dateChanged id="403">2015-11-03 21:08:51</dateChanged>
    </org.openmrs.module.metadatasharing.Item>
    <org.openmrs.module.metadatasharing.Item id="404" uuid="50f02807-1d89-480d-b939-c7ebb86b663e">
      <id>25413</id>
      <classname>org.openmrs.ConceptReferenceTerm</classname>
      <dateChanged id="405">2015-11-03 21:08:34</dateChanged>
      <retired>false</retired>
    </org.openmrs.module.metadatasharing.Item>
    <org.openmrs.module.metadatasharing.Item id="406" uuid="ff5b572d-e63d-4333-a967-c96a6060903f">
      <id>26097</id>
      <classname>org.openmrs.ConceptMap</classname>
      <dateChanged id="407">2016-01-22 20:37:16</dateChanged>
    </org.openmrs.module.metadatasharing.Item>
    <org.openmrs.module.metadatasharing.Item id="408" uuid="5b6063f6-ce47-45e9-90eb-580c33266466">
      <id>25441</id>
      <classname>org.openmrs.ConceptReferenceTerm</classname>
      <dateChanged id="409">2016-01-22 20:37:00</dateChanged>
      <retired>false</retired>
    </org.openmrs.module.metadatasharing.Item>
    <org.openmrs.module.metadatasharing.Item id="410" uuid="12efbcba-d884-483b-82c3-5ab6214be5ec">
      <id>6975</id>
      <classname>org.openmrs.ConceptDescription</classname>
      <dateChanged id="411">2015-11-03 21:15:10</dateChanged>
    </org.openmrs.module.metadatasharing.Item>
    <org.openmrs.module.metadatasharing.Item id="412" uuid="012600fb-177c-4966-a7eb-a105383d7175">
      <id>26068</id>
      <classname>org.openmrs.ConceptMap</classname>
      <dateChanged id="413">2015-11-03 21:15:10</dateChanged>
    </org.openmrs.module.metadatasharing.Item>
    <org.openmrs.module.metadatasharing.Item id="414" uuid="ab15c2bb-5bca-47bd-bc86-fc7d557f5989">
      <id>25414</id>
      <classname>org.openmrs.ConceptReferenceTerm</classname>
      <dateChanged id="415">2015-11-03 21:14:43</dateChanged>
      <retired>false</retired>
    </org.openmrs.module.metadatasharing.Item>
    <org.openmrs.module.metadatasharing.Item id="416" uuid="ee28dda0-0cf3-11ec-9f8b-aa0059ea79c6">
      <id>39894</id>
      <classname>org.openmrs.ConceptMap</classname>
      <dateChanged id="417">2021-09-03 20:17:03</dateChanged>
    </org.openmrs.module.metadatasharing.Item>
    <org.openmrs.module.metadatasharing.Item id="418" uuid="97d67112-0cf1-11ec-9f8b-aa0059ea79c6">
      <id>38106</id>
      <classname>org.openmrs.ConceptReferenceTerm</classname>
      <dateChanged id="419">2021-09-03 20:00:31</dateChanged>
      <retired>false</retired>
    </org.openmrs.module.metadatasharing.Item>
  </relatedItems>
  <incrementalVersion>false</incrementalVersion>
</package>
