<?xml version="1.0" encoding="UTF-8"?>
<list id="1">
  <org.openmrs.Concept id="2" uuid="f97e0c5b-889a-4249-b22a-3a247bf19a74">
    <conceptId>10563</conceptId>
    <retired>false</retired>
    <datatype id="3" resolves-to="org.openmrs.ConceptDatatype" uuid="8d4a4c94-c2cc-11de-8d13-0010c6dffd0f">
      <name>N/A</name>
      <description>Not associated with a datatype (e.g., term answers, sets)</description>
      <creator/>
      <dateCreated id="4">2004-02-02 05:00:00</dateCreated>
      <retired>false</retired>
      <conceptDatatypeId>4</conceptDatatypeId>
      <hl7Abbreviation>ZZ</hl7Abbreviation>
    </datatype>
    <conceptClass id="5" resolves-to="org.openmrs.ConceptClass" uuid="8d492594-c2cc-11de-8d13-0010c6dffd0f">
      <name>ConvSet</name>
      <description>Term to describe convenience sets</description>
      <creator/>
      <dateCreated id="6">2015-07-01 17:25:50</dateCreated>
      <retired>false</retired>
      <conceptClassId>10</conceptClassId>
    </conceptClass>
    <set>true</set>
    <creator/>
    <dateCreated id="7">2015-10-30 19:51:27</dateCreated>
    <changedBy/>
    <dateChanged id="8">2020-02-20 19:31:20</dateChanged>
    <names class="set" id="9">
      <org.openmrs.ConceptName id="10" uuid="59f15b4a-8a2e-4a9c-bbb2-863e985b8681">
        <conceptNameId>42567</conceptNameId>
        <concept reference="2"/>
        <name>Pediatric feeding concept set</name>
        <locale id="11">en</locale>
        <creator/>
        <dateCreated id="12">2020-02-20 19:31:20</dateCreated>
        <voided>false</voided>
        <tags class="set" id="13"/>
        <localePreferred>true</localePreferred>
        <changedBy/>
        <dateChanged id="14">2020-02-20 19:31:20</dateChanged>
      </org.openmrs.ConceptName>
      <org.openmrs.ConceptName id="15" uuid="d6b6577e-b041-466f-9377-018c2f02003b">
        <conceptNameId>31390</conceptNameId>
        <concept reference="2"/>
        <name>Pediatric feeding set</name>
        <locale id="16">en</locale>
        <creator/>
        <dateCreated id="17">2016-09-01 17:28:08</dateCreated>
        <voided>true</voided>
        <voidedBy/>
        <dateVoided id="18">2020-02-20 19:31:20</dateVoided>
        <voidReason>Deleted due to change of name</voidReason>
        <tags class="set" id="19"/>
        <localePreferred>false</localePreferred>
        <changedBy/>
        <dateChanged id="20">2020-02-20 19:31:20</dateChanged>
      </org.openmrs.ConceptName>
      <org.openmrs.ConceptName id="21" uuid="6a3fd147-fa02-4dc1-8a21-6d4db68a3717">
        <conceptNameId>30466</conceptNameId>
        <concept reference="2"/>
        <name>Pediatric Feeding Form Concept Set</name>
        <locale id="22">en</locale>
        <creator/>
        <dateCreated id="23">2015-10-30 19:51:27</dateCreated>
        <voided>false</voided>
        <tags class="set" id="24"/>
        <conceptNameType>FULLY_SPECIFIED</conceptNameType>
        <localePreferred>false</localePreferred>
      </org.openmrs.ConceptName>
    </names>
    <answers class="set" id="25"/>
    <conceptSets class="set" id="26">
      <org.openmrs.ConceptSet id="27" uuid="3a0ea8f6-3539-49de-b24f-c79961acf435">
        <conceptSetId>10799</conceptSetId>
        <concept id="28" resolves-to="org.openmrs.Concept" uuid="7f32715f-b2cd-4058-9663-1ba7a0bd2d42">
          <conceptId>10567</conceptId>
          <retired>false</retired>
          <datatype reference="3"/>
          <conceptClass reference="5"/>
          <set>true</set>
          <creator/>
          <dateCreated id="29">2015-11-02 22:34:13</dateCreated>
          <changedBy/>
          <dateChanged id="30">2018-12-14 20:05:23</dateChanged>
          <names class="set" id="31">
            <org.openmrs.ConceptName id="32" uuid="70a82a73-9452-49cf-a6e8-36950295c757">
              <conceptNameId>30470</conceptNameId>
              <concept reference="28"/>
              <name>PEDIATRIC FEEDING HISTORY CONSTRUCT</name>
              <locale id="33">en</locale>
              <creator/>
              <dateCreated id="34">2015-11-02 22:34:13</dateCreated>
              <voided>true</voided>
              <voidedBy/>
              <dateVoided id="35">2018-12-14 20:05:23</dateVoided>
              <voidReason>Deleted due to change of name</voidReason>
              <tags class="set" id="36"/>
              <localePreferred>false</localePreferred>
              <changedBy/>
              <dateChanged id="37">2018-12-14 20:05:23</dateChanged>
            </org.openmrs.ConceptName>
            <org.openmrs.ConceptName id="38" uuid="d68815c6-6b80-4552-a3ac-95bf315248c2">
              <conceptNameId>38028</conceptNameId>
              <concept reference="28"/>
              <name>Pediatrics feeding history construct</name>
              <locale id="39">en</locale>
              <creator/>
              <dateCreated id="40">2018-12-14 20:05:23</dateCreated>
              <voided>false</voided>
              <tags class="set" id="41"/>
              <conceptNameType>FULLY_SPECIFIED</conceptNameType>
              <localePreferred>true</localePreferred>
              <changedBy/>
              <dateChanged id="42">2018-12-14 20:05:23</dateChanged>
            </org.openmrs.ConceptName>
          </names>
          <answers class="set" id="43"/>
          <conceptSets class="set" id="44">
            <org.openmrs.ConceptSet id="45" uuid="90a8282d-ed48-4bc0-962d-7e177d782e62">
              <conceptSetId>6330</conceptSetId>
              <concept id="46" resolves-to="org.openmrs.Concept" uuid="2f4b8b9c-0214-4f54-9446-fa306b3ddff0">
                <conceptId>10565</conceptId>
                <retired>false</retired>
                <datatype id="47" resolves-to="org.openmrs.ConceptDatatype" uuid="8d4a48b6-c2cc-11de-8d13-0010c6dffd0f">
                  <name>Coded</name>
                  <description>Value determined by term dictionary lookup (i.e., term identifier)</description>
                  <creator/>
                  <dateCreated id="48">2004-02-02 05:00:00</dateCreated>
                  <retired>false</retired>
                  <conceptDatatypeId>2</conceptDatatypeId>
                  <hl7Abbreviation>CWE</hl7Abbreviation>
                </datatype>
                <conceptClass id="49" resolves-to="org.openmrs.ConceptClass" uuid="8d491e50-c2cc-11de-8d13-0010c6dffd0f">
                  <name>Question</name>
                  <description>Question (eg, patient history, SF36 items)</description>
                  <creator/>
                  <dateCreated id="50">2015-07-01 17:25:50</dateCreated>
                  <retired>false</retired>
                  <conceptClassId>7</conceptClassId>
                </conceptClass>
                <set>false</set>
                <creator/>
                <dateCreated id="51">2015-11-02 22:25:42</dateCreated>
                <changedBy/>
                <dateChanged id="52">2018-12-14 20:06:21</dateChanged>
                <names class="set" id="53">
                  <org.openmrs.ConceptName id="54" uuid="685ec9ea-b2ad-4b2a-bb71-cc44acea257a">
                    <conceptNameId>30468</conceptNameId>
                    <concept reference="46"/>
                    <name>Feeding method absent</name>
                    <locale id="55">en</locale>
                    <creator/>
                    <dateCreated id="56">2015-11-02 22:25:42</dateCreated>
                    <voided>false</voided>
                    <tags class="set" id="57"/>
                    <conceptNameType>FULLY_SPECIFIED</conceptNameType>
                    <localePreferred>true</localePreferred>
                    <changedBy/>
                    <dateChanged id="58">2018-12-14 20:06:21</dateChanged>
                  </org.openmrs.ConceptName>
                </names>
                <answers class="set" id="59">
                  <org.openmrs.ConceptAnswer id="60" uuid="8bf307c4-db05-4967-a049-78940983deed">
                    <conceptAnswerId>9377</conceptAnswerId>
                    <concept reference="46"/>
                    <answerConcept id="61" resolves-to="org.openmrs.Concept" uuid="3cf2ddc0-26fe-102b-80cb-0017a47871b2">
                      <conceptId>6046</conceptId>
                      <retired>false</retired>
                      <datatype reference="47"/>
                      <conceptClass id="62" resolves-to="org.openmrs.ConceptClass" uuid="8d491a9a-c2cc-11de-8d13-0010c6dffd0f">
                        <name>Finding</name>
                        <description>Practitioner observation/finding</description>
                        <creator/>
                        <dateCreated id="63">2015-07-01 17:25:50</dateCreated>
                        <retired>false</retired>
                        <conceptClassId>5</conceptClassId>
                      </conceptClass>
                      <set>false</set>
                      <creator/>
                      <dateCreated id="64">2004-08-12 00:00:00</dateCreated>
                      <changedBy/>
                      <dateChanged id="65">2017-05-17 13:14:33</dateChanged>
                      <names class="set" id="66">
                        <org.openmrs.ConceptName id="67" uuid="f77a3d62-d5db-102d-ad2a-000c29c2a5d7">
                          <conceptNameId>13859</conceptNameId>
                          <concept reference="61"/>
                          <name>ALIMENTATION MÉLANGÉE</name>
                          <locale id="68">fr</locale>
                          <creator/>
                          <dateCreated id="69">2010-06-29 13:05:30</dateCreated>
                          <voided>true</voided>
                          <voidedBy/>
                          <dateVoided id="70">2016-09-01 17:26:35</dateVoided>
                          <voidReason>Removed from user interface</voidReason>
                          <tags class="set" id="71"/>
                          <localePreferred>true</localePreferred>
                        </org.openmrs.ConceptName>
                        <org.openmrs.ConceptName id="72" uuid="3e4519a4-26fe-102b-80cb-0017a47871b2">
                          <conceptNameId>4425</conceptNameId>
                          <concept reference="61"/>
                          <name>Mixed feeding</name>
                          <locale id="73">en</locale>
                          <creator/>
                          <dateCreated id="74">2004-08-12 00:00:00</dateCreated>
                          <voided>false</voided>
                          <tags class="set" id="75"/>
                          <conceptNameType>FULLY_SPECIFIED</conceptNameType>
                          <localePreferred>true</localePreferred>
                        </org.openmrs.ConceptName>
                        <org.openmrs.ConceptName id="76" uuid="fbfbb826-5329-4301-bc0c-b9d37eccd037">
                          <conceptNameId>31389</conceptNameId>
                          <concept reference="61"/>
                          <name>Combination feeding</name>
                          <locale id="77">en</locale>
                          <creator/>
                          <dateCreated id="78">2016-09-01 17:26:35</dateCreated>
                          <voided>false</voided>
                          <tags class="set" id="79"/>
                          <localePreferred>false</localePreferred>
                        </org.openmrs.ConceptName>
                        <org.openmrs.ConceptName id="80" uuid="029fbaeb-43df-4694-a0ef-61ce9b6bc1f4">
                          <conceptNameId>31388</conceptNameId>
                          <concept reference="61"/>
                          <name>Alimentation mélangée</name>
                          <locale id="81">fr</locale>
                          <creator/>
                          <dateCreated id="82">2016-09-01 17:26:35</dateCreated>
                          <voided>false</voided>
                          <tags class="set" id="83"/>
                          <conceptNameType>FULLY_SPECIFIED</conceptNameType>
                          <localePreferred>true</localePreferred>
                        </org.openmrs.ConceptName>
                      </names>
                      <answers class="set" id="84"/>
                      <conceptSets class="set" id="85"/>
                      <descriptions class="set" id="86">
                        <org.openmrs.ConceptDescription id="87" uuid="ed1e3b22-07fe-102c-b5fa-0017a47871b2">
                          <conceptDescriptionId>3847</conceptDescriptionId>
                          <concept reference="61"/>
                          <description>Describes when families select to feed a child a combination of different foodstuffs (eg, breastmilk, formula, foods)</description>
                          <locale id="88">en</locale>
                          <creator/>
                          <dateCreated id="89">2004-08-12 00:00:00</dateCreated>
                          <changedBy/>
                          <dateChanged id="90">2010-12-06 15:10:24</dateChanged>
                        </org.openmrs.ConceptDescription>
                      </descriptions>
                      <conceptMappings class="set" id="91">
                        <org.openmrs.ConceptMap id="92" uuid="35382900-733a-4d7c-a907-91afbd57ee4e">
                          <conceptMapType id="93" resolves-to="org.openmrs.ConceptMapType" uuid="35543629-7d8c-11e1-909d-c80aa9edcf4e">
                            <name>SAME-AS</name>
                            <creator/>
                            <dateCreated id="94">2012-06-21 00:00:00</dateCreated>
                            <retired>false</retired>
                            <conceptMapTypeId>1</conceptMapTypeId>
                            <isHidden>false</isHidden>
                          </conceptMapType>
                          <creator/>
                          <dateCreated id="95">2017-03-09 03:01:37</dateCreated>
                          <conceptMapId>27168</conceptMapId>
                          <concept reference="61"/>
                          <conceptReferenceTerm id="96" resolves-to="org.openmrs.ConceptReferenceTerm" uuid="ae6c228d-8a2c-47d7-b971-0a335602f33c">
                            <creator/>
                            <dateCreated id="97">2017-03-09 03:01:19</dateCreated>
                            <retired>false</retired>
                            <conceptReferenceTermId>26318</conceptReferenceTermId>
                            <conceptSource id="98" resolves-to="org.openmrs.ConceptSource" uuid="21ADDDDDDDDDDDDDDDDDDDDDDDDDDDDDDDDD">
                              <name>CIEL</name>
                              <description>Columbia International eHealth Laboratory concept ID</description>
                              <creator/>
                              <dateCreated id="99">2015-07-01 17:25:50</dateCreated>
                              <retired>false</retired>
                              <conceptSourceId>29</conceptSourceId>
                            </conceptSource>
                            <code>6046</code>
                            <conceptReferenceTermMaps id="100"/>
                          </conceptReferenceTerm>
                        </org.openmrs.ConceptMap>
                        <org.openmrs.ConceptMap id="101" uuid="b29cd168-4864-102e-96e9-000c29c2a5d7">
                          <conceptMapType reference="93"/>
                          <creator/>
                          <changedBy/>
                          <dateCreated id="102">2010-11-23 10:15:31</dateCreated>
                          <dateChanged id="103">2012-06-21 16:49:52</dateChanged>
                          <conceptMapId>5117</conceptMapId>
                          <concept reference="61"/>
                          <conceptReferenceTerm id="104" resolves-to="org.openmrs.ConceptReferenceTerm" uuid="1f8fb18d-11ef-3954-86b0-89381a31df0b">
                            <creator/>
                            <dateCreated id="105">2010-11-23 00:00:00</dateCreated>
                            <retired>false</retired>
                            <conceptReferenceTermId>5117</conceptReferenceTermId>
                            <conceptSource id="106" resolves-to="org.openmrs.ConceptSource" uuid="fb9aaaf1-65e2-4c18-b53c-16b575f2f385">
                              <name>PIH</name>
                              <description>Partners In Health concept dictionary using concept ids and preferred English names</description>
                              <creator/>
                              <dateCreated id="107">2015-07-01 17:25:50</dateCreated>
                              <retired>false</retired>
                              <conceptSourceId>5</conceptSourceId>
                            </conceptSource>
                            <code>6046</code>
                            <conceptReferenceTermMaps id="108"/>
                          </conceptReferenceTerm>
                        </org.openmrs.ConceptMap>
                        <org.openmrs.ConceptMap id="109" uuid="d48a9233-6cfc-4c2b-bf61-d6dae984b895">
                          <conceptMapType reference="93"/>
                          <creator/>
                          <changedBy/>
                          <dateCreated id="110">2010-12-06 15:10:24</dateCreated>
                          <dateChanged id="111">2012-06-21 16:49:52</dateChanged>
                          <conceptMapId>11584</conceptMapId>
                          <concept reference="61"/>
                          <conceptReferenceTerm id="112" resolves-to="org.openmrs.ConceptReferenceTerm" uuid="66708454-41a4-38cb-ac54-36efbe95d66d">
                            <creator/>
                            <dateCreated id="113">2010-12-06 00:00:00</dateCreated>
                            <retired>false</retired>
                            <conceptReferenceTermId>11584</conceptReferenceTermId>
                            <conceptSource reference="106"/>
                            <code>MIXED FEEDING</code>
                            <conceptReferenceTermMaps id="114"/>
                          </conceptReferenceTerm>
                        </org.openmrs.ConceptMap>
                      </conceptMappings>
                      <attributes id="115"/>
                    </answerConcept>
                    <creator/>
                    <dateCreated id="116">2015-11-02 22:25:42</dateCreated>
                    <sortWeight>4.0</sortWeight>
                  </org.openmrs.ConceptAnswer>
                  <org.openmrs.ConceptAnswer id="117" uuid="28e10eba-84fe-4ab6-992b-a3f3458d598d">
                    <conceptAnswerId>9376</conceptAnswerId>
                    <concept reference="46"/>
                    <answerConcept id="118" resolves-to="org.openmrs.Concept" uuid="3cd78b10-26fe-102b-80cb-0017a47871b2">
                      <conceptId>1152</conceptId>
                      <retired>false</retired>
                      <datatype reference="3"/>
                      <conceptClass reference="62"/>
                      <set>false</set>
                      <creator/>
                      <dateCreated id="119">2005-02-07 00:00:00</dateCreated>
                      <changedBy/>
                      <dateChanged id="120">2016-09-01 17:20:10</dateChanged>
                      <names class="set" id="121">
                        <org.openmrs.ConceptName id="122" uuid="f972539f-0f60-4d5b-9ac2-3bcdffb285cd">
                          <conceptNameId>31382</conceptNameId>
                          <concept reference="118"/>
                          <name>Sevré</name>
                          <locale id="123">fr</locale>
                          <creator/>
                          <dateCreated id="124">2016-09-01 17:20:10</dateCreated>
                          <voided>false</voided>
                          <tags class="set" id="125"/>
                          <conceptNameType>FULLY_SPECIFIED</conceptNameType>
                          <localePreferred>true</localePreferred>
                        </org.openmrs.ConceptName>
                        <org.openmrs.ConceptName id="126" uuid="3e15e6d4-26fe-102b-80cb-0017a47871b2">
                          <conceptNameId>1190</conceptNameId>
                          <concept reference="118"/>
                          <name>Weaned</name>
                          <locale id="127">en</locale>
                          <creator/>
                          <dateCreated id="128">2005-02-07 00:00:00</dateCreated>
                          <voided>false</voided>
                          <tags class="set" id="129"/>
                          <conceptNameType>FULLY_SPECIFIED</conceptNameType>
                          <localePreferred>true</localePreferred>
                        </org.openmrs.ConceptName>
                        <org.openmrs.ConceptName id="130" uuid="f5dd05f2-d5db-102d-ad2a-000c29c2a5d7">
                          <conceptNameId>10669</conceptNameId>
                          <concept reference="118"/>
                          <name>SEVRÉ</name>
                          <locale id="131">fr</locale>
                          <creator/>
                          <dateCreated id="132">2010-06-29 13:03:16</dateCreated>
                          <voided>true</voided>
                          <voidedBy/>
                          <dateVoided id="133">2016-09-01 17:20:10</dateVoided>
                          <voidReason>Removed from user interface</voidReason>
                          <tags class="set" id="134"/>
                          <localePreferred>true</localePreferred>
                        </org.openmrs.ConceptName>
                        <org.openmrs.ConceptName id="135" uuid="22b1b659-269c-4c95-9001-733c6e0d9001">
                          <conceptNameId>14152</conceptNameId>
                          <concept reference="118"/>
                          <name>Stopped breastfeeding</name>
                          <locale id="136">en</locale>
                          <creator/>
                          <dateCreated id="137">2010-11-07 13:13:07</dateCreated>
                          <voided>false</voided>
                          <tags class="set" id="138"/>
                          <localePreferred>false</localePreferred>
                        </org.openmrs.ConceptName>
                        <org.openmrs.ConceptName id="139" uuid="aa7aec99-9bcd-4215-adf2-ae45ce0cf5aa">
                          <conceptNameId>31383</conceptNameId>
                          <concept reference="118"/>
                          <name>Sevre</name>
                          <locale id="140">ht</locale>
                          <creator/>
                          <dateCreated id="141">2016-09-01 17:20:10</dateCreated>
                          <voided>false</voided>
                          <tags class="set" id="142"/>
                          <conceptNameType>FULLY_SPECIFIED</conceptNameType>
                          <localePreferred>true</localePreferred>
                        </org.openmrs.ConceptName>
                      </names>
                      <answers class="set" id="143"/>
                      <conceptSets class="set" id="144"/>
                      <descriptions class="set" id="145">
                        <org.openmrs.ConceptDescription id="146" uuid="ece4f8e4-07fe-102c-b5fa-0017a47871b2">
                          <conceptDescriptionId>1164</conceptDescriptionId>
                          <concept reference="118"/>
                          <description>Descriptive term.  To accustom children to take nourishment other than by suckling.</description>
                          <locale id="147">en</locale>
                          <creator/>
                          <dateCreated id="148">2005-02-07 00:00:00</dateCreated>
                          <changedBy/>
                          <dateChanged id="149">2010-11-07 13:13:07</dateChanged>
                        </org.openmrs.ConceptDescription>
                      </descriptions>
                      <conceptMappings class="set" id="150">
                        <org.openmrs.ConceptMap id="151" uuid="b20efcee-4864-102e-96e9-000c29c2a5d7">
                          <conceptMapType reference="93"/>
                          <creator/>
                          <changedBy/>
                          <dateCreated id="152">2010-11-23 10:15:31</dateCreated>
                          <dateChanged id="153">2012-06-21 16:49:52</dateChanged>
                          <conceptMapId>1154</conceptMapId>
                          <concept reference="118"/>
                          <conceptReferenceTerm id="154" resolves-to="org.openmrs.ConceptReferenceTerm" uuid="b9eda55a-b592-3ffd-9c06-c04662356e75">
                            <creator/>
                            <dateCreated id="155">2010-11-23 00:00:00</dateCreated>
                            <retired>false</retired>
                            <conceptReferenceTermId>1154</conceptReferenceTermId>
                            <conceptSource reference="106"/>
                            <code>1152</code>
                            <conceptReferenceTermMaps id="156"/>
                          </conceptReferenceTerm>
                        </org.openmrs.ConceptMap>
                        <org.openmrs.ConceptMap id="157" uuid="7568e6e4-4943-102e-96e9-000c29c2a5d7">
                          <conceptMapType reference="93"/>
                          <creator/>
                          <changedBy/>
                          <dateCreated id="158">2010-11-24 12:49:58</dateCreated>
                          <dateChanged id="159">2012-06-21 16:49:52</dateChanged>
                          <conceptMapId>7013</conceptMapId>
                          <concept reference="118"/>
                          <conceptReferenceTerm id="160" resolves-to="org.openmrs.ConceptReferenceTerm" uuid="c9f5fc02-7ab0-3bfa-8bd8-459d5bfcc051">
                            <creator/>
                            <dateCreated id="161">2010-11-24 00:00:00</dateCreated>
                            <retired>false</retired>
                            <conceptReferenceTermId>7013</conceptReferenceTermId>
                            <conceptSource reference="106"/>
                            <code>WEANED</code>
                            <conceptReferenceTermMaps id="162"/>
                          </conceptReferenceTerm>
                        </org.openmrs.ConceptMap>
                      </conceptMappings>
                      <attributes id="163"/>
                    </answerConcept>
                    <creator/>
                    <dateCreated id="164">2015-11-02 22:25:42</dateCreated>
                    <sortWeight>2.0</sortWeight>
                  </org.openmrs.ConceptAnswer>
                  <org.openmrs.ConceptAnswer id="165" uuid="e65af896-42c0-48ba-96ee-a54952b65087">
                    <conceptAnswerId>9378</conceptAnswerId>
                    <concept reference="46"/>
                    <answerConcept id="166" resolves-to="org.openmrs.Concept" uuid="3ceb2c7e-26fe-102b-80cb-0017a47871b2">
                      <conceptId>5254</conceptId>
                      <retired>false</retired>
                      <datatype reference="47"/>
                      <conceptClass id="167" resolves-to="org.openmrs.ConceptClass" uuid="8d490dfc-c2cc-11de-8d13-0010c6dffd0f">
                        <name>Drug</name>
                        <description>Drug</description>
                        <creator/>
                        <dateCreated id="168">2015-07-01 17:25:50</dateCreated>
                        <retired>false</retired>
                        <conceptClassId>3</conceptClassId>
                      </conceptClass>
                      <set>false</set>
                      <creator/>
                      <dateCreated id="169">2004-08-12 00:00:00</dateCreated>
                      <changedBy/>
                      <dateChanged id="170">2019-11-05 10:45:36</dateChanged>
                      <names class="set" id="171">
                        <org.openmrs.ConceptName id="172" uuid="f95053fa-fccc-4786-bbe1-afc6c7166784">
                          <conceptNameId>33143</conceptNameId>
                          <concept reference="166"/>
                          <name>Fòmil pou timoun</name>
                          <locale id="173">ht</locale>
                          <creator/>
                          <dateCreated id="174">2017-04-14 16:36:32</dateCreated>
                          <voided>false</voided>
                          <tags class="set" id="175"/>
                          <conceptNameType>FULLY_SPECIFIED</conceptNameType>
                          <localePreferred>true</localePreferred>
                        </org.openmrs.ConceptName>
                        <org.openmrs.ConceptName id="176" uuid="551398a7-e222-40c1-b4f4-753510cd0a59">
                          <conceptNameId>33142</conceptNameId>
                          <concept reference="166"/>
                          <name>Préparations pour nourrissons</name>
                          <locale id="177">fr</locale>
                          <creator/>
                          <dateCreated id="178">2017-04-14 16:36:32</dateCreated>
                          <voided>false</voided>
                          <tags class="set" id="179"/>
                          <localePreferred>false</localePreferred>
                        </org.openmrs.ConceptName>
                        <org.openmrs.ConceptName id="180" uuid="3e3cf080-26fe-102b-80cb-0017a47871b2">
                          <conceptNameId>3621</conceptNameId>
                          <concept reference="166"/>
                          <name>Infant formula</name>
                          <locale id="181">en</locale>
                          <creator/>
                          <dateCreated id="182">2004-08-12 00:00:00</dateCreated>
                          <voided>false</voided>
                          <tags class="set" id="183"/>
                          <conceptNameType>FULLY_SPECIFIED</conceptNameType>
                          <localePreferred>true</localePreferred>
                        </org.openmrs.ConceptName>
                        <org.openmrs.ConceptName id="184" uuid="8275929e-4505-4abd-a0c1-6091278ffdea">
                          <conceptNameId>31387</conceptNameId>
                          <concept reference="166"/>
                          <name>Formule enfant</name>
                          <locale id="185">fr</locale>
                          <creator/>
                          <dateCreated id="186">2016-09-01 17:24:20</dateCreated>
                          <voided>false</voided>
                          <tags class="set" id="187"/>
                          <conceptNameType>FULLY_SPECIFIED</conceptNameType>
                          <localePreferred>true</localePreferred>
                        </org.openmrs.ConceptName>
                        <org.openmrs.ConceptName id="188" uuid="136532BBBBBBBBBBBBBBBBBBBBBBBBBBBBBB">
                          <conceptNameId>41849</conceptNameId>
                          <concept reference="166"/>
                          <name>Les préparations pour nourrissons</name>
                          <locale id="189">fr</locale>
                          <creator/>
                          <dateCreated id="190">2016-05-27 20:45:44</dateCreated>
                          <voided>false</voided>
                          <tags class="set" id="191"/>
                          <localePreferred>false</localePreferred>
                        </org.openmrs.ConceptName>
                        <org.openmrs.ConceptName id="192" uuid="f759fc82-d5db-102d-ad2a-000c29c2a5d7">
                          <conceptNameId>13678</conceptNameId>
                          <concept reference="166"/>
                          <name>FORMULE ENFANT</name>
                          <locale id="193">fr</locale>
                          <creator/>
                          <dateCreated id="194">2010-06-29 13:05:29</dateCreated>
                          <voided>true</voided>
                          <voidedBy/>
                          <dateVoided id="195">2016-09-01 17:24:20</dateVoided>
                          <voidReason>Removed from user interface</voidReason>
                          <tags class="set" id="196"/>
                          <localePreferred>true</localePreferred>
                        </org.openmrs.ConceptName>
                        <org.openmrs.ConceptName id="197" uuid="e5f2c34d-f225-4c1a-b0ec-86eb89a236a4">
                          <conceptNameId>31386</conceptNameId>
                          <concept reference="166"/>
                          <name>Formula</name>
                          <locale id="198">en</locale>
                          <creator/>
                          <dateCreated id="199">2016-09-01 17:24:20</dateCreated>
                          <voided>false</voided>
                          <tags class="set" id="200"/>
                          <localePreferred>false</localePreferred>
                        </org.openmrs.ConceptName>
                      </names>
                      <answers class="set" id="201"/>
                      <conceptSets class="set" id="202"/>
                      <descriptions class="set" id="203">
                        <org.openmrs.ConceptDescription id="204" uuid="1879FFFFFFFFFFFFFFFFFFFFFFFFFFFFFFFF">
                          <conceptDescriptionId>7962</conceptDescriptionId>
                          <concept reference="166"/>
                          <description>Describes a substance used to feed children.</description>
                          <locale id="205">en</locale>
                          <creator/>
                          <dateCreated id="206">2004-08-12 00:00:00</dateCreated>
                          <dateChanged id="207">2016-07-21 03:03:42</dateChanged>
                        </org.openmrs.ConceptDescription>
                        <org.openmrs.ConceptDescription id="208" uuid="ed14b9f8-07fe-102c-b5fa-0017a47871b2">
                          <conceptDescriptionId>3056</conceptDescriptionId>
                          <concept reference="166"/>
                          <description>Describes a substance used to feed children.</description>
                          <locale id="209">en</locale>
                          <creator/>
                          <dateCreated id="210">2004-08-12 00:00:00</dateCreated>
                        </org.openmrs.ConceptDescription>
                      </descriptions>
                      <conceptMappings class="set" id="211">
                        <org.openmrs.ConceptMap id="212" uuid="b2938f86-4864-102e-96e9-000c29c2a5d7">
                          <conceptMapType reference="93"/>
                          <creator/>
                          <changedBy/>
                          <dateCreated id="213">2010-11-23 10:15:31</dateCreated>
                          <dateChanged id="214">2012-06-21 16:49:52</dateChanged>
                          <conceptMapId>4325</conceptMapId>
                          <concept reference="166"/>
                          <conceptReferenceTerm id="215" resolves-to="org.openmrs.ConceptReferenceTerm" uuid="5e3e22d0-1f62-3d71-bb62-ea5d3f2df6c3">
                            <creator/>
                            <dateCreated id="216">2010-11-23 00:00:00</dateCreated>
                            <retired>false</retired>
                            <conceptReferenceTermId>4325</conceptReferenceTermId>
                            <conceptSource reference="106"/>
                            <code>5254</code>
                            <conceptReferenceTermMaps id="217"/>
                          </conceptReferenceTerm>
                        </org.openmrs.ConceptMap>
                        <org.openmrs.ConceptMap id="218" uuid="dec3db59-bdd7-4c9a-9257-4d3f3e8d4d7c">
                          <conceptMapType reference="93"/>
                          <creator/>
                          <dateCreated id="219">2017-04-14 16:36:32</dateCreated>
                          <conceptMapId>28056</conceptMapId>
                          <concept reference="166"/>
                          <conceptReferenceTerm id="220" resolves-to="org.openmrs.ConceptReferenceTerm" uuid="8108a401-0450-4569-9e09-f91e13384b96">
                            <creator/>
                            <dateCreated id="221">2017-04-14 16:35:40</dateCreated>
                            <retired>false</retired>
                            <conceptReferenceTermId>27491</conceptReferenceTermId>
                            <conceptSource reference="98"/>
                            <code>5254</code>
                            <conceptReferenceTermMaps id="222"/>
                          </conceptReferenceTerm>
                        </org.openmrs.ConceptMap>
                        <org.openmrs.ConceptMap id="223" uuid="135409ABBBBBBBBBBBBBBBBBBBBBBBBBBBBB">
                          <conceptMapType reference="93"/>
                          <creator/>
                          <dateCreated id="224">2010-10-24 13:09:59</dateCreated>
                          <conceptMapId>33504</conceptMapId>
                          <concept reference="166"/>
                          <conceptReferenceTerm id="225" resolves-to="org.openmrs.ConceptReferenceTerm" uuid="c8016063-5d66-3003-ac54-381013aeaea0">
                            <creator/>
                            <dateCreated id="226">2010-10-24 00:00:00</dateCreated>
                            <retired>false</retired>
                            <conceptReferenceTermId>32275</conceptReferenceTermId>
                            <conceptSource id="227" resolves-to="org.openmrs.ConceptSource" uuid="13ADDDDDDDDDDDDDDDDDDDDDDDDDDDDDDDDD">
                              <name>AMPATH</name>
                              <description>AMPATH concept dictionary</description>
                              <creator/>
                              <dateCreated id="228">2015-07-01 17:25:50</dateCreated>
                              <retired>false</retired>
                              <conceptSourceId>10</conceptSourceId>
                            </conceptSource>
                            <code>5254</code>
                            <conceptReferenceTermMaps id="229"/>
                          </conceptReferenceTerm>
                        </org.openmrs.ConceptMap>
                        <org.openmrs.ConceptMap id="230" uuid="75a7ec72-4943-102e-96e9-000c29c2a5d7">
                          <conceptMapType reference="93"/>
                          <creator/>
                          <changedBy/>
                          <dateCreated id="231">2010-11-24 12:49:58</dateCreated>
                          <dateChanged id="232">2012-06-21 16:49:52</dateChanged>
                          <conceptMapId>10032</conceptMapId>
                          <concept reference="166"/>
                          <conceptReferenceTerm id="233" resolves-to="org.openmrs.ConceptReferenceTerm" uuid="f9487836-047d-3a26-a4e9-c8b6f78c422d">
                            <creator/>
                            <dateCreated id="234">2010-11-24 00:00:00</dateCreated>
                            <retired>false</retired>
                            <conceptReferenceTermId>10032</conceptReferenceTermId>
                            <conceptSource reference="106"/>
                            <code>INFANT FORMULA</code>
                            <conceptReferenceTermMaps id="235"/>
                          </conceptReferenceTerm>
                        </org.openmrs.ConceptMap>
                        <org.openmrs.ConceptMap id="236" uuid="b79578fa-c693-4a60-99f0-8d50d1b88bf3">
                          <conceptMapType reference="93"/>
                          <creator/>
                          <dateCreated id="237">2017-04-14 16:36:32</dateCreated>
                          <conceptMapId>28057</conceptMapId>
                          <concept reference="166"/>
                          <conceptReferenceTerm id="238" resolves-to="org.openmrs.ConceptReferenceTerm" uuid="07991daf-b5b1-45c9-9114-cfed0dbf10b8">
                            <creator/>
                            <dateCreated id="239">2017-04-14 16:35:32</dateCreated>
                            <retired>false</retired>
                            <conceptReferenceTermId>27490</conceptReferenceTermId>
                            <conceptSource id="240" resolves-to="org.openmrs.ConceptSource" uuid="1ADDDDDDDDDDDDDDDDDDDDDDDDDDDDDDDDDD">
                              <name>SNOMED CT</name>
                              <description>SNOMED Preferred mapping</description>
                              <creator/>
                              <dateCreated id="241">2015-07-01 17:25:50</dateCreated>
                              <retired>false</retired>
                              <conceptSourceId>6</conceptSourceId>
                              <hl7Code>SCT</hl7Code>
                            </conceptSource>
                            <code>412413001</code>
                            <conceptReferenceTermMaps id="242"/>
                          </conceptReferenceTerm>
                        </org.openmrs.ConceptMap>
                      </conceptMappings>
                      <attributes id="243"/>
                    </answerConcept>
                    <creator/>
                    <dateCreated id="244">2015-11-02 22:25:42</dateCreated>
                    <sortWeight>1.0</sortWeight>
                  </org.openmrs.ConceptAnswer>
                  <org.openmrs.ConceptAnswer id="245" uuid="67777989-6708-47cc-9c7d-127570961757">
                    <conceptAnswerId>9379</conceptAnswerId>
                    <concept reference="46"/>
                    <answerConcept id="246" resolves-to="org.openmrs.Concept" uuid="3cedd4ec-26fe-102b-80cb-0017a47871b2">
                      <conceptId>5526</conceptId>
                      <retired>false</retired>
                      <datatype reference="47"/>
                      <conceptClass reference="62"/>
                      <set>false</set>
                      <creator/>
                      <dateCreated id="247">2004-08-12 00:00:00</dateCreated>
                      <changedBy/>
                      <dateChanged id="248">2017-04-14 17:07:38</dateChanged>
                      <names class="set" id="249">
                        <org.openmrs.ConceptName id="250" uuid="f7664460-d5db-102d-ad2a-000c29c2a5d7">
                          <conceptNameId>13735</conceptNameId>
                          <concept reference="246"/>
                          <name>ALLAITEMENT MATERNEL EXCLUSIF</name>
                          <locale id="251">fr</locale>
                          <creator/>
                          <dateCreated id="252">2010-06-29 13:05:30</dateCreated>
                          <voided>true</voided>
                          <voidedBy/>
                          <dateVoided id="253">2016-09-01 17:22:32</dateVoided>
                          <voidReason>Removed from user interface</voidReason>
                          <tags class="set" id="254"/>
                          <localePreferred>true</localePreferred>
                        </org.openmrs.ConceptName>
                        <org.openmrs.ConceptName id="255" uuid="7a1c4355-bf36-4456-8d45-7a9fe49913c2">
                          <conceptNameId>33153</conceptNameId>
                          <concept reference="246"/>
                          <name>Tete sèlman</name>
                          <locale id="256">ht</locale>
                          <creator/>
                          <dateCreated id="257">2017-04-14 17:06:47</dateCreated>
                          <voided>false</voided>
                          <tags class="set" id="258"/>
                          <localePreferred>false</localePreferred>
                        </org.openmrs.ConceptName>
                        <org.openmrs.ConceptName id="259" uuid="bba43649-c6a0-49f6-8774-ae723c5e940b">
                          <conceptNameId>31385</conceptNameId>
                          <concept reference="246"/>
                          <name>Allaitement maternel exclusif</name>
                          <locale id="260">fr</locale>
                          <creator/>
                          <dateCreated id="261">2016-09-01 17:22:32</dateCreated>
                          <voided>false</voided>
                          <tags class="set" id="262"/>
                          <conceptNameType>FULLY_SPECIFIED</conceptNameType>
                          <localePreferred>true</localePreferred>
                        </org.openmrs.ConceptName>
                        <org.openmrs.ConceptName id="263" uuid="3e3fc990-26fe-102b-80cb-0017a47871b2">
                          <conceptNameId>3895</conceptNameId>
                          <concept reference="246"/>
                          <name>Breastfed exclusively</name>
                          <locale id="264">en</locale>
                          <creator/>
                          <dateCreated id="265">2004-08-12 00:00:00</dateCreated>
                          <voided>false</voided>
                          <tags class="set" id="266"/>
                          <conceptNameType>FULLY_SPECIFIED</conceptNameType>
                          <localePreferred>true</localePreferred>
                        </org.openmrs.ConceptName>
                        <org.openmrs.ConceptName id="267" uuid="84a5dca8-7fa4-4ead-94c6-b3a4ae7722e9">
                          <conceptNameId>31384</conceptNameId>
                          <concept reference="246"/>
                          <name>San konte bay tete</name>
                          <locale id="268">ht</locale>
                          <creator/>
                          <dateCreated id="269">2016-09-01 17:22:32</dateCreated>
                          <voided>false</voided>
                          <tags class="set" id="270"/>
                          <conceptNameType>FULLY_SPECIFIED</conceptNameType>
                          <localePreferred>true</localePreferred>
                        </org.openmrs.ConceptName>
                      </names>
                      <answers class="set" id="271"/>
                      <conceptSets class="set" id="272"/>
                      <descriptions class="set" id="273">
                        <org.openmrs.ConceptDescription id="274" uuid="ed181350-07fe-102c-b5fa-0017a47871b2">
                          <conceptDescriptionId>3328</conceptDescriptionId>
                          <concept reference="246"/>
                          <description>Describes when mothers exclusively feed their children their own breast milk.</description>
                          <locale id="275">en</locale>
                          <creator/>
                          <dateCreated id="276">2004-08-12 00:00:00</dateCreated>
                        </org.openmrs.ConceptDescription>
                      </descriptions>
                      <conceptMappings class="set" id="277">
                        <org.openmrs.ConceptMap id="278" uuid="b295bf54-4864-102e-96e9-000c29c2a5d7">
                          <conceptMapType reference="93"/>
                          <creator/>
                          <changedBy/>
                          <dateCreated id="279">2010-11-23 10:15:31</dateCreated>
                          <dateChanged id="280">2012-06-21 16:49:52</dateChanged>
                          <conceptMapId>4597</conceptMapId>
                          <concept reference="246"/>
                          <conceptReferenceTerm id="281" resolves-to="org.openmrs.ConceptReferenceTerm" uuid="93049780-b3d4-3b67-ace9-0dd7a1b2cff6">
                            <creator/>
                            <dateCreated id="282">2010-11-23 00:00:00</dateCreated>
                            <retired>false</retired>
                            <conceptReferenceTermId>4597</conceptReferenceTermId>
                            <conceptSource reference="106"/>
                            <code>5526</code>
                            <conceptReferenceTermMaps id="283"/>
                          </conceptReferenceTerm>
                        </org.openmrs.ConceptMap>
                        <org.openmrs.ConceptMap id="284" uuid="0771c5cd-9d63-4a6d-a6ef-91bfd2ea99b1">
                          <conceptMapType reference="93"/>
                          <creator/>
                          <dateCreated id="285">2017-04-14 17:06:47</dateCreated>
                          <conceptMapId>28063</conceptMapId>
                          <concept reference="246"/>
                          <conceptReferenceTerm id="286" resolves-to="org.openmrs.ConceptReferenceTerm" uuid="511b321f-6ff5-4e55-a083-70bc52f90344">
                            <creator/>
                            <dateCreated id="287">2017-04-14 17:06:09</dateCreated>
                            <retired>false</retired>
                            <conceptReferenceTermId>27497</conceptReferenceTermId>
                            <conceptSource reference="98"/>
                            <code>5526</code>
                            <conceptReferenceTermMaps id="288"/>
                          </conceptReferenceTerm>
                        </org.openmrs.ConceptMap>
                        <org.openmrs.ConceptMap id="289" uuid="75a98032-4943-102e-96e9-000c29c2a5d7">
                          <conceptMapType reference="93"/>
                          <creator/>
                          <changedBy/>
                          <dateCreated id="290">2010-11-24 12:49:58</dateCreated>
                          <dateChanged id="291">2012-06-21 16:49:52</dateChanged>
                          <conceptMapId>10294</conceptMapId>
                          <concept reference="246"/>
                          <conceptReferenceTerm id="292" resolves-to="org.openmrs.ConceptReferenceTerm" uuid="87444a48-7ff1-3d68-98a5-5e9620956477">
                            <creator/>
                            <dateCreated id="293">2010-11-24 00:00:00</dateCreated>
                            <retired>false</retired>
                            <conceptReferenceTermId>10294</conceptReferenceTermId>
                            <conceptSource reference="106"/>
                            <code>BREASTFED EXCLUSIVELY</code>
                            <conceptReferenceTermMaps id="294"/>
                          </conceptReferenceTerm>
                        </org.openmrs.ConceptMap>
                      </conceptMappings>
                      <attributes id="295"/>
                    </answerConcept>
                    <creator/>
                    <dateCreated id="296">2015-11-02 22:25:42</dateCreated>
                    <sortWeight>3.0</sortWeight>
                  </org.openmrs.ConceptAnswer>
                </answers>
                <conceptSets class="set" id="297"/>
                <descriptions class="set" id="298">
                  <org.openmrs.ConceptDescription id="299" uuid="f7ea51e8-2181-4ae6-a707-81c0f3ac37b0">
                    <conceptDescriptionId>6967</conceptDescriptionId>
                    <concept reference="46"/>
                    <description>Indicates if a given feeding method was not administered.</description>
                    <locale id="300">en</locale>
                    <creator/>
                    <dateCreated id="301">2015-11-02 22:25:42</dateCreated>
                  </org.openmrs.ConceptDescription>
                </descriptions>
                <conceptMappings class="set" id="302">
                  <org.openmrs.ConceptMap id="303" uuid="469f45c9-6404-44ab-93d7-9e3b83d8ac27">
                    <conceptMapType reference="93"/>
                    <creator/>
                    <dateCreated id="304">2015-11-02 22:26:33</dateCreated>
                    <conceptMapId>26055</conceptMapId>
                    <concept reference="46"/>
                    <conceptReferenceTerm id="305" resolves-to="org.openmrs.ConceptReferenceTerm" uuid="08fa84da-611a-4d70-a277-a267e49e20ab">
                      <creator/>
                      <dateCreated id="306">2015-11-02 22:26:05</dateCreated>
                      <retired>false</retired>
                      <conceptReferenceTermId>25400</conceptReferenceTermId>
                      <conceptSource reference="106"/>
                      <code>10565</code>
                      <conceptReferenceTermMaps id="307"/>
                    </conceptReferenceTerm>
                  </org.openmrs.ConceptMap>
                  <org.openmrs.ConceptMap id="308" uuid="7828a168-480f-4f60-a371-202e498f3f83">
                    <conceptMapType reference="93"/>
                    <creator/>
                    <dateCreated id="309">2015-11-02 22:25:42</dateCreated>
                    <conceptMapId>26054</conceptMapId>
                    <concept reference="46"/>
                    <conceptReferenceTerm id="310" resolves-to="org.openmrs.ConceptReferenceTerm" uuid="03cd7326-14d9-4abb-b32e-5c96a505294e">
                      <creator/>
                      <dateCreated id="311">2015-11-02 22:25:06</dateCreated>
                      <retired>false</retired>
                      <conceptReferenceTermId>25399</conceptReferenceTermId>
                      <conceptSource reference="106"/>
                      <code>FEEDING METHOD ABSENT</code>
                      <conceptReferenceTermMaps id="312"/>
                    </conceptReferenceTerm>
                  </org.openmrs.ConceptMap>
                </conceptMappings>
                <attributes id="313"/>
              </concept>
              <conceptSet reference="28"/>
              <sortWeight>1.0</sortWeight>
              <creator/>
              <dateCreated id="314">2015-11-02 22:34:13</dateCreated>
            </org.openmrs.ConceptSet>
            <org.openmrs.ConceptSet id="315" uuid="037dbfa0-ef95-48b0-83f4-56ae64ffd7f2">
              <conceptSetId>6331</conceptSetId>
              <concept id="316" resolves-to="org.openmrs.Concept" uuid="5e87b8c1-3498-4595-bb77-cc59c4fdc1c6">
                <conceptId>10566</conceptId>
                <retired>false</retired>
                <datatype id="317" resolves-to="org.openmrs.ConceptDatatype" uuid="8d4a4ab4-c2cc-11de-8d13-0010c6dffd0f">
                  <name>Text</name>
                  <description>Free text</description>
                  <creator/>
                  <dateCreated id="318">2004-02-02 00:00:00</dateCreated>
                  <retired>false</retired>
                  <conceptDatatypeId>3</conceptDatatypeId>
                  <hl7Abbreviation>ST</hl7Abbreviation>
                </datatype>
                <conceptClass reference="49"/>
                <set>false</set>
                <creator/>
                <dateCreated id="319">2015-11-02 22:28:46</dateCreated>
                <changedBy/>
                <dateChanged id="320">2018-12-14 20:06:01</dateChanged>
                <names class="set" id="321">
                  <org.openmrs.ConceptName id="322" uuid="0d75a1b0-d6f6-43fe-b37c-fa985273a81e">
                    <conceptNameId>30469</conceptNameId>
                    <concept reference="316"/>
                    <name>Feeding method age</name>
                    <locale id="323">en</locale>
                    <creator/>
                    <dateCreated id="324">2015-11-02 22:28:46</dateCreated>
                    <voided>false</voided>
                    <tags class="set" id="325"/>
                    <conceptNameType>FULLY_SPECIFIED</conceptNameType>
                    <localePreferred>true</localePreferred>
                    <changedBy/>
                    <dateChanged id="326">2018-12-14 20:06:01</dateChanged>
                  </org.openmrs.ConceptName>
                </names>
                <answers class="set" id="327"/>
                <conceptSets class="set" id="328"/>
                <descriptions class="set" id="329">
                  <org.openmrs.ConceptDescription id="330" uuid="26ac7ebd-4c0e-40b2-9c22-53ff1c269d5b">
                    <conceptDescriptionId>6968</conceptDescriptionId>
                    <concept reference="316"/>
                    <description>The age of the patient at which the feeding method was administered.</description>
                    <locale id="331">en</locale>
                    <creator/>
                    <dateCreated id="332">2015-11-02 22:28:46</dateCreated>
                  </org.openmrs.ConceptDescription>
                </descriptions>
                <conceptMappings class="set" id="333">
                  <org.openmrs.ConceptMap id="334" uuid="7ef0b0b3-c7e8-4b92-b9d0-8d5c04bedf51">
                    <conceptMapType reference="93"/>
                    <creator/>
                    <dateCreated id="335">2015-11-02 22:28:46</dateCreated>
                    <conceptMapId>26056</conceptMapId>
                    <concept reference="316"/>
                    <conceptReferenceTerm id="336" resolves-to="org.openmrs.ConceptReferenceTerm" uuid="89fa75df-eda0-4049-bca3-7c48c3e9e28a">
                      <creator/>
                      <dateCreated id="337">2015-11-02 22:28:25</dateCreated>
                      <retired>false</retired>
                      <conceptReferenceTermId>25401</conceptReferenceTermId>
                      <conceptSource reference="106"/>
                      <code>FEEDING METHOD AGE</code>
                      <conceptReferenceTermMaps id="338"/>
                    </conceptReferenceTerm>
                  </org.openmrs.ConceptMap>
                  <org.openmrs.ConceptMap id="339" uuid="54e9f08a-c631-4fa5-bd59-54404f3b590c">
                    <conceptMapType reference="93"/>
                    <creator/>
                    <dateCreated id="340">2015-11-02 22:29:44</dateCreated>
                    <conceptMapId>26057</conceptMapId>
                    <concept reference="316"/>
                    <conceptReferenceTerm id="341" resolves-to="org.openmrs.ConceptReferenceTerm" uuid="254f1ecc-802f-49c4-bfdf-b0537ac20950">
                      <creator/>
                      <dateCreated id="342">2015-11-02 22:29:23</dateCreated>
                      <retired>false</retired>
                      <conceptReferenceTermId>25402</conceptReferenceTermId>
                      <conceptSource reference="106"/>
                      <code>10566</code>
                      <conceptReferenceTermMaps id="343"/>
                    </conceptReferenceTerm>
                  </org.openmrs.ConceptMap>
                </conceptMappings>
                <attributes id="344"/>
              </concept>
              <conceptSet reference="28"/>
              <sortWeight>2.0</sortWeight>
              <creator/>
              <dateCreated id="345">2015-11-02 22:34:14</dateCreated>
            </org.openmrs.ConceptSet>
            <org.openmrs.ConceptSet id="346" uuid="b81acf5b-0f51-49b1-807f-a622938b8e32">
              <conceptSetId>6329</conceptSetId>
              <concept id="347" resolves-to="org.openmrs.Concept" uuid="5b98dcbe-0efc-4cc2-9544-c1da596e7039">
                <conceptId>10564</conceptId>
                <retired>false</retired>
                <datatype reference="47"/>
                <conceptClass reference="49"/>
                <set>false</set>
                <creator/>
                <dateCreated id="348">2015-11-02 22:16:39</dateCreated>
                <changedBy/>
                <dateChanged id="349">2018-12-14 20:06:40</dateChanged>
                <names class="set" id="350">
                  <org.openmrs.ConceptName id="351" uuid="b5b35576-2c0c-4953-94c9-4daa474eeaa4">
                    <conceptNameId>30467</conceptNameId>
                    <concept reference="347"/>
                    <name>Feeding method present</name>
                    <locale id="352">en</locale>
                    <creator/>
                    <dateCreated id="353">2015-11-02 22:16:39</dateCreated>
                    <voided>false</voided>
                    <tags class="set" id="354"/>
                    <conceptNameType>FULLY_SPECIFIED</conceptNameType>
                    <localePreferred>true</localePreferred>
                    <changedBy/>
                    <dateChanged id="355">2018-12-14 20:06:40</dateChanged>
                  </org.openmrs.ConceptName>
                </names>
                <answers class="set" id="356">
                  <org.openmrs.ConceptAnswer id="357" uuid="c12a7636-71f7-45bd-a6ac-13a1d095c614">
                    <conceptAnswerId>9372</conceptAnswerId>
                    <concept reference="347"/>
                    <answerConcept reference="166"/>
                    <creator/>
                    <dateCreated id="358">2015-11-02 22:16:39</dateCreated>
                    <sortWeight>2.0</sortWeight>
                  </org.openmrs.ConceptAnswer>
                  <org.openmrs.ConceptAnswer id="359" uuid="59bc179b-23a3-4143-97ee-e2433393c46b">
                    <conceptAnswerId>9375</conceptAnswerId>
                    <concept reference="347"/>
                    <answerConcept reference="61"/>
                    <creator/>
                    <dateCreated id="360">2015-11-02 22:16:39</dateCreated>
                    <sortWeight>3.0</sortWeight>
                  </org.openmrs.ConceptAnswer>
                  <org.openmrs.ConceptAnswer id="361" uuid="93a06a33-4f0e-4a79-a631-ee9a6a0f3241">
                    <conceptAnswerId>9374</conceptAnswerId>
                    <concept reference="347"/>
                    <answerConcept reference="118"/>
                    <creator/>
                    <dateCreated id="362">2015-11-02 22:16:39</dateCreated>
                    <sortWeight>4.0</sortWeight>
                  </org.openmrs.ConceptAnswer>
                  <org.openmrs.ConceptAnswer id="363" uuid="0ca99fee-e03f-46ff-8afe-2ce3bbb9150b">
                    <conceptAnswerId>9373</conceptAnswerId>
                    <concept reference="347"/>
                    <answerConcept reference="246"/>
                    <creator/>
                    <dateCreated id="364">2015-11-02 22:16:39</dateCreated>
                    <sortWeight>1.0</sortWeight>
                  </org.openmrs.ConceptAnswer>
                </answers>
                <conceptSets class="set" id="365"/>
                <descriptions class="set" id="366">
                  <org.openmrs.ConceptDescription id="367" uuid="1306340a-ab15-4256-a4da-0eb343b00eed">
                    <conceptDescriptionId>6966</conceptDescriptionId>
                    <concept reference="347"/>
                    <description>Indicates if a given feeding method was administered.</description>
                    <locale id="368">en</locale>
                    <creator/>
                    <dateCreated id="369">2015-11-02 22:16:39</dateCreated>
                  </org.openmrs.ConceptDescription>
                </descriptions>
                <conceptMappings class="set" id="370">
                  <org.openmrs.ConceptMap id="371" uuid="45cdb321-b13d-4aa4-a9b1-f7b829823b7d">
                    <conceptMapType reference="93"/>
                    <creator/>
                    <dateCreated id="372">2015-11-02 22:20:33</dateCreated>
                    <conceptMapId>26053</conceptMapId>
                    <concept reference="347"/>
                    <conceptReferenceTerm id="373" resolves-to="org.openmrs.ConceptReferenceTerm" uuid="a2a40541-0301-43d7-91f6-5ac4cb6553d1">
                      <creator/>
                      <dateCreated id="374">2015-11-02 22:19:16</dateCreated>
                      <retired>false</retired>
                      <conceptReferenceTermId>25398</conceptReferenceTermId>
                      <conceptSource reference="106"/>
                      <code>10564</code>
                      <conceptReferenceTermMaps id="375"/>
                    </conceptReferenceTerm>
                  </org.openmrs.ConceptMap>
                  <org.openmrs.ConceptMap id="376" uuid="ba39e2bd-558f-443b-a188-ce3af22c8184">
                    <conceptMapType reference="93"/>
                    <creator/>
                    <dateCreated id="377">2015-11-02 22:18:52</dateCreated>
                    <conceptMapId>26052</conceptMapId>
                    <concept reference="347"/>
                    <conceptReferenceTerm id="378" resolves-to="org.openmrs.ConceptReferenceTerm" uuid="eb87e690-67c5-4627-8125-249f06baba79">
                      <creator/>
                      <dateCreated id="379">2015-11-02 22:17:39</dateCreated>
                      <retired>false</retired>
                      <conceptReferenceTermId>25397</conceptReferenceTermId>
                      <conceptSource reference="106"/>
                      <code>FEEDING METHOD PRESENT</code>
                      <conceptReferenceTermMaps id="380"/>
                    </conceptReferenceTerm>
                  </org.openmrs.ConceptMap>
                </conceptMappings>
                <attributes id="381"/>
              </concept>
              <conceptSet reference="28"/>
              <sortWeight>0.0</sortWeight>
              <creator/>
              <dateCreated id="382">2015-11-02 22:34:13</dateCreated>
            </org.openmrs.ConceptSet>
          </conceptSets>
          <descriptions class="set" id="383">
            <org.openmrs.ConceptDescription id="384" uuid="fd013671-d1af-4611-a435-873b1b2993f5">
              <conceptDescriptionId>6969</conceptDescriptionId>
              <concept reference="28"/>
              <description>Represents different stages in the feeding history of a pediatric patient.</description>
              <locale id="385">en</locale>
              <creator/>
              <dateCreated id="386">2015-11-02 22:34:13</dateCreated>
            </org.openmrs.ConceptDescription>
          </descriptions>
          <conceptMappings class="set" id="387">
            <org.openmrs.ConceptMap id="388" uuid="48c1dedd-43e3-461b-9fe2-75330530fdb2">
              <conceptMapType reference="93"/>
              <creator/>
              <dateCreated id="389">2015-11-02 22:34:52</dateCreated>
              <conceptMapId>26059</conceptMapId>
              <concept reference="28"/>
              <conceptReferenceTerm id="390" resolves-to="org.openmrs.ConceptReferenceTerm" uuid="f2bccbaf-1c8f-45d5-9dd9-3c0bad7adedd">
                <creator/>
                <dateCreated id="391">2015-11-02 22:34:29</dateCreated>
                <retired>false</retired>
                <conceptReferenceTermId>25404</conceptReferenceTermId>
                <conceptSource reference="106"/>
                <code>10567</code>
                <conceptReferenceTermMaps id="392"/>
              </conceptReferenceTerm>
            </org.openmrs.ConceptMap>
            <org.openmrs.ConceptMap id="393" uuid="78e18408-0085-4203-a695-526d488893a9">
              <conceptMapType reference="93"/>
              <creator/>
              <dateCreated id="394">2015-11-02 22:34:14</dateCreated>
              <conceptMapId>26058</conceptMapId>
              <concept reference="28"/>
              <conceptReferenceTerm id="395" resolves-to="org.openmrs.ConceptReferenceTerm" uuid="933f44a2-6a4d-4001-84b1-b2f6b09181f8">
                <creator/>
                <dateCreated id="396">2015-11-02 22:33:58</dateCreated>
                <retired>false</retired>
                <conceptReferenceTermId>25403</conceptReferenceTermId>
                <conceptSource reference="106"/>
                <code>PEDIATRIC FEEDING HISTORY CONSTRUCT</code>
                <conceptReferenceTermMaps id="397"/>
              </conceptReferenceTerm>
            </org.openmrs.ConceptMap>
          </conceptMappings>
          <attributes id="398"/>
        </concept>
        <conceptSet reference="2"/>
        <sortWeight>4.0</sortWeight>
        <creator/>
        <dateCreated id="399">2020-02-20 19:31:03</dateCreated>
      </org.openmrs.ConceptSet>
      <org.openmrs.ConceptSet id="400" uuid="c67d635b-9fbb-4ed9-81a4-5fbcdde4b582">
        <conceptSetId>6327</conceptSetId>
        <concept reference="118"/>
        <conceptSet reference="2"/>
        <sortWeight>3.0</sortWeight>
        <creator/>
        <dateCreated id="401">2015-10-30 19:51:27</dateCreated>
      </org.openmrs.ConceptSet>
      <org.openmrs.ConceptSet id="402" uuid="b88f9d89-855a-4831-a0c6-acc3cb8c6769">
        <conceptSetId>10800</conceptSetId>
        <concept id="403" resolves-to="org.openmrs.Concept" uuid="c18ae467-93ce-45b6-976f-1c0300be3345">
          <conceptId>6906</conceptId>
          <retired>false</retired>
          <datatype reference="317"/>
          <conceptClass reference="49"/>
          <set>false</set>
          <creator/>
          <dateCreated id="404">2010-11-17 13:19:34</dateCreated>
          <changedBy/>
          <dateChanged id="405">2018-12-14 20:12:55</dateChanged>
          <names class="set" id="406">
            <org.openmrs.ConceptName id="407" uuid="e0b8dd12-0ba4-4bb2-8cc7-d9c2e74eb148">
              <conceptNameId>38029</conceptNameId>
              <concept reference="403"/>
              <name>Feeding method comment (text)</name>
              <locale id="408">en</locale>
              <creator/>
              <dateCreated id="409">2018-12-14 20:12:55</dateCreated>
              <voided>false</voided>
              <tags class="set" id="410"/>
              <conceptNameType>FULLY_SPECIFIED</conceptNameType>
              <localePreferred>true</localePreferred>
              <changedBy/>
              <dateChanged id="411">2018-12-14 20:12:55</dateChanged>
            </org.openmrs.ConceptName>
            <org.openmrs.ConceptName id="412" uuid="e9b93ed7-d4cc-4a73-9500-d2c326a19620">
              <conceptNameId>14195</conceptNameId>
              <concept reference="403"/>
              <name>Reason feeding method changed</name>
              <locale id="413">en</locale>
              <creator/>
              <dateCreated id="414">2010-11-17 13:19:34</dateCreated>
              <voided>true</voided>
              <voidedBy/>
              <dateVoided id="415">2018-12-14 20:12:55</dateVoided>
              <voidReason>Deleted due to change of name</voidReason>
              <tags class="set" id="416"/>
              <localePreferred>false</localePreferred>
              <changedBy/>
              <dateChanged id="417">2018-12-14 20:12:55</dateChanged>
            </org.openmrs.ConceptName>
          </names>
          <answers class="set" id="418"/>
          <conceptSets class="set" id="419"/>
          <descriptions class="set" id="420">
            <org.openmrs.ConceptDescription id="421" uuid="eaa888e2-f6b1-4820-9527-25eba12f64a7">
              <conceptDescriptionId>5355</conceptDescriptionId>
              <concept reference="403"/>
              <description>Captures information related to feeding method for child</description>
              <locale id="422">en</locale>
              <creator/>
              <dateCreated id="423">2010-11-17 13:19:34</dateCreated>
              <changedBy/>
              <dateChanged id="424">2018-12-14 20:12:55</dateChanged>
            </org.openmrs.ConceptDescription>
          </descriptions>
          <conceptMappings class="set" id="425">
            <org.openmrs.ConceptMap id="426" uuid="b2b274e6-4864-102e-96e9-000c29c2a5d7">
              <conceptMapType reference="93"/>
              <creator/>
              <changedBy/>
              <dateCreated id="427">2010-11-23 10:15:31</dateCreated>
              <dateChanged id="428">2012-06-21 16:49:52</dateChanged>
              <conceptMapId>5969</conceptMapId>
              <concept reference="403"/>
              <conceptReferenceTerm id="429" resolves-to="org.openmrs.ConceptReferenceTerm" uuid="d2189efb-18dc-3812-8b13-2c28c7858c62">
                <creator/>
                <dateCreated id="430">2010-11-23 00:00:00</dateCreated>
                <retired>false</retired>
                <conceptReferenceTermId>5969</conceptReferenceTermId>
                <conceptSource reference="106"/>
                <code>6906</code>
                <conceptReferenceTermMaps id="431"/>
              </conceptReferenceTerm>
            </org.openmrs.ConceptMap>
            <org.openmrs.ConceptMap id="432" uuid="75b2365a-4943-102e-96e9-000c29c2a5d7">
              <conceptMapType reference="93"/>
              <creator/>
              <changedBy/>
              <dateCreated id="433">2010-11-24 12:49:58</dateCreated>
              <dateChanged id="434">2012-06-21 16:49:52</dateChanged>
              <conceptMapId>11533</conceptMapId>
              <concept reference="403"/>
              <conceptReferenceTerm id="435" resolves-to="org.openmrs.ConceptReferenceTerm" uuid="d2e83a14-4323-3218-939a-b4f9ce5e0c40">
                <creator/>
                <dateCreated id="436">2010-11-24 00:00:00</dateCreated>
                <retired>false</retired>
                <conceptReferenceTermId>11533</conceptReferenceTermId>
                <conceptSource reference="106"/>
                <code>Reason feeding method changed</code>
                <conceptReferenceTermMaps id="437"/>
              </conceptReferenceTerm>
            </org.openmrs.ConceptMap>
          </conceptMappings>
          <attributes id="438"/>
        </concept>
        <conceptSet reference="2"/>
        <sortWeight>5.0</sortWeight>
        <creator/>
        <dateCreated id="439">2020-02-20 19:31:03</dateCreated>
      </org.openmrs.ConceptSet>
      <org.openmrs.ConceptSet id="440" uuid="9560db49-a96a-4704-8b92-ffc112060829">
        <conceptSetId>6326</conceptSetId>
        <concept reference="61"/>
        <conceptSet reference="2"/>
        <sortWeight>2.0</sortWeight>
        <creator/>
        <dateCreated id="441">2015-10-30 19:51:27</dateCreated>
      </org.openmrs.ConceptSet>
      <org.openmrs.ConceptSet id="442" uuid="cc5c030a-3ad5-48c1-bbae-9badc6ae7b8d">
        <conceptSetId>6324</conceptSetId>
        <concept reference="246"/>
        <conceptSet reference="2"/>
        <sortWeight>0.0</sortWeight>
        <creator/>
        <dateCreated id="443">2015-10-30 19:51:27</dateCreated>
      </org.openmrs.ConceptSet>
      <org.openmrs.ConceptSet id="444" uuid="2e1ac29c-7b72-4305-843b-3c3fd416718c">
        <conceptSetId>6325</conceptSetId>
        <concept reference="166"/>
        <conceptSet reference="2"/>
        <sortWeight>1.0</sortWeight>
        <creator/>
        <dateCreated id="445">2015-10-30 19:51:27</dateCreated>
      </org.openmrs.ConceptSet>
    </conceptSets>
    <descriptions class="set" id="446">
      <org.openmrs.ConceptDescription id="447" uuid="839c7d4f-8f10-4e43-b50e-dfc497663bb3">
        <conceptDescriptionId>6965</conceptDescriptionId>
        <concept reference="2"/>
        <description>Set of concepts found on Primary Care Pediatric Feeding form.</description>
        <locale id="448">en</locale>
        <creator/>
        <dateCreated id="449">2015-10-30 19:51:27</dateCreated>
      </org.openmrs.ConceptDescription>
    </descriptions>
    <conceptMappings class="set" id="450">
      <org.openmrs.ConceptMap id="451" uuid="630a4195-5ae4-4266-b8bb-19d7f620ad88">
        <conceptMapType reference="93"/>
        <creator/>
        <dateCreated id="452">2016-09-01 17:28:08</dateCreated>
        <conceptMapId>26845</conceptMapId>
        <concept reference="2"/>
        <conceptReferenceTerm id="453" resolves-to="org.openmrs.ConceptReferenceTerm" uuid="4b424f09-0759-446c-a9a3-008be3b81b26">
          <creator/>
          <dateCreated id="454">2016-09-01 17:27:42</dateCreated>
          <retired>false</retired>
          <conceptReferenceTermId>26026</conceptReferenceTermId>
          <conceptSource reference="106"/>
          <code>Pediatric feeding set</code>
          <conceptReferenceTermMaps id="455"/>
        </conceptReferenceTerm>
      </org.openmrs.ConceptMap>
      <org.openmrs.ConceptMap id="456" uuid="5721dd61-67ab-4712-ba66-768001f5fb78">
        <conceptMapType reference="93"/>
        <creator/>
        <dateCreated id="457">2016-09-01 17:28:08</dateCreated>
        <conceptMapId>26844</conceptMapId>
        <concept reference="2"/>
        <conceptReferenceTerm id="458" resolves-to="org.openmrs.ConceptReferenceTerm" uuid="142d1943-dfa4-42cd-9025-543b5d1b7b16">
          <creator/>
          <dateCreated id="459">2016-09-01 17:27:16</dateCreated>
          <retired>false</retired>
          <conceptReferenceTermId>26025</conceptReferenceTermId>
          <conceptSource reference="106"/>
          <code>10563</code>
          <conceptReferenceTermMaps id="460"/>
        </conceptReferenceTerm>
      </org.openmrs.ConceptMap>
    </conceptMappings>
    <attributes id="461"/>
  </org.openmrs.Concept>
</list>
