<?xml version="1.0" encoding="UTF-8"?>
<package id="1" uuid="0c6e0427-7274-4685-a814-3e8f8d4282fd">
  <dateCreated id="2">2020-05-14 15:35:13</dateCreated>
  <name>PIH COVID-19</name>
  <description>Concepts used for COVID-19 care and treatment</description>
  <openmrsVersion>2.1.3 SNAPSHOT Build e8c2d9</openmrsVersion>
  <version>2</version>
  <groupUuid>e42b7d88-2b05-4cf2-af6c-efa5c0859d67</groupUuid>
  <subscriptionUrl>https://concepts.pih-emr.org/openmrs/ws/rest/metadatasharing/package/e42b7d88-2b05-4cf2-af6c-efa5c0859d67/latest</subscriptionUrl>
  <modules id="3">
    <entry>
      <string>webservices.rest</string>
      <string>2.23.0-SNAPSHOT.df4734</string>
    </entry>
    <entry>
      <string>legacyui</string>
      <string>1.5.0</string>
    </entry>
    <entry>
      <string>groovy</string>
      <string>2.3.0-SNAPSHOT</string>
    </entry>
    <entry>
      <string>htmlformentry</string>
      <string>3.8.0</string>
    </entry>
    <entry>
      <string>metadatasharing</string>
      <string>1.6.0-SNAPSHOT</string>
    </entry>
    <entry>
      <string>uiframework</string>
      <string>3.15.0</string>
    </entry>
    <entry>
      <string>metadatamapping</string>
      <string>1.3.4</string>
    </entry>
    <entry>
      <string>metadatatools</string>
      <string>1.0-SNAPSHOT</string>
    </entry>
    <entry>
      <string>uilibrary</string>
      <string>2.0.6</string>
    </entry>
    <entry>
      <string>validation</string>
      <string>1.0.1</string>
    </entry>
  </modules>
  <items class="linked-hash-set" id="4">
    <org.openmrs.module.metadatasharing.Item id="5" uuid="0f8a2d92-a249-4087-a4e9-b2f3377c25b2">
      <id>12892</id>
      <classname>org.openmrs.Concept</classname>
      <dateChanged id="6">2020-05-14 15:34:54</dateChanged>
      <retired>false</retired>
    </org.openmrs.module.metadatasharing.Item>
  </items>
  <relatedItems class="linked-hash-set" id="7">
    <org.openmrs.module.metadatasharing.Item id="8" uuid="8d4a4c94-c2cc-11de-8d13-0010c6dffd0f">
      <id>4</id>
      <classname>org.openmrs.ConceptDatatype</classname>
      <dateChanged id="9">2004-02-02 05:00:00</dateChanged>
      <retired>false</retired>
    </org.openmrs.module.metadatasharing.Item>
    <org.openmrs.module.metadatasharing.Item id="10" uuid="8d492594-c2cc-11de-8d13-0010c6dffd0f">
      <id>10</id>
      <classname>org.openmrs.ConceptClass</classname>
      <dateChanged id="11">2015-07-01 17:25:50</dateChanged>
      <retired>false</retired>
    </org.openmrs.module.metadatasharing.Item>
    <org.openmrs.module.metadatasharing.Item id="12" uuid="7d649d32-6da5-4c3f-8bb7-60aea814e272">
      <id>43567</id>
      <classname>org.openmrs.ConceptName</classname>
      <dateChanged id="13">2020-05-12 21:03:24</dateChanged>
    </org.openmrs.module.metadatasharing.Item>
    <org.openmrs.module.metadatasharing.Item id="14" uuid="b99c517d-a56c-45ef-97a7-d055014c03c0">
      <id>43566</id>
      <classname>org.openmrs.ConceptName</classname>
      <dateChanged id="15">2020-05-12 21:03:24</dateChanged>
    </org.openmrs.module.metadatasharing.Item>
    <org.openmrs.module.metadatasharing.Item id="16" uuid="9cfd3cc5-8603-4f97-9f32-7d359ddc7df6">
      <id>11006</id>
      <classname>org.openmrs.ConceptSet</classname>
      <dateChanged id="17">2020-05-12 17:44:10</dateChanged>
    </org.openmrs.module.metadatasharing.Item>
    <org.openmrs.module.metadatasharing.Item id="18" uuid="1765AAAAAAAAAAAAAAAAAAAAAAAAAAAAAAAA">
      <id>12887</id>
      <classname>org.openmrs.Concept</classname>
      <dateChanged id="19">2020-05-12 21:01:16</dateChanged>
      <retired>false</retired>
    </org.openmrs.module.metadatasharing.Item>
    <org.openmrs.module.metadatasharing.Item id="20" uuid="8d4a5cca-c2cc-11de-8d13-0010c6dffd0f">
      <id>10</id>
      <classname>org.openmrs.ConceptDatatype</classname>
      <dateChanged id="21">2004-08-26 04:00:00</dateChanged>
      <retired>false</retired>
    </org.openmrs.module.metadatasharing.Item>
    <org.openmrs.module.metadatasharing.Item id="22" uuid="8d490bf4-c2cc-11de-8d13-0010c6dffd0f">
      <id>2</id>
      <classname>org.openmrs.ConceptClass</classname>
      <dateChanged id="23">2015-07-01 17:25:50</dateChanged>
      <retired>false</retired>
    </org.openmrs.module.metadatasharing.Item>
    <org.openmrs.module.metadatasharing.Item id="24" uuid="93503BBBBBBBBBBBBBBBBBBBBBBBBBBBBBBB">
      <id>43554</id>
      <classname>org.openmrs.ConceptName</classname>
      <dateChanged id="25">2020-05-12 17:38:42</dateChanged>
    </org.openmrs.module.metadatasharing.Item>
    <org.openmrs.module.metadatasharing.Item id="26" uuid="2045BBBBBBBBBBBBBBBBBBBBBBBBBBBBBBBB">
      <id>43555</id>
      <classname>org.openmrs.ConceptName</classname>
      <dateChanged id="27">2020-05-12 17:38:42</dateChanged>
    </org.openmrs.module.metadatasharing.Item>
    <org.openmrs.module.metadatasharing.Item id="28" uuid="87024BBBBBBBBBBBBBBBBBBBBBBBBBBBBBBB">
      <id>43556</id>
      <classname>org.openmrs.ConceptName</classname>
      <dateChanged id="29">2020-05-12 17:38:42</dateChanged>
    </org.openmrs.module.metadatasharing.Item>
    <org.openmrs.module.metadatasharing.Item id="30" uuid="105987BBBBBBBBBBBBBBBBBBBBBBBBBBBBBB">
      <id>43557</id>
      <classname>org.openmrs.ConceptName</classname>
      <dateChanged id="31">2020-05-12 17:41:59</dateChanged>
    </org.openmrs.module.metadatasharing.Item>
    <org.openmrs.module.metadatasharing.Item id="32" uuid="aee8ab85-f9dd-4025-bc1b-491739a10163">
      <id>43558</id>
      <classname>org.openmrs.ConceptName</classname>
      <dateChanged id="33">2020-05-12 17:41:59</dateChanged>
    </org.openmrs.module.metadatasharing.Item>
    <org.openmrs.module.metadatasharing.Item id="34" uuid="62cc7aa2-be37-4f60-b7c0-605a6482ebe7">
      <id>43559</id>
      <classname>org.openmrs.ConceptName</classname>
      <dateChanged id="35">2020-05-12 17:41:05</dateChanged>
    </org.openmrs.module.metadatasharing.Item>
    <org.openmrs.module.metadatasharing.Item id="36" uuid="137562ABBBBBBBBBBBBBBBBBBBBBBBBBBBBB">
      <id>34658</id>
      <classname>org.openmrs.ConceptMap</classname>
      <dateChanged id="37">2011-01-06 14:57:13</dateChanged>
    </org.openmrs.module.metadatasharing.Item>
    <org.openmrs.module.metadatasharing.Item id="38" uuid="35543629-7d8c-11e1-909d-c80aa9edcf4e">
      <id>1</id>
      <classname>org.openmrs.ConceptMapType</classname>
      <dateChanged id="39">2012-06-21 00:00:00</dateChanged>
      <retired>false</retired>
    </org.openmrs.module.metadatasharing.Item>
    <org.openmrs.module.metadatasharing.Item id="40" uuid="6cb21d69-2801-3a0b-a3a2-6a2877bf34cb">
      <id>33309</id>
      <classname>org.openmrs.ConceptReferenceTerm</classname>
      <dateChanged id="41">2011-01-06 00:00:00</dateChanged>
      <retired>false</retired>
    </org.openmrs.module.metadatasharing.Item>
    <org.openmrs.module.metadatasharing.Item id="42" uuid="1ADDDDDDDDDDDDDDDDDDDDDDDDDDDDDDDDDD">
      <id>6</id>
      <classname>org.openmrs.ConceptSource</classname>
      <dateChanged id="43">2015-07-01 17:25:50</dateChanged>
      <retired>false</retired>
    </org.openmrs.module.metadatasharing.Item>
    <org.openmrs.module.metadatasharing.Item id="44" uuid="274486ABBBBBBBBBBBBBBBBBBBBBBBBBBBBB">
      <id>34659</id>
      <classname>org.openmrs.ConceptMap</classname>
      <dateChanged id="45">2013-10-01 16:20:32</dateChanged>
    </org.openmrs.module.metadatasharing.Item>
    <org.openmrs.module.metadatasharing.Item id="46" uuid="9bd6903c-8a9d-3327-b5cf-cb9b462efa71">
      <id>33310</id>
      <classname>org.openmrs.ConceptReferenceTerm</classname>
      <dateChanged id="47">2013-10-01 00:00:00</dateChanged>
      <retired>false</retired>
    </org.openmrs.module.metadatasharing.Item>
    <org.openmrs.module.metadatasharing.Item id="48" uuid="25ADDDDDDDDDDDDDDDDDDDDDDDDDDDDDDDDD">
      <id>36</id>
      <classname>org.openmrs.ConceptSource</classname>
      <dateChanged id="49">2015-07-01 17:25:50</dateChanged>
      <retired>false</retired>
    </org.openmrs.module.metadatasharing.Item>
    <org.openmrs.module.metadatasharing.Item id="50" uuid="172004ABBBBBBBBBBBBBBBBBBBBBBBBBBBBB">
      <id>34660</id>
      <classname>org.openmrs.ConceptMap</classname>
      <dateChanged id="51">2013-07-03 18:53:08</dateChanged>
    </org.openmrs.module.metadatasharing.Item>
    <org.openmrs.module.metadatasharing.Item id="52" uuid="67d8078f-4d69-3e53-a6a0-ac23dcecd46c">
      <id>33311</id>
      <classname>org.openmrs.ConceptReferenceTerm</classname>
      <dateChanged id="53">2013-07-03 00:00:00</dateChanged>
      <retired>false</retired>
    </org.openmrs.module.metadatasharing.Item>
    <org.openmrs.module.metadatasharing.Item id="54" uuid="21ADDDDDDDDDDDDDDDDDDDDDDDDDDDDDDDDD">
      <id>29</id>
      <classname>org.openmrs.ConceptSource</classname>
      <dateChanged id="55">2015-07-01 17:25:50</dateChanged>
      <retired>false</retired>
    </org.openmrs.module.metadatasharing.Item>
    <org.openmrs.module.metadatasharing.Item id="56" uuid="c28b1351-bd47-4a6d-9ca1-1c6f83b14412">
      <id>11008</id>
      <classname>org.openmrs.ConceptSet</classname>
      <dateChanged id="57">2020-05-12 18:15:57</dateChanged>
    </org.openmrs.module.metadatasharing.Item>
    <org.openmrs.module.metadatasharing.Item id="58" uuid="162739AAAAAAAAAAAAAAAAAAAAAAAAAAAAAA">
      <id>12891</id>
      <classname>org.openmrs.Concept</classname>
      <dateChanged id="59">2020-05-12 21:01:19</dateChanged>
      <retired>false</retired>
    </org.openmrs.module.metadatasharing.Item>
    <org.openmrs.module.metadatasharing.Item id="60" uuid="8d4a48b6-c2cc-11de-8d13-0010c6dffd0f">
      <id>2</id>
      <classname>org.openmrs.ConceptDatatype</classname>
      <dateChanged id="61">2004-02-02 05:00:00</dateChanged>
      <retired>false</retired>
    </org.openmrs.module.metadatasharing.Item>
    <org.openmrs.module.metadatasharing.Item id="62" uuid="8d491e50-c2cc-11de-8d13-0010c6dffd0f">
      <id>7</id>
      <classname>org.openmrs.ConceptClass</classname>
      <dateChanged id="63">2015-07-01 17:25:50</dateChanged>
      <retired>false</retired>
    </org.openmrs.module.metadatasharing.Item>
    <org.openmrs.module.metadatasharing.Item id="64" uuid="126591BBBBBBBBBBBBBBBBBBBBBBBBBBBBBB">
      <id>43565</id>
      <classname>org.openmrs.ConceptName</classname>
      <dateChanged id="65">2014-11-22 20:46:25</dateChanged>
    </org.openmrs.module.metadatasharing.Item>
    <org.openmrs.module.metadatasharing.Item id="66" uuid="5203CCCCCCCCCCCCCCCCCCCCCCCCCCCCCCCC">
      <id>11415</id>
      <classname>org.openmrs.ConceptAnswer</classname>
      <dateChanged id="67">2014-11-22 20:46:25</dateChanged>
    </org.openmrs.module.metadatasharing.Item>
    <org.openmrs.module.metadatasharing.Item id="68" uuid="3cd6fac4-26fe-102b-80cb-0017a47871b2">
      <id>1067</id>
      <classname>org.openmrs.Concept</classname>
      <dateChanged id="69">2020-05-14 15:12:19</dateChanged>
      <retired>false</retired>
    </org.openmrs.module.metadatasharing.Item>
    <org.openmrs.module.metadatasharing.Item id="70" uuid="8d492774-c2cc-11de-8d13-0010c6dffd0f">
      <id>11</id>
      <classname>org.openmrs.ConceptClass</classname>
      <dateChanged id="71">2015-07-01 17:25:50</dateChanged>
      <retired>false</retired>
    </org.openmrs.module.metadatasharing.Item>
    <org.openmrs.module.metadatasharing.Item id="72" uuid="135594BBBBBBBBBBBBBBBBBBBBBBBBBBBBBB">
      <id>32113</id>
      <classname>org.openmrs.ConceptName</classname>
      <dateChanged id="73">2016-02-20 10:13:35</dateChanged>
    </org.openmrs.module.metadatasharing.Item>
    <org.openmrs.module.metadatasharing.Item id="74" uuid="0b8bde66-15f5-102d-96e4-000c29c2a5d7">
      <id>8177</id>
      <classname>org.openmrs.ConceptName</classname>
      <dateChanged id="75">2015-04-22 14:28:45</dateChanged>
    </org.openmrs.module.metadatasharing.Item>
    <org.openmrs.module.metadatasharing.Item id="76" uuid="1141BBBBBBBBBBBBBBBBBBBBBBBBBBBBBBBB">
      <id>29702</id>
      <classname>org.openmrs.ConceptName</classname>
      <dateChanged id="77">2008-05-19 21:19:37</dateChanged>
    </org.openmrs.module.metadatasharing.Item>
    <org.openmrs.module.metadatasharing.Item id="78" uuid="110114BBBBBBBBBBBBBBBBBBBBBBBBBBBBBB">
      <id>29706</id>
      <classname>org.openmrs.ConceptName</classname>
      <dateChanged id="79">2012-08-10 23:19:26</dateChanged>
    </org.openmrs.module.metadatasharing.Item>
    <org.openmrs.module.metadatasharing.Item id="80" uuid="3e1518f8-26fe-102b-80cb-0017a47871b2">
      <id>8175</id>
      <classname>org.openmrs.ConceptName</classname>
      <dateChanged id="81">2015-04-22 14:28:45</dateChanged>
    </org.openmrs.module.metadatasharing.Item>
    <org.openmrs.module.metadatasharing.Item id="82" uuid="0b8bdd6c-15f5-102d-96e4-000c29c2a5d7">
      <id>8176</id>
      <classname>org.openmrs.ConceptName</classname>
      <dateChanged id="83">2015-04-22 14:28:45</dateChanged>
    </org.openmrs.module.metadatasharing.Item>
    <org.openmrs.module.metadatasharing.Item id="84" uuid="127334BBBBBBBBBBBBBBBBBBBBBBBBBBBBBB">
      <id>29707</id>
      <classname>org.openmrs.ConceptName</classname>
      <dateChanged id="85">2015-04-24 21:19:36</dateChanged>
    </org.openmrs.module.metadatasharing.Item>
    <org.openmrs.module.metadatasharing.Item id="86" uuid="139801BBBBBBBBBBBBBBBBBBBBBBBBBBBBBB">
      <id>32112</id>
      <classname>org.openmrs.ConceptName</classname>
      <dateChanged id="87">2016-08-16 11:46:02</dateChanged>
    </org.openmrs.module.metadatasharing.Item>
    <org.openmrs.module.metadatasharing.Item id="88" uuid="0b8bdf56-15f5-102d-96e4-000c29c2a5d7">
      <id>8178</id>
      <classname>org.openmrs.ConceptName</classname>
      <dateChanged id="89">2015-04-22 14:28:45</dateChanged>
    </org.openmrs.module.metadatasharing.Item>
    <org.openmrs.module.metadatasharing.Item id="90" uuid="108336BBBBBBBBBBBBBBBBBBBBBBBBBBBBBB">
      <id>29705</id>
      <classname>org.openmrs.ConceptName</classname>
      <dateChanged id="91">2012-03-04 23:59:44</dateChanged>
    </org.openmrs.module.metadatasharing.Item>
    <org.openmrs.module.metadatasharing.Item id="92" uuid="111191BBBBBBBBBBBBBBBBBBBBBBBBBBBBBB">
      <id>29701</id>
      <classname>org.openmrs.ConceptName</classname>
      <dateChanged id="93">2013-01-27 06:36:57</dateChanged>
    </org.openmrs.module.metadatasharing.Item>
    <org.openmrs.module.metadatasharing.Item id="94" uuid="108335BBBBBBBBBBBBBBBBBBBBBBBBBBBBBB">
      <id>29704</id>
      <classname>org.openmrs.ConceptName</classname>
      <dateChanged id="95">2012-03-04 23:59:44</dateChanged>
    </org.openmrs.module.metadatasharing.Item>
    <org.openmrs.module.metadatasharing.Item id="96" uuid="106309BBBBBBBBBBBBBBBBBBBBBBBBBBBBBB">
      <id>29703</id>
      <classname>org.openmrs.ConceptName</classname>
      <dateChanged id="97">2010-06-21 23:12:14</dateChanged>
    </org.openmrs.module.metadatasharing.Item>
    <org.openmrs.module.metadatasharing.Item id="98" uuid="ece43b8e-07fe-102c-b5fa-0017a47871b2">
      <id>1078</id>
      <classname>org.openmrs.ConceptDescription</classname>
      <dateChanged id="99">2015-04-22 14:28:46</dateChanged>
    </org.openmrs.module.metadatasharing.Item>
    <org.openmrs.module.metadatasharing.Item id="100" uuid="5a0076f0-1fc0-4c91-8d92-0541eab81216">
      <id>4747</id>
      <classname>org.openmrs.ConceptDescription</classname>
      <dateChanged id="101">2015-04-22 14:28:46</dateChanged>
    </org.openmrs.module.metadatasharing.Item>
    <org.openmrs.module.metadatasharing.Item id="102" uuid="1070FFFFFFFFFFFFFFFFFFFFFFFFFFFFFFFF">
      <id>6866</id>
      <classname>org.openmrs.ConceptDescription</classname>
      <dateChanged id="103">2015-04-24 21:19:36</dateChanged>
    </org.openmrs.module.metadatasharing.Item>
    <org.openmrs.module.metadatasharing.Item id="104" uuid="18157FFFFFFFFFFFFFFFFFFFFFFFFFFFFFFF">
      <id>7101</id>
      <classname>org.openmrs.ConceptDescription</classname>
      <dateChanged id="105">2016-08-16 11:46:41</dateChanged>
    </org.openmrs.module.metadatasharing.Item>
    <org.openmrs.module.metadatasharing.Item id="106" uuid="b20d1438-4864-102e-96e9-000c29c2a5d7">
      <id>1069</id>
      <classname>org.openmrs.ConceptMap</classname>
      <dateChanged id="107">2015-04-22 14:28:46</dateChanged>
    </org.openmrs.module.metadatasharing.Item>
    <org.openmrs.module.metadatasharing.Item id="108" uuid="161a8ca4-26c9-3702-86ae-19762e7b7a86">
      <id>1069</id>
      <classname>org.openmrs.ConceptReferenceTerm</classname>
      <dateChanged id="109">2010-11-23 00:00:00</dateChanged>
      <retired>false</retired>
    </org.openmrs.module.metadatasharing.Item>
    <org.openmrs.module.metadatasharing.Item id="110" uuid="fb9aaaf1-65e2-4c18-b53c-16b575f2f385">
      <id>5</id>
      <classname>org.openmrs.ConceptSource</classname>
      <dateChanged id="111">2015-07-01 17:25:50</dateChanged>
      <retired>false</retired>
    </org.openmrs.module.metadatasharing.Item>
    <org.openmrs.module.metadatasharing.Item id="112" uuid="fe4792ee-5b68-102e-96e9-000c29c2a5d7">
      <id>11733</id>
      <classname>org.openmrs.ConceptMap</classname>
      <dateChanged id="113">2015-04-22 14:28:46</dateChanged>
    </org.openmrs.module.metadatasharing.Item>
    <org.openmrs.module.metadatasharing.Item id="114" uuid="7ea67a83-68e9-3f41-b394-280da1a6d50e">
      <id>11733</id>
      <classname>org.openmrs.ConceptReferenceTerm</classname>
      <dateChanged id="115">2010-12-17 00:00:00</dateChanged>
      <retired>false</retired>
    </org.openmrs.module.metadatasharing.Item>
    <org.openmrs.module.metadatasharing.Item id="116" uuid="ddb6b595-0b85-4a80-9243-efe4ba404eef">
      <id>4</id>
      <classname>org.openmrs.ConceptSource</classname>
      <dateChanged id="117">2015-07-01 17:25:50</dateChanged>
      <retired>false</retired>
    </org.openmrs.module.metadatasharing.Item>
    <org.openmrs.module.metadatasharing.Item id="118" uuid="48d452b4-2448-4b4a-ab17-5993cd2aa765">
      <id>18126</id>
      <classname>org.openmrs.ConceptMap</classname>
      <dateChanged id="119">2015-04-22 14:28:46</dateChanged>
    </org.openmrs.module.metadatasharing.Item>
    <org.openmrs.module.metadatasharing.Item id="120" uuid="4b376e4b-e34d-47f8-9c73-a7240ec97927">
      <id>18085</id>
      <classname>org.openmrs.ConceptReferenceTerm</classname>
      <dateChanged id="121">2013-05-14 22:18:07</dateChanged>
      <retired>false</retired>
    </org.openmrs.module.metadatasharing.Item>
    <org.openmrs.module.metadatasharing.Item id="122" uuid="aef53e25-42b3-4e15-b072-773408c42fcf">
      <id>20053</id>
      <classname>org.openmrs.ConceptMap</classname>
      <dateChanged id="123">2015-04-22 14:28:46</dateChanged>
    </org.openmrs.module.metadatasharing.Item>
    <org.openmrs.module.metadatasharing.Item id="124" uuid="a8eafffd-4944-46e7-bd9c-cfab794e30a9">
      <id>19926</id>
      <classname>org.openmrs.ConceptReferenceTerm</classname>
      <dateChanged id="125">2013-09-26 19:38:23</dateChanged>
      <retired>false</retired>
    </org.openmrs.module.metadatasharing.Item>
    <org.openmrs.module.metadatasharing.Item id="126" uuid="edd52713-8887-47b7-ba9e-6e1148824ca4">
      <id>31</id>
      <classname>org.openmrs.ConceptSource</classname>
      <dateChanged id="127">2015-07-01 17:25:50</dateChanged>
      <retired>false</retired>
    </org.openmrs.module.metadatasharing.Item>
    <org.openmrs.module.metadatasharing.Item id="128" uuid="133842ABBBBBBBBBBBBBBBBBBBBBBBBBBBBB">
      <id>25514</id>
      <classname>org.openmrs.ConceptMap</classname>
      <dateChanged id="129">2010-10-01 23:14:01</dateChanged>
    </org.openmrs.module.metadatasharing.Item>
    <org.openmrs.module.metadatasharing.Item id="130" uuid="2d7618d4-61c6-3389-bd89-5d1c0025cca8">
      <id>24856</id>
      <classname>org.openmrs.ConceptReferenceTerm</classname>
      <dateChanged id="131">2010-10-01 04:00:00</dateChanged>
      <retired>false</retired>
    </org.openmrs.module.metadatasharing.Item>
    <org.openmrs.module.metadatasharing.Item id="132" uuid="fcfd290c-3fae-46c3-8310-d9858f1ca9da">
      <id>27086</id>
      <classname>org.openmrs.ConceptMap</classname>
      <dateChanged id="133">2017-03-04 21:46:26</dateChanged>
    </org.openmrs.module.metadatasharing.Item>
    <org.openmrs.module.metadatasharing.Item id="134" uuid="a10dc73e-f982-4e58-9a45-9285850c3937">
      <id>26243</id>
      <classname>org.openmrs.ConceptReferenceTerm</classname>
      <dateChanged id="135">2017-03-04 21:44:41</dateChanged>
      <retired>false</retired>
    </org.openmrs.module.metadatasharing.Item>
    <org.openmrs.module.metadatasharing.Item id="136" uuid="134739ABBBBBBBBBBBBBBBBBBBBBBBBBBBBB">
      <id>27573</id>
      <classname>org.openmrs.ConceptMap</classname>
      <dateChanged id="137">2010-10-24 17:09:59</dateChanged>
    </org.openmrs.module.metadatasharing.Item>
    <org.openmrs.module.metadatasharing.Item id="138" uuid="86e0b01a-cf11-334f-901f-ae1cea9ae9bf">
      <id>26892</id>
      <classname>org.openmrs.ConceptReferenceTerm</classname>
      <dateChanged id="139">2010-10-24 04:00:00</dateChanged>
      <retired>false</retired>
    </org.openmrs.module.metadatasharing.Item>
    <org.openmrs.module.metadatasharing.Item id="140" uuid="13ADDDDDDDDDDDDDDDDDDDDDDDDDDDDDDDDD">
      <id>10</id>
      <classname>org.openmrs.ConceptSource</classname>
      <dateChanged id="141">2015-07-01 17:25:50</dateChanged>
      <retired>false</retired>
    </org.openmrs.module.metadatasharing.Item>
    <org.openmrs.module.metadatasharing.Item id="142" uuid="5204CCCCCCCCCCCCCCCCCCCCCCCCCCCCCCCC">
      <id>11417</id>
      <classname>org.openmrs.ConceptAnswer</classname>
      <dateChanged id="143">2014-11-22 20:46:25</dateChanged>
    </org.openmrs.module.metadatasharing.Item>
    <org.openmrs.module.metadatasharing.Item id="144" uuid="162738AAAAAAAAAAAAAAAAAAAAAAAAAAAAAA">
      <id>12890</id>
      <classname>org.openmrs.Concept</classname>
      <dateChanged id="145">2020-05-12 21:01:19</dateChanged>
      <retired>false</retired>
    </org.openmrs.module.metadatasharing.Item>
    <org.openmrs.module.metadatasharing.Item id="146" uuid="126590BBBBBBBBBBBBBBBBBBBBBBBBBBBBBB">
      <id>43563</id>
      <classname>org.openmrs.ConceptName</classname>
      <dateChanged id="147">2014-11-22 20:43:33</dateChanged>
    </org.openmrs.module.metadatasharing.Item>
    <org.openmrs.module.metadatasharing.Item id="148" uuid="126589BBBBBBBBBBBBBBBBBBBBBBBBBBBBBB">
      <id>43564</id>
      <classname>org.openmrs.ConceptName</classname>
      <dateChanged id="149">2014-11-22 20:43:33</dateChanged>
    </org.openmrs.module.metadatasharing.Item>
    <org.openmrs.module.metadatasharing.Item id="150" uuid="278165ABBBBBBBBBBBBBBBBBBBBBBBBBBBBB">
      <id>34665</id>
      <classname>org.openmrs.ConceptMap</classname>
      <dateChanged id="151">2014-11-22 20:43:33</dateChanged>
    </org.openmrs.module.metadatasharing.Item>
    <org.openmrs.module.metadatasharing.Item id="152" uuid="91bd5749-3333-3e94-bc1e-28626e0e9168">
      <id>33316</id>
      <classname>org.openmrs.ConceptReferenceTerm</classname>
      <dateChanged id="153">2014-11-22 00:00:00</dateChanged>
      <retired>false</retired>
    </org.openmrs.module.metadatasharing.Item>
    <org.openmrs.module.metadatasharing.Item id="154" uuid="278166ABBBBBBBBBBBBBBBBBBBBBBBBBBBBB">
      <id>34666</id>
      <classname>org.openmrs.ConceptMap</classname>
      <dateChanged id="155">2014-11-22 20:43:41</dateChanged>
    </org.openmrs.module.metadatasharing.Item>
    <org.openmrs.module.metadatasharing.Item id="156" uuid="203054d9-1a6e-30cc-9dbd-94baad85afb7">
      <id>33317</id>
      <classname>org.openmrs.ConceptReferenceTerm</classname>
      <dateChanged id="157">2014-11-22 00:00:00</dateChanged>
      <retired>false</retired>
    </org.openmrs.module.metadatasharing.Item>
    <org.openmrs.module.metadatasharing.Item id="158" uuid="5205CCCCCCCCCCCCCCCCCCCCCCCCCCCCCCCC">
      <id>11416</id>
      <classname>org.openmrs.ConceptAnswer</classname>
      <dateChanged id="159">2014-11-22 20:46:25</dateChanged>
    </org.openmrs.module.metadatasharing.Item>
    <org.openmrs.module.metadatasharing.Item id="160" uuid="162735AAAAAAAAAAAAAAAAAAAAAAAAAAAAAA">
      <id>12889</id>
      <classname>org.openmrs.Concept</classname>
      <dateChanged id="161">2020-05-12 21:01:19</dateChanged>
      <retired>false</retired>
    </org.openmrs.module.metadatasharing.Item>
    <org.openmrs.module.metadatasharing.Item id="162" uuid="126586BBBBBBBBBBBBBBBBBBBBBBBBBBBBBB">
      <id>43562</id>
      <classname>org.openmrs.ConceptName</classname>
      <dateChanged id="163">2014-11-22 03:07:28</dateChanged>
    </org.openmrs.module.metadatasharing.Item>
    <org.openmrs.module.metadatasharing.Item id="164" uuid="278160ABBBBBBBBBBBBBBBBBBBBBBBBBBBBB">
      <id>34663</id>
      <classname>org.openmrs.ConceptMap</classname>
      <dateChanged id="165">2014-11-22 03:07:42</dateChanged>
    </org.openmrs.module.metadatasharing.Item>
    <org.openmrs.module.metadatasharing.Item id="166" uuid="eafe8c14-7d56-320d-8a3c-5368f4085336">
      <id>33314</id>
      <classname>org.openmrs.ConceptReferenceTerm</classname>
      <dateChanged id="167">2014-11-22 00:00:00</dateChanged>
      <retired>false</retired>
    </org.openmrs.module.metadatasharing.Item>
    <org.openmrs.module.metadatasharing.Item id="168" uuid="278159ABBBBBBBBBBBBBBBBBBBBBBBBBBBBB">
      <id>34664</id>
      <classname>org.openmrs.ConceptMap</classname>
      <dateChanged id="169">2014-11-22 03:07:28</dateChanged>
    </org.openmrs.module.metadatasharing.Item>
    <org.openmrs.module.metadatasharing.Item id="170" uuid="43ac5109-7d8c-11e1-909d-c80aa9edcf4e">
      <id>2</id>
      <classname>org.openmrs.ConceptMapType</classname>
      <dateChanged id="171">2012-06-21 00:00:00</dateChanged>
      <retired>false</retired>
    </org.openmrs.module.metadatasharing.Item>
    <org.openmrs.module.metadatasharing.Item id="172" uuid="e5792d21-a4c2-3203-8ff5-91159f892ef4">
      <id>33315</id>
      <classname>org.openmrs.ConceptReferenceTerm</classname>
      <dateChanged id="173">2014-11-22 00:00:00</dateChanged>
      <retired>false</retired>
    </org.openmrs.module.metadatasharing.Item>
    <org.openmrs.module.metadatasharing.Item id="174" uuid="2ADDDDDDDDDDDDDDDDDDDDDDDDDDDDDDDDDD">
      <id>8</id>
      <classname>org.openmrs.ConceptSource</classname>
      <dateChanged id="175">2015-07-01 17:25:50</dateChanged>
      <retired>false</retired>
    </org.openmrs.module.metadatasharing.Item>
    <org.openmrs.module.metadatasharing.Item id="176" uuid="278168ABBBBBBBBBBBBBBBBBBBBBBBBBBBBB">
      <id>34667</id>
      <classname>org.openmrs.ConceptMap</classname>
      <dateChanged id="177">2014-11-22 20:46:34</dateChanged>
    </org.openmrs.module.metadatasharing.Item>
    <org.openmrs.module.metadatasharing.Item id="178" uuid="54ebe013-4bcb-38e9-97f3-877b8547d6af">
      <id>33318</id>
      <classname>org.openmrs.ConceptReferenceTerm</classname>
      <dateChanged id="179">2014-11-22 00:00:00</dateChanged>
      <retired>false</retired>
    </org.openmrs.module.metadatasharing.Item>
    <org.openmrs.module.metadatasharing.Item id="180" uuid="278167ABBBBBBBBBBBBBBBBBBBBBBBBBBBBB">
      <id>34668</id>
      <classname>org.openmrs.ConceptMap</classname>
      <dateChanged id="181">2014-11-22 20:46:25</dateChanged>
    </org.openmrs.module.metadatasharing.Item>
    <org.openmrs.module.metadatasharing.Item id="182" uuid="6fb0e831-8ae1-32bb-af51-31f348295fdb">
      <id>33319</id>
      <classname>org.openmrs.ConceptReferenceTerm</classname>
      <dateChanged id="183">2014-11-22 00:00:00</dateChanged>
      <retired>false</retired>
    </org.openmrs.module.metadatasharing.Item>
    <org.openmrs.module.metadatasharing.Item id="184" uuid="6f20423a-b7fe-4b5f-aef4-c0fe71d45a2a">
      <id>11007</id>
      <classname>org.openmrs.ConceptSet</classname>
      <dateChanged id="185">2020-05-12 20:06:20</dateChanged>
    </org.openmrs.module.metadatasharing.Item>
    <org.openmrs.module.metadatasharing.Item id="186" uuid="162747AAAAAAAAAAAAAAAAAAAAAAAAAAAAAA">
      <id>12888</id>
      <classname>org.openmrs.Concept</classname>
      <dateChanged id="187">2020-05-12 21:01:17</dateChanged>
      <retired>false</retired>
    </org.openmrs.module.metadatasharing.Item>
    <org.openmrs.module.metadatasharing.Item id="188" uuid="8d491a9a-c2cc-11de-8d13-0010c6dffd0f">
      <id>5</id>
      <classname>org.openmrs.ConceptClass</classname>
      <dateChanged id="189">2015-07-01 17:25:50</dateChanged>
      <retired>false</retired>
    </org.openmrs.module.metadatasharing.Item>
    <org.openmrs.module.metadatasharing.Item id="190" uuid="126602BBBBBBBBBBBBBBBBBBBBBBBBBBBBBB">
      <id>43560</id>
      <classname>org.openmrs.ConceptName</classname>
      <dateChanged id="191">2014-12-03 19:57:13</dateChanged>
    </org.openmrs.module.metadatasharing.Item>
    <org.openmrs.module.metadatasharing.Item id="192" uuid="126601BBBBBBBBBBBBBBBBBBBBBBBBBBBBBB">
      <id>43561</id>
      <classname>org.openmrs.ConceptName</classname>
      <dateChanged id="193">2014-12-03 19:57:13</dateChanged>
    </org.openmrs.module.metadatasharing.Item>
    <org.openmrs.module.metadatasharing.Item id="194" uuid="278182ABBBBBBBBBBBBBBBBBBBBBBBBBBBBB">
      <id>34661</id>
      <classname>org.openmrs.ConceptMap</classname>
      <dateChanged id="195">2014-12-03 19:57:13</dateChanged>
    </org.openmrs.module.metadatasharing.Item>
    <org.openmrs.module.metadatasharing.Item id="196" uuid="f668d285-2899-3291-8544-62b1b61d07a8">
      <id>33312</id>
      <classname>org.openmrs.ConceptReferenceTerm</classname>
      <dateChanged id="197">2014-12-03 00:00:00</dateChanged>
      <retired>false</retired>
    </org.openmrs.module.metadatasharing.Item>
    <org.openmrs.module.metadatasharing.Item id="198" uuid="278183ABBBBBBBBBBBBBBBBBBBBBBBBBBBBB">
      <id>34662</id>
      <classname>org.openmrs.ConceptMap</classname>
      <dateChanged id="199">2014-12-03 19:57:22</dateChanged>
    </org.openmrs.module.metadatasharing.Item>
    <org.openmrs.module.metadatasharing.Item id="200" uuid="0edc3bc3-33b0-3420-bf2e-2d875759be7a">
      <id>33313</id>
      <classname>org.openmrs.ConceptReferenceTerm</classname>
      <dateChanged id="201">2014-12-03 00:00:00</dateChanged>
      <retired>false</retired>
    </org.openmrs.module.metadatasharing.Item>
    <org.openmrs.module.metadatasharing.Item id="202" uuid="12bcce57-9e06-4cfd-a3fc-e04d48ba1007">
      <id>11012</id>
      <classname>org.openmrs.ConceptSet</classname>
      <dateChanged id="203">2020-05-14 15:34:54</dateChanged>
    </org.openmrs.module.metadatasharing.Item>
    <org.openmrs.module.metadatasharing.Item id="204" uuid="162633AAAAAAAAAAAAAAAAAAAAAAAAAAAAAA">
      <id>12895</id>
      <classname>org.openmrs.Concept</classname>
      <dateChanged id="205">2020-05-14 15:12:15</dateChanged>
      <retired>false</retired>
    </org.openmrs.module.metadatasharing.Item>
    <org.openmrs.module.metadatasharing.Item id="206" uuid="126431BBBBBBBBBBBBBBBBBBBBBBBBBBBBBB">
      <id>43578</id>
      <classname>org.openmrs.ConceptName</classname>
      <dateChanged id="207">2014-10-18 01:27:21</dateChanged>
    </org.openmrs.module.metadatasharing.Item>
    <org.openmrs.module.metadatasharing.Item id="208" uuid="126430BBBBBBBBBBBBBBBBBBBBBBBBBBBBBB">
      <id>43579</id>
      <classname>org.openmrs.ConceptName</classname>
      <dateChanged id="209">2014-10-18 01:27:21</dateChanged>
    </org.openmrs.module.metadatasharing.Item>
    <org.openmrs.module.metadatasharing.Item id="210" uuid="5057CCCCCCCCCCCCCCCCCCCCCCCCCCCCCCCC">
      <id>11426</id>
      <classname>org.openmrs.ConceptAnswer</classname>
      <dateChanged id="211">2014-10-18 01:27:21</dateChanged>
    </org.openmrs.module.metadatasharing.Item>
    <org.openmrs.module.metadatasharing.Item id="212" uuid="3cd6f86c-26fe-102b-80cb-0017a47871b2">
      <id>1066</id>
      <classname>org.openmrs.Concept</classname>
      <dateChanged id="213">2020-05-14 15:12:19</dateChanged>
      <retired>false</retired>
    </org.openmrs.module.metadatasharing.Item>
    <org.openmrs.module.metadatasharing.Item id="214" uuid="139803BBBBBBBBBBBBBBBBBBBBBBBBBBBBBB">
      <id>32262</id>
      <classname>org.openmrs.ConceptName</classname>
      <dateChanged id="215">2016-08-16 11:48:25</dateChanged>
    </org.openmrs.module.metadatasharing.Item>
    <org.openmrs.module.metadatasharing.Item id="216" uuid="3e151786-26fe-102b-80cb-0017a47871b2">
      <id>8310</id>
      <classname>org.openmrs.ConceptName</classname>
      <dateChanged id="217">2015-04-22 14:28:45</dateChanged>
    </org.openmrs.module.metadatasharing.Item>
    <org.openmrs.module.metadatasharing.Item id="218" uuid="126360BBBBBBBBBBBBBBBBBBBBBBBBBBBBBB">
      <id>29715</id>
      <classname>org.openmrs.ConceptName</classname>
      <dateChanged id="219">2014-10-11 19:48:46</dateChanged>
    </org.openmrs.module.metadatasharing.Item>
    <org.openmrs.module.metadatasharing.Item id="220" uuid="108334BBBBBBBBBBBBBBBBBBBBBBBBBBBBBB">
      <id>29712</id>
      <classname>org.openmrs.ConceptName</classname>
      <dateChanged id="221">2012-03-04 23:58:47</dateChanged>
    </org.openmrs.module.metadatasharing.Item>
    <org.openmrs.module.metadatasharing.Item id="222" uuid="111196BBBBBBBBBBBBBBBBBBBBBBBBBBBBBB">
      <id>29717</id>
      <classname>org.openmrs.ConceptName</classname>
      <dateChanged id="223">2013-01-27 06:40:38</dateChanged>
    </org.openmrs.module.metadatasharing.Item>
    <org.openmrs.module.metadatasharing.Item id="224" uuid="126357BBBBBBBBBBBBBBBBBBBBBBBBBBBBBB">
      <id>29709</id>
      <classname>org.openmrs.ConceptName</classname>
      <dateChanged id="225">2014-10-11 19:48:46</dateChanged>
    </org.openmrs.module.metadatasharing.Item>
    <org.openmrs.module.metadatasharing.Item id="226" uuid="5bcc9a17-0a17-4075-84d4-f09882cfaa18">
      <id>17939</id>
      <classname>org.openmrs.ConceptName</classname>
      <dateChanged id="227">2015-04-22 14:28:45</dateChanged>
    </org.openmrs.module.metadatasharing.Item>
    <org.openmrs.module.metadatasharing.Item id="228" uuid="106917BBBBBBBBBBBBBBBBBBBBBBBBBBBBBB">
      <id>29711</id>
      <classname>org.openmrs.ConceptName</classname>
      <dateChanged id="229">2010-10-24 20:04:03</dateChanged>
    </org.openmrs.module.metadatasharing.Item>
    <org.openmrs.module.metadatasharing.Item id="230" uuid="126358BBBBBBBBBBBBBBBBBBBBBBBBBBBBBB">
      <id>29718</id>
      <classname>org.openmrs.ConceptName</classname>
      <dateChanged id="231">2014-10-11 19:48:46</dateChanged>
    </org.openmrs.module.metadatasharing.Item>
    <org.openmrs.module.metadatasharing.Item id="232" uuid="743d14ca-dd31-4ed7-8bfb-b2e4c98a2609">
      <id>17940</id>
      <classname>org.openmrs.ConceptName</classname>
      <dateChanged id="233">2015-04-22 14:28:45</dateChanged>
    </org.openmrs.module.metadatasharing.Item>
    <org.openmrs.module.metadatasharing.Item id="234" uuid="106308BBBBBBBBBBBBBBBBBBBBBBBBBBBBBB">
      <id>29713</id>
      <classname>org.openmrs.ConceptName</classname>
      <dateChanged id="235">2010-06-21 23:11:53</dateChanged>
    </org.openmrs.module.metadatasharing.Item>
    <org.openmrs.module.metadatasharing.Item id="236" uuid="126362BBBBBBBBBBBBBBBBBBBBBBBBBBBBBB">
      <id>29716</id>
      <classname>org.openmrs.ConceptName</classname>
      <dateChanged id="237">2014-10-11 19:48:46</dateChanged>
    </org.openmrs.module.metadatasharing.Item>
    <org.openmrs.module.metadatasharing.Item id="238" uuid="137334BBBBBBBBBBBBBBBBBBBBBBBBBBBBBB">
      <id>32261</id>
      <classname>org.openmrs.ConceptName</classname>
      <dateChanged id="239">2016-07-10 05:49:06</dateChanged>
    </org.openmrs.module.metadatasharing.Item>
    <org.openmrs.module.metadatasharing.Item id="240" uuid="126359BBBBBBBBBBBBBBBBBBBBBBBBBBBBBB">
      <id>29710</id>
      <classname>org.openmrs.ConceptName</classname>
      <dateChanged id="241">2014-10-11 19:48:46</dateChanged>
    </org.openmrs.module.metadatasharing.Item>
    <org.openmrs.module.metadatasharing.Item id="242" uuid="127333BBBBBBBBBBBBBBBBBBBBBBBBBBBBBB">
      <id>29714</id>
      <classname>org.openmrs.ConceptName</classname>
      <dateChanged id="243">2015-04-24 21:18:07</dateChanged>
    </org.openmrs.module.metadatasharing.Item>
    <org.openmrs.module.metadatasharing.Item id="244" uuid="126361BBBBBBBBBBBBBBBBBBBBBBBBBBBBBB">
      <id>29708</id>
      <classname>org.openmrs.ConceptName</classname>
      <dateChanged id="245">2014-10-11 19:48:46</dateChanged>
    </org.openmrs.module.metadatasharing.Item>
    <org.openmrs.module.metadatasharing.Item id="246" uuid="126356BBBBBBBBBBBBBBBBBBBBBBBBBBBBBB">
      <id>29719</id>
      <classname>org.openmrs.ConceptName</classname>
      <dateChanged id="247">2014-10-11 19:48:46</dateChanged>
    </org.openmrs.module.metadatasharing.Item>
    <org.openmrs.module.metadatasharing.Item id="248" uuid="d07abafd-ea95-4edd-9c84-ee85592fc91f">
      <id>1077</id>
      <classname>org.openmrs.ConceptDescription</classname>
      <dateChanged id="249">2015-04-22 14:28:45</dateChanged>
    </org.openmrs.module.metadatasharing.Item>
    <org.openmrs.module.metadatasharing.Item id="250" uuid="1069FFFFFFFFFFFFFFFFFFFFFFFFFFFFFFFF">
      <id>6867</id>
      <classname>org.openmrs.ConceptDescription</classname>
      <dateChanged id="251">2015-04-24 21:18:07</dateChanged>
    </org.openmrs.module.metadatasharing.Item>
    <org.openmrs.module.metadatasharing.Item id="252" uuid="18159FFFFFFFFFFFFFFFFFFFFFFFFFFFFFFF">
      <id>7126</id>
      <classname>org.openmrs.ConceptDescription</classname>
      <dateChanged id="253">2016-08-16 11:48:25</dateChanged>
    </org.openmrs.module.metadatasharing.Item>
    <org.openmrs.module.metadatasharing.Item id="254" uuid="aefacf53-8e8e-4ed0-9d32-cbd1d14c6639">
      <id>12989</id>
      <classname>org.openmrs.ConceptMap</classname>
      <dateChanged id="255">2015-04-22 14:28:45</dateChanged>
    </org.openmrs.module.metadatasharing.Item>
    <org.openmrs.module.metadatasharing.Item id="256" uuid="bfdf9e0c-a208-31e8-9df4-45eccc2ea9e7">
      <id>12989</id>
      <classname>org.openmrs.ConceptReferenceTerm</classname>
      <dateChanged id="257">2011-07-22 00:00:00</dateChanged>
      <retired>false</retired>
    </org.openmrs.module.metadatasharing.Item>
    <org.openmrs.module.metadatasharing.Item id="258" uuid="144379ABBBBBBBBBBBBBBBBBBBBBBBBBBBBB">
      <id>27572</id>
      <classname>org.openmrs.ConceptMap</classname>
      <dateChanged id="259">2012-06-03 21:57:05</dateChanged>
    </org.openmrs.module.metadatasharing.Item>
    <org.openmrs.module.metadatasharing.Item id="260" uuid="170e452e-c092-32c9-b974-23f0bca960bd">
      <id>26889</id>
      <classname>org.openmrs.ConceptReferenceTerm</classname>
      <dateChanged id="261">2012-06-03 04:00:00</dateChanged>
      <retired>false</retired>
    </org.openmrs.module.metadatasharing.Item>
    <org.openmrs.module.metadatasharing.Item id="262" uuid="12ADDDDDDDDDDDDDDDDDDDDDDDDDDDDDDDDD">
      <id>24</id>
      <classname>org.openmrs.ConceptSource</classname>
      <dateChanged id="263">2015-07-01 17:25:50</dateChanged>
      <retired>false</retired>
    </org.openmrs.module.metadatasharing.Item>
    <org.openmrs.module.metadatasharing.Item id="264" uuid="134738ABBBBBBBBBBBBBBBBBBBBBBBBBBBBB">
      <id>27571</id>
      <classname>org.openmrs.ConceptMap</classname>
      <dateChanged id="265">2010-10-24 17:09:59</dateChanged>
    </org.openmrs.module.metadatasharing.Item>
    <org.openmrs.module.metadatasharing.Item id="266" uuid="f2531812-ebad-3a19-bf74-9b35025659e5">
      <id>26888</id>
      <classname>org.openmrs.ConceptReferenceTerm</classname>
      <dateChanged id="267">2010-10-24 04:00:00</dateChanged>
      <retired>false</retired>
    </org.openmrs.module.metadatasharing.Item>
    <org.openmrs.module.metadatasharing.Item id="268" uuid="87458183-630e-4235-aeec-696077464d49">
      <id>27085</id>
      <classname>org.openmrs.ConceptMap</classname>
      <dateChanged id="269">2017-03-04 21:45:32</dateChanged>
    </org.openmrs.module.metadatasharing.Item>
    <org.openmrs.module.metadatasharing.Item id="270" uuid="70e47483-b669-4195-a33a-dc968d2af4af">
      <id>26242</id>
      <classname>org.openmrs.ConceptReferenceTerm</classname>
      <dateChanged id="271">2017-03-04 21:44:34</dateChanged>
      <retired>false</retired>
    </org.openmrs.module.metadatasharing.Item>
    <org.openmrs.module.metadatasharing.Item id="272" uuid="b20d12bc-4864-102e-96e9-000c29c2a5d7">
      <id>1068</id>
      <classname>org.openmrs.ConceptMap</classname>
      <dateChanged id="273">2015-04-22 14:28:45</dateChanged>
    </org.openmrs.module.metadatasharing.Item>
    <org.openmrs.module.metadatasharing.Item id="274" uuid="733a28fa-d244-3248-b654-09ffb442e6f2">
      <id>1068</id>
      <classname>org.openmrs.ConceptReferenceTerm</classname>
      <dateChanged id="275">2010-11-23 00:00:00</dateChanged>
      <retired>false</retired>
    </org.openmrs.module.metadatasharing.Item>
    <org.openmrs.module.metadatasharing.Item id="276" uuid="133841ABBBBBBBBBBBBBBBBBBBBBBBBBBBBB">
      <id>25515</id>
      <classname>org.openmrs.ConceptMap</classname>
      <dateChanged id="277">2010-10-01 23:13:10</dateChanged>
    </org.openmrs.module.metadatasharing.Item>
    <org.openmrs.module.metadatasharing.Item id="278" uuid="beaa27cb-dacc-3334-b7c4-9f230f2dd231">
      <id>24857</id>
      <classname>org.openmrs.ConceptReferenceTerm</classname>
      <dateChanged id="279">2010-10-01 04:00:00</dateChanged>
      <retired>false</retired>
    </org.openmrs.module.metadatasharing.Item>
    <org.openmrs.module.metadatasharing.Item id="280" uuid="5058CCCCCCCCCCCCCCCCCCCCCCCCCCCCCCCC">
      <id>11425</id>
      <classname>org.openmrs.ConceptAnswer</classname>
      <dateChanged id="281">2014-10-18 01:27:21</dateChanged>
    </org.openmrs.module.metadatasharing.Item>
    <org.openmrs.module.metadatasharing.Item id="282" uuid="3cd6f600-26fe-102b-80cb-0017a47871b2">
      <id>1065</id>
      <classname>org.openmrs.Concept</classname>
      <dateChanged id="283">2020-05-14 15:12:19</dateChanged>
      <retired>false</retired>
    </org.openmrs.module.metadatasharing.Item>
    <org.openmrs.module.metadatasharing.Item id="284" uuid="127332BBBBBBBBBBBBBBBBBBBBBBBBBBBBBB">
      <id>29699</id>
      <classname>org.openmrs.ConceptName</classname>
      <dateChanged id="285">2015-04-24 21:17:40</dateChanged>
    </org.openmrs.module.metadatasharing.Item>
    <org.openmrs.module.metadatasharing.Item id="286" uuid="126316BBBBBBBBBBBBBBBBBBBBBBBBBBBBBB">
      <id>29696</id>
      <classname>org.openmrs.ConceptName</classname>
      <dateChanged id="287">2014-10-07 22:39:17</dateChanged>
    </org.openmrs.module.metadatasharing.Item>
    <org.openmrs.module.metadatasharing.Item id="288" uuid="106307BBBBBBBBBBBBBBBBBBBBBBBBBBBBBB">
      <id>29693</id>
      <classname>org.openmrs.ConceptName</classname>
      <dateChanged id="289">2010-06-21 23:11:26</dateChanged>
    </org.openmrs.module.metadatasharing.Item>
    <org.openmrs.module.metadatasharing.Item id="290" uuid="126313BBBBBBBBBBBBBBBBBBBBBBBBBBBBBB">
      <id>29692</id>
      <classname>org.openmrs.ConceptName</classname>
      <dateChanged id="291">2014-10-07 22:36:00</dateChanged>
    </org.openmrs.module.metadatasharing.Item>
    <org.openmrs.module.metadatasharing.Item id="292" uuid="3e15161e-26fe-102b-80cb-0017a47871b2">
      <id>1102</id>
      <classname>org.openmrs.ConceptName</classname>
      <dateChanged id="293">2015-04-22 14:28:44</dateChanged>
    </org.openmrs.module.metadatasharing.Item>
    <org.openmrs.module.metadatasharing.Item id="294" uuid="137332BBBBBBBBBBBBBBBBBBBBBBBBBBBBBB">
      <id>32263</id>
      <classname>org.openmrs.ConceptName</classname>
      <dateChanged id="295">2016-07-10 05:47:58</dateChanged>
    </org.openmrs.module.metadatasharing.Item>
    <org.openmrs.module.metadatasharing.Item id="296" uuid="126317BBBBBBBBBBBBBBBBBBBBBBBBBBBBBB">
      <id>29698</id>
      <classname>org.openmrs.ConceptName</classname>
      <dateChanged id="297">2014-10-07 22:39:17</dateChanged>
    </org.openmrs.module.metadatasharing.Item>
    <org.openmrs.module.metadatasharing.Item id="298" uuid="108333BBBBBBBBBBBBBBBBBBBBBBBBBBBBBB">
      <id>29700</id>
      <classname>org.openmrs.ConceptName</classname>
      <dateChanged id="299">2012-03-04 23:58:29</dateChanged>
    </org.openmrs.module.metadatasharing.Item>
    <org.openmrs.module.metadatasharing.Item id="300" uuid="126314BBBBBBBBBBBBBBBBBBBBBBBBBBBBBB">
      <id>29695</id>
      <classname>org.openmrs.ConceptName</classname>
      <dateChanged id="301">2014-10-07 22:39:17</dateChanged>
    </org.openmrs.module.metadatasharing.Item>
    <org.openmrs.module.metadatasharing.Item id="302" uuid="111198BBBBBBBBBBBBBBBBBBBBBBBBBBBBBB">
      <id>29697</id>
      <classname>org.openmrs.ConceptName</classname>
      <dateChanged id="303">2013-01-27 06:41:22</dateChanged>
    </org.openmrs.module.metadatasharing.Item>
    <org.openmrs.module.metadatasharing.Item id="304" uuid="0b931af0-15f5-102d-96e4-000c29c2a5d7">
      <id>9147</id>
      <classname>org.openmrs.ConceptName</classname>
      <dateChanged id="305">2015-04-22 14:28:44</dateChanged>
    </org.openmrs.module.metadatasharing.Item>
    <org.openmrs.module.metadatasharing.Item id="306" uuid="126315BBBBBBBBBBBBBBBBBBBBBBBBBBBBBB">
      <id>29691</id>
      <classname>org.openmrs.ConceptName</classname>
      <dateChanged id="307">2014-10-07 22:39:17</dateChanged>
    </org.openmrs.module.metadatasharing.Item>
    <org.openmrs.module.metadatasharing.Item id="308" uuid="126318BBBBBBBBBBBBBBBBBBBBBBBBBBBBBB">
      <id>29689</id>
      <classname>org.openmrs.ConceptName</classname>
      <dateChanged id="309">2014-10-07 22:39:17</dateChanged>
    </org.openmrs.module.metadatasharing.Item>
    <org.openmrs.module.metadatasharing.Item id="310" uuid="139802BBBBBBBBBBBBBBBBBBBBBBBBBBBBBB">
      <id>32264</id>
      <classname>org.openmrs.ConceptName</classname>
      <dateChanged id="311">2016-08-16 11:47:47</dateChanged>
    </org.openmrs.module.metadatasharing.Item>
    <org.openmrs.module.metadatasharing.Item id="312" uuid="541f1720-0abe-49dd-b4f6-7de87ce05917">
      <id>17941</id>
      <classname>org.openmrs.ConceptName</classname>
      <dateChanged id="313">2015-04-22 14:28:44</dateChanged>
    </org.openmrs.module.metadatasharing.Item>
    <org.openmrs.module.metadatasharing.Item id="314" uuid="126319BBBBBBBBBBBBBBBBBBBBBBBBBBBBBB">
      <id>29694</id>
      <classname>org.openmrs.ConceptName</classname>
      <dateChanged id="315">2014-10-07 22:39:17</dateChanged>
    </org.openmrs.module.metadatasharing.Item>
    <org.openmrs.module.metadatasharing.Item id="316" uuid="106919BBBBBBBBBBBBBBBBBBBBBBBBBBBBBB">
      <id>29690</id>
      <classname>org.openmrs.ConceptName</classname>
      <dateChanged id="317">2010-10-24 20:04:37</dateChanged>
    </org.openmrs.module.metadatasharing.Item>
    <org.openmrs.module.metadatasharing.Item id="318" uuid="ece437ba-07fe-102c-b5fa-0017a47871b2">
      <id>1076</id>
      <classname>org.openmrs.ConceptDescription</classname>
      <dateChanged id="319">2015-04-22 14:28:44</dateChanged>
    </org.openmrs.module.metadatasharing.Item>
    <org.openmrs.module.metadatasharing.Item id="320" uuid="1068FFFFFFFFFFFFFFFFFFFFFFFFFFFFFFFF">
      <id>6865</id>
      <classname>org.openmrs.ConceptDescription</classname>
      <dateChanged id="321">2015-04-24 21:17:40</dateChanged>
    </org.openmrs.module.metadatasharing.Item>
    <org.openmrs.module.metadatasharing.Item id="322" uuid="18158FFFFFFFFFFFFFFFFFFFFFFFFFFFFFFF">
      <id>7125</id>
      <classname>org.openmrs.ConceptDescription</classname>
      <dateChanged id="323">2016-08-16 11:47:47</dateChanged>
    </org.openmrs.module.metadatasharing.Item>
    <org.openmrs.module.metadatasharing.Item id="324" uuid="b20d114a-4864-102e-96e9-000c29c2a5d7">
      <id>1067</id>
      <classname>org.openmrs.ConceptMap</classname>
      <dateChanged id="325">2015-04-22 14:28:44</dateChanged>
    </org.openmrs.module.metadatasharing.Item>
    <org.openmrs.module.metadatasharing.Item id="326" uuid="bbb5c16f-f127-32a4-97d5-7d7bed12bfd4">
      <id>1067</id>
      <classname>org.openmrs.ConceptReferenceTerm</classname>
      <dateChanged id="327">2010-11-23 00:00:00</dateChanged>
      <retired>false</retired>
    </org.openmrs.module.metadatasharing.Item>
    <org.openmrs.module.metadatasharing.Item id="328" uuid="133840ABBBBBBBBBBBBBBBBBBBBBBBBBBBBB">
      <id>25513</id>
      <classname>org.openmrs.ConceptMap</classname>
      <dateChanged id="329">2010-10-01 23:11:47</dateChanged>
    </org.openmrs.module.metadatasharing.Item>
    <org.openmrs.module.metadatasharing.Item id="330" uuid="d2d5f591-c1b5-308e-bbbb-2fb6dee0d2b2">
      <id>24855</id>
      <classname>org.openmrs.ConceptReferenceTerm</classname>
      <dateChanged id="331">2010-10-01 04:00:00</dateChanged>
      <retired>false</retired>
    </org.openmrs.module.metadatasharing.Item>
    <org.openmrs.module.metadatasharing.Item id="332" uuid="7568887a-4943-102e-96e9-000c29c2a5d7">
      <id>6958</id>
      <classname>org.openmrs.ConceptMap</classname>
      <dateChanged id="333">2015-04-22 14:28:44</dateChanged>
    </org.openmrs.module.metadatasharing.Item>
    <org.openmrs.module.metadatasharing.Item id="334" uuid="43c590f7-f85f-376f-9083-d189b74ed37c">
      <id>6958</id>
      <classname>org.openmrs.ConceptReferenceTerm</classname>
      <dateChanged id="335">2010-11-24 00:00:00</dateChanged>
      <retired>false</retired>
    </org.openmrs.module.metadatasharing.Item>
    <org.openmrs.module.metadatasharing.Item id="336" uuid="4c5c3b67-8cc9-4d59-9b8e-8c910e44d8a3">
      <id>27084</id>
      <classname>org.openmrs.ConceptMap</classname>
      <dateChanged id="337">2017-03-04 21:45:04</dateChanged>
    </org.openmrs.module.metadatasharing.Item>
    <org.openmrs.module.metadatasharing.Item id="338" uuid="7df22b69-9a03-49e8-aa0a-063e61e1f9a5">
      <id>26241</id>
      <classname>org.openmrs.ConceptReferenceTerm</classname>
      <dateChanged id="339">2017-03-04 21:44:26</dateChanged>
      <retired>false</retired>
    </org.openmrs.module.metadatasharing.Item>
    <org.openmrs.module.metadatasharing.Item id="340" uuid="144378ABBBBBBBBBBBBBBBBBBBBBBBBBBBBB">
      <id>27570</id>
      <classname>org.openmrs.ConceptMap</classname>
      <dateChanged id="341">2012-06-03 21:56:11</dateChanged>
    </org.openmrs.module.metadatasharing.Item>
    <org.openmrs.module.metadatasharing.Item id="342" uuid="0a25554e-8e73-3431-a111-837291cbc771">
      <id>26891</id>
      <classname>org.openmrs.ConceptReferenceTerm</classname>
      <dateChanged id="343">2012-06-03 04:00:00</dateChanged>
      <retired>false</retired>
    </org.openmrs.module.metadatasharing.Item>
    <org.openmrs.module.metadatasharing.Item id="344" uuid="134737ABBBBBBBBBBBBBBBBBBBBBBBBBBBBB">
      <id>27569</id>
      <classname>org.openmrs.ConceptMap</classname>
      <dateChanged id="345">2010-10-24 17:09:59</dateChanged>
    </org.openmrs.module.metadatasharing.Item>
    <org.openmrs.module.metadatasharing.Item id="346" uuid="85fd20aa-8f0e-33c6-8d26-87087144d1f0">
      <id>26890</id>
      <classname>org.openmrs.ConceptReferenceTerm</classname>
      <dateChanged id="347">2010-10-24 04:00:00</dateChanged>
      <retired>false</retired>
    </org.openmrs.module.metadatasharing.Item>
    <org.openmrs.module.metadatasharing.Item id="348" uuid="5059CCCCCCCCCCCCCCCCCCCCCCCCCCCCCCCC">
      <id>11427</id>
      <classname>org.openmrs.ConceptAnswer</classname>
      <dateChanged id="349">2014-10-18 01:27:21</dateChanged>
    </org.openmrs.module.metadatasharing.Item>
    <org.openmrs.module.metadatasharing.Item id="350" uuid="277946ABBBBBBBBBBBBBBBBBBBBBBBBBBBBB">
      <id>34678</id>
      <classname>org.openmrs.ConceptMap</classname>
      <dateChanged id="351">2014-10-18 01:27:21</dateChanged>
    </org.openmrs.module.metadatasharing.Item>
    <org.openmrs.module.metadatasharing.Item id="352" uuid="166e593d-3bee-3ce0-9eb0-47dd0440eafc">
      <id>33334</id>
      <classname>org.openmrs.ConceptReferenceTerm</classname>
      <dateChanged id="353">2014-10-18 00:00:00</dateChanged>
      <retired>false</retired>
    </org.openmrs.module.metadatasharing.Item>
    <org.openmrs.module.metadatasharing.Item id="354" uuid="277947ABBBBBBBBBBBBBBBBBBBBBBBBBBBBB">
      <id>34679</id>
      <classname>org.openmrs.ConceptMap</classname>
      <dateChanged id="355">2014-10-18 01:27:39</dateChanged>
    </org.openmrs.module.metadatasharing.Item>
    <org.openmrs.module.metadatasharing.Item id="356" uuid="f9737b85-f608-3ec7-88df-4d902ccf8867">
      <id>33335</id>
      <classname>org.openmrs.ConceptReferenceTerm</classname>
      <dateChanged id="357">2014-10-18 00:00:00</dateChanged>
      <retired>false</retired>
    </org.openmrs.module.metadatasharing.Item>
  </relatedItems>
  <incrementalVersion>false</incrementalVersion>
</package>
