<?xml version="1.0" encoding="UTF-8"?>
<list id="1">
  <org.openmrs.Concept id="2" uuid="0f8a2d92-a249-4087-a4e9-b2f3377c25b2">
    <conceptId>12892</conceptId>
    <retired>false</retired>
    <datatype id="3" resolves-to="org.openmrs.ConceptDatatype" uuid="8d4a4c94-c2cc-11de-8d13-0010c6dffd0f">
      <name>N/A</name>
      <description>Not associated with a datatype (e.g., term answers, sets)</description>
      <creator/>
      <dateCreated id="4">2004-02-02 05:00:00</dateCreated>
      <retired>false</retired>
      <conceptDatatypeId>4</conceptDatatypeId>
      <hl7Abbreviation>ZZ</hl7Abbreviation>
    </datatype>
    <conceptClass id="5" resolves-to="org.openmrs.ConceptClass" uuid="8d492594-c2cc-11de-8d13-0010c6dffd0f">
      <name>ConvSet</name>
      <description>Term to describe convenience sets</description>
      <creator/>
      <dateCreated id="6">2015-07-01 17:25:50</dateCreated>
      <retired>false</retired>
      <conceptClassId>10</conceptClassId>
    </conceptClass>
    <set>true</set>
    <creator/>
    <dateCreated id="7">2020-05-12 17:44:10</dateCreated>
    <changedBy/>
    <dateChanged id="8">2020-05-14 15:34:54</dateChanged>
    <names class="set" id="9">
      <org.openmrs.ConceptName id="10" uuid="7d649d32-6da5-4c3f-8bb7-60aea814e272">
        <conceptNameId>43567</conceptNameId>
        <concept reference="2"/>
        <name>COVID concept set</name>
        <locale id="11">en</locale>
        <creator/>
        <dateCreated id="12">2020-05-12 21:03:24</dateCreated>
        <voided>false</voided>
        <tags class="set" id="13"/>
        <conceptNameType>FULLY_SPECIFIED</conceptNameType>
        <localePreferred>true</localePreferred>
        <changedBy/>
        <dateChanged id="14">2020-05-12 21:03:24</dateChanged>
      </org.openmrs.ConceptName>
      <org.openmrs.ConceptName id="15" uuid="b99c517d-a56c-45ef-97a7-d055014c03c0">
        <conceptNameId>43566</conceptNameId>
        <concept reference="2"/>
        <name>CIEL concepts for PIH (May 11)</name>
        <locale id="16">en</locale>
        <creator/>
        <dateCreated id="17">2020-05-12 17:44:10</dateCreated>
        <voided>true</voided>
        <voidedBy/>
        <dateVoided id="18">2020-05-12 21:03:24</dateVoided>
        <voidReason>Deleted due to change of name</voidReason>
        <tags class="set" id="19"/>
        <localePreferred>false</localePreferred>
        <changedBy/>
        <dateChanged id="20">2020-05-12 21:03:24</dateChanged>
      </org.openmrs.ConceptName>
    </names>
    <answers class="set" id="21"/>
    <conceptSets class="set" id="22">
      <org.openmrs.ConceptSet id="23" uuid="9cfd3cc5-8603-4f97-9f32-7d359ddc7df6">
        <conceptSetId>11006</conceptSetId>
        <concept id="24" resolves-to="org.openmrs.Concept" uuid="1765AAAAAAAAAAAAAAAAAAAAAAAAAAAAAAAA">
          <conceptId>12887</conceptId>
          <retired>false</retired>
          <datatype id="25" resolves-to="org.openmrs.ConceptDatatype" uuid="8d4a5cca-c2cc-11de-8d13-0010c6dffd0f">
            <name>Boolean</name>
            <description>Boolean value (yes/no, true/false)</description>
            <creator/>
            <dateCreated id="26">2004-08-26 04:00:00</dateCreated>
            <retired>false</retired>
            <conceptDatatypeId>10</conceptDatatypeId>
            <hl7Abbreviation>BIT</hl7Abbreviation>
          </datatype>
          <conceptClass id="27" resolves-to="org.openmrs.ConceptClass" uuid="8d490bf4-c2cc-11de-8d13-0010c6dffd0f">
            <name>Procedure</name>
            <description>Describes a clinical procedure</description>
            <creator/>
            <dateCreated id="28">2015-07-01 17:25:50</dateCreated>
            <retired>false</retired>
            <conceptClassId>2</conceptClassId>
          </conceptClass>
          <set>false</set>
          <creator/>
          <dateCreated id="29">2009-06-28 19:00:07</dateCreated>
          <changedBy/>
          <dateChanged id="30">2020-05-12 21:01:16</dateChanged>
          <names class="set" id="31">
            <org.openmrs.ConceptName id="32" uuid="93503BBBBBBBBBBBBBBBBBBBBBBBBBBBBBBB">
              <conceptNameId>43554</conceptNameId>
              <concept reference="24"/>
              <name>IVF (Intravenous fluids)</name>
              <locale id="33">en</locale>
              <creator/>
              <dateCreated id="34">2009-06-28 19:00:07</dateCreated>
              <voided>false</voided>
              <tags class="set" id="35"/>
              <localePreferred>false</localePreferred>
              <dateChanged id="36">2020-05-12 17:38:42</dateChanged>
            </org.openmrs.ConceptName>
            <org.openmrs.ConceptName id="37" uuid="2045BBBBBBBBBBBBBBBBBBBBBBBBBBBBBBBB">
              <conceptNameId>43555</conceptNameId>
              <concept reference="24"/>
              <name>Intravenous fluid administration</name>
              <locale id="38">en</locale>
              <creator/>
              <dateCreated id="39">2009-06-28 19:00:07</dateCreated>
              <voided>false</voided>
              <tags class="set" id="40"/>
              <conceptNameType>FULLY_SPECIFIED</conceptNameType>
              <localePreferred>true</localePreferred>
              <dateChanged id="41">2020-05-12 17:38:42</dateChanged>
            </org.openmrs.ConceptName>
            <org.openmrs.ConceptName id="42" uuid="87024BBBBBBBBBBBBBBBBBBBBBBBBBBBBBBB">
              <conceptNameId>43556</conceptNameId>
              <concept reference="24"/>
              <name>IV fluids</name>
              <locale id="43">en</locale>
              <creator/>
              <dateCreated id="44">2009-06-28 19:00:07</dateCreated>
              <voided>false</voided>
              <tags class="set" id="45"/>
              <conceptNameType>SHORT</conceptNameType>
              <localePreferred>false</localePreferred>
              <dateChanged id="46">2020-05-12 17:38:42</dateChanged>
            </org.openmrs.ConceptName>
            <org.openmrs.ConceptName id="47" uuid="105987BBBBBBBBBBBBBBBBBBBBBBBBBBBBBB">
              <conceptNameId>43557</conceptNameId>
              <concept reference="24"/>
              <name>LIQUIDE INTRAVEINEUX INJECTÉ</name>
              <locale id="48">fr</locale>
              <creator/>
              <dateCreated id="49">2010-05-03 17:11:17</dateCreated>
              <voided>false</voided>
              <tags class="set" id="50"/>
              <conceptNameType>FULLY_SPECIFIED</conceptNameType>
              <localePreferred>false</localePreferred>
              <dateChanged id="51">2020-05-12 17:41:59</dateChanged>
            </org.openmrs.ConceptName>
            <org.openmrs.ConceptName id="52" uuid="aee8ab85-f9dd-4025-bc1b-491739a10163">
              <conceptNameId>43558</conceptNameId>
              <concept reference="24"/>
              <name>Administration de liquide intraveineux</name>
              <locale id="53">fr</locale>
              <creator/>
              <dateCreated id="54">2020-05-12 17:41:05</dateCreated>
              <voided>false</voided>
              <tags class="set" id="55"/>
              <localePreferred>true</localePreferred>
              <dateChanged id="56">2020-05-12 17:41:59</dateChanged>
            </org.openmrs.ConceptName>
            <org.openmrs.ConceptName id="57" uuid="62cc7aa2-be37-4f60-b7c0-605a6482ebe7">
              <conceptNameId>43559</conceptNameId>
              <concept reference="24"/>
              <name>Liquide intraveineux</name>
              <locale id="58">fr</locale>
              <creator/>
              <dateCreated id="59">2020-05-12 17:41:05</dateCreated>
              <voided>false</voided>
              <tags class="set" id="60"/>
              <localePreferred>false</localePreferred>
            </org.openmrs.ConceptName>
          </names>
          <answers class="set" id="61"/>
          <conceptSets class="set" id="62"/>
          <descriptions class="set" id="63"/>
          <conceptMappings class="set" id="64">
            <org.openmrs.ConceptMap id="65" uuid="137562ABBBBBBBBBBBBBBBBBBBBBBBBBBBBB">
              <conceptMapType id="66" resolves-to="org.openmrs.ConceptMapType" uuid="35543629-7d8c-11e1-909d-c80aa9edcf4e">
                <name>SAME-AS</name>
                <creator/>
                <dateCreated id="67">2012-06-21 00:00:00</dateCreated>
                <retired>false</retired>
                <conceptMapTypeId>1</conceptMapTypeId>
                <isHidden>false</isHidden>
              </conceptMapType>
              <creator/>
              <dateCreated id="68">2011-01-06 14:57:13</dateCreated>
              <conceptMapId>34658</conceptMapId>
              <concept reference="24"/>
              <conceptReferenceTerm id="69" resolves-to="org.openmrs.ConceptReferenceTerm" uuid="6cb21d69-2801-3a0b-a3a2-6a2877bf34cb">
                <creator/>
                <dateCreated id="70">2011-01-06 00:00:00</dateCreated>
                <retired>false</retired>
                <conceptReferenceTermId>33309</conceptReferenceTermId>
                <conceptSource id="71" resolves-to="org.openmrs.ConceptSource" uuid="1ADDDDDDDDDDDDDDDDDDDDDDDDDDDDDDDDDD">
                  <name>SNOMED CT</name>
                  <description>SNOMED Preferred mapping</description>
                  <creator/>
                  <dateCreated id="72">2015-07-01 17:25:50</dateCreated>
                  <retired>false</retired>
                  <conceptSourceId>6</conceptSourceId>
                  <hl7Code>SCT</hl7Code>
                </conceptSource>
                <code>281800008</code>
                <conceptReferenceTermMaps id="73"/>
              </conceptReferenceTerm>
            </org.openmrs.ConceptMap>
            <org.openmrs.ConceptMap id="74" uuid="274486ABBBBBBBBBBBBBBBBBBBBBBBBBBBBB">
              <conceptMapType reference="66"/>
              <creator/>
              <dateCreated id="75">2013-10-01 16:20:32</dateCreated>
              <conceptMapId>34659</conceptMapId>
              <concept reference="24"/>
              <conceptReferenceTerm id="76" resolves-to="org.openmrs.ConceptReferenceTerm" uuid="9bd6903c-8a9d-3327-b5cf-cb9b462efa71">
                <creator/>
                <dateCreated id="77">2013-10-01 00:00:00</dateCreated>
                <retired>false</retired>
                <conceptReferenceTermId>33310</conceptReferenceTermId>
                <conceptSource id="78" resolves-to="org.openmrs.ConceptSource" uuid="25ADDDDDDDDDDDDDDDDDDDDDDDDDDDDDDDDD">
                  <name>IMO ProcedureIT</name>
                  <description>Intelligent Medical Objects, Inc. procedure/test datasource</description>
                  <creator/>
                  <dateCreated id="79">2015-07-01 17:25:50</dateCreated>
                  <retired>false</retired>
                  <conceptSourceId>36</conceptSourceId>
                </conceptSource>
                <code>603443</code>
                <conceptReferenceTermMaps id="80"/>
              </conceptReferenceTerm>
            </org.openmrs.ConceptMap>
            <org.openmrs.ConceptMap id="81" uuid="172004ABBBBBBBBBBBBBBBBBBBBBBBBBBBBB">
              <conceptMapType reference="66"/>
              <creator/>
              <dateCreated id="82">2013-07-03 18:53:08</dateCreated>
              <conceptMapId>34660</conceptMapId>
              <concept reference="24"/>
              <conceptReferenceTerm id="83" resolves-to="org.openmrs.ConceptReferenceTerm" uuid="67d8078f-4d69-3e53-a6a0-ac23dcecd46c">
                <creator/>
                <dateCreated id="84">2013-07-03 00:00:00</dateCreated>
                <retired>false</retired>
                <conceptReferenceTermId>33311</conceptReferenceTermId>
                <conceptSource id="85" resolves-to="org.openmrs.ConceptSource" uuid="21ADDDDDDDDDDDDDDDDDDDDDDDDDDDDDDDDD">
                  <name>CIEL</name>
                  <description>Columbia International eHealth Laboratory concept ID</description>
                  <creator/>
                  <dateCreated id="86">2015-07-01 17:25:50</dateCreated>
                  <retired>false</retired>
                  <conceptSourceId>29</conceptSourceId>
                </conceptSource>
                <code>1765</code>
                <conceptReferenceTermMaps id="87"/>
              </conceptReferenceTerm>
            </org.openmrs.ConceptMap>
          </conceptMappings>
          <attributes id="88"/>
        </concept>
        <conceptSet reference="2"/>
        <sortWeight>0.0</sortWeight>
        <creator/>
        <dateCreated id="89">2020-05-12 17:44:10</dateCreated>
      </org.openmrs.ConceptSet>
      <org.openmrs.ConceptSet id="90" uuid="6f20423a-b7fe-4b5f-aef4-c0fe71d45a2a">
        <conceptSetId>11007</conceptSetId>
        <concept id="91" resolves-to="org.openmrs.Concept" uuid="162747AAAAAAAAAAAAAAAAAAAAAAAAAAAAAA">
          <conceptId>12888</conceptId>
          <retired>false</retired>
          <datatype id="92" resolves-to="org.openmrs.ConceptDatatype" uuid="8d4a48b6-c2cc-11de-8d13-0010c6dffd0f">
            <name>Coded</name>
            <description>Value determined by term dictionary lookup (i.e., term identifier)</description>
            <creator/>
            <dateCreated id="93">2004-02-02 05:00:00</dateCreated>
            <retired>false</retired>
            <conceptDatatypeId>2</conceptDatatypeId>
            <hl7Abbreviation>CWE</hl7Abbreviation>
          </datatype>
          <conceptClass id="94" resolves-to="org.openmrs.ConceptClass" uuid="8d491a9a-c2cc-11de-8d13-0010c6dffd0f">
            <name>Finding</name>
            <description>Practitioner observation/finding</description>
            <creator/>
            <dateCreated id="95">2015-07-01 17:25:50</dateCreated>
            <retired>false</retired>
            <conceptClassId>5</conceptClassId>
          </conceptClass>
          <set>false</set>
          <creator/>
          <dateCreated id="96">2014-12-03 19:57:13</dateCreated>
          <changedBy/>
          <dateChanged id="97">2020-05-12 21:01:17</dateChanged>
          <names class="set" id="98">
            <org.openmrs.ConceptName id="99" uuid="126602BBBBBBBBBBBBBBBBBBBBBBBBBBBBBB">
              <conceptNameId>43560</conceptNameId>
              <concept reference="91"/>
              <name>Co-morbid conditions</name>
              <locale id="100">en</locale>
              <creator/>
              <dateCreated id="101">2014-12-03 19:57:13</dateCreated>
              <voided>false</voided>
              <tags class="set" id="102"/>
              <conceptNameType>FULLY_SPECIFIED</conceptNameType>
              <localePreferred>true</localePreferred>
            </org.openmrs.ConceptName>
            <org.openmrs.ConceptName id="103" uuid="126601BBBBBBBBBBBBBBBBBBBBBBBBBBBBBB">
              <conceptNameId>43561</conceptNameId>
              <concept reference="91"/>
              <name>Comorbidities</name>
              <locale id="104">en</locale>
              <creator/>
              <dateCreated id="105">2014-12-03 19:57:13</dateCreated>
              <voided>false</voided>
              <tags class="set" id="106"/>
              <conceptNameType>SHORT</conceptNameType>
              <localePreferred>false</localePreferred>
            </org.openmrs.ConceptName>
          </names>
          <answers class="set" id="107"/>
          <conceptSets class="set" id="108"/>
          <descriptions class="set" id="109"/>
          <conceptMappings class="set" id="110">
            <org.openmrs.ConceptMap id="111" uuid="278182ABBBBBBBBBBBBBBBBBBBBBBBBBBBBB">
              <conceptMapType reference="66"/>
              <creator/>
              <dateCreated id="112">2014-12-03 19:57:13</dateCreated>
              <conceptMapId>34661</conceptMapId>
              <concept reference="91"/>
              <conceptReferenceTerm id="113" resolves-to="org.openmrs.ConceptReferenceTerm" uuid="f668d285-2899-3291-8544-62b1b61d07a8">
                <creator/>
                <dateCreated id="114">2014-12-03 00:00:00</dateCreated>
                <retired>false</retired>
                <conceptReferenceTermId>33312</conceptReferenceTermId>
                <conceptSource reference="71"/>
                <code>398192003</code>
                <conceptReferenceTermMaps id="115"/>
              </conceptReferenceTerm>
            </org.openmrs.ConceptMap>
            <org.openmrs.ConceptMap id="116" uuid="278183ABBBBBBBBBBBBBBBBBBBBBBBBBBBBB">
              <conceptMapType reference="66"/>
              <creator/>
              <dateCreated id="117">2014-12-03 19:57:22</dateCreated>
              <conceptMapId>34662</conceptMapId>
              <concept reference="91"/>
              <conceptReferenceTerm id="118" resolves-to="org.openmrs.ConceptReferenceTerm" uuid="0edc3bc3-33b0-3420-bf2e-2d875759be7a">
                <creator/>
                <dateCreated id="119">2014-12-03 00:00:00</dateCreated>
                <retired>false</retired>
                <conceptReferenceTermId>33313</conceptReferenceTermId>
                <conceptSource reference="85"/>
                <code>162747</code>
                <conceptReferenceTermMaps id="120"/>
              </conceptReferenceTerm>
            </org.openmrs.ConceptMap>
          </conceptMappings>
          <attributes id="121"/>
        </concept>
        <conceptSet reference="2"/>
        <sortWeight>2.0</sortWeight>
        <creator/>
        <dateCreated id="122">2020-05-12 20:06:20</dateCreated>
      </org.openmrs.ConceptSet>
      <org.openmrs.ConceptSet id="123" uuid="c28b1351-bd47-4a6d-9ca1-1c6f83b14412">
        <conceptSetId>11008</conceptSetId>
        <concept id="124" resolves-to="org.openmrs.Concept" uuid="162739AAAAAAAAAAAAAAAAAAAAAAAAAAAAAA">
          <conceptId>12891</conceptId>
          <retired>false</retired>
          <datatype reference="92"/>
          <conceptClass id="125" resolves-to="org.openmrs.ConceptClass" uuid="8d491e50-c2cc-11de-8d13-0010c6dffd0f">
            <name>Question</name>
            <description>Question (eg, patient history, SF36 items)</description>
            <creator/>
            <dateCreated id="126">2015-07-01 17:25:50</dateCreated>
            <retired>false</retired>
            <conceptClassId>7</conceptClassId>
          </conceptClass>
          <set>false</set>
          <creator/>
          <dateCreated id="127">2014-11-22 20:46:25</dateCreated>
          <changedBy/>
          <dateChanged id="128">2020-05-12 21:01:19</dateChanged>
          <names class="set" id="129">
            <org.openmrs.ConceptName id="130" uuid="126591BBBBBBBBBBBBBBBBBBBBBBBBBBBBBB">
              <conceptNameId>43565</conceptNameId>
              <concept reference="124"/>
              <name>Type of air supply to patient</name>
              <locale id="131">en</locale>
              <creator/>
              <dateCreated id="132">2014-11-22 20:46:25</dateCreated>
              <voided>false</voided>
              <tags class="set" id="133"/>
              <conceptNameType>FULLY_SPECIFIED</conceptNameType>
              <localePreferred>true</localePreferred>
            </org.openmrs.ConceptName>
          </names>
          <answers class="set" id="134">
            <org.openmrs.ConceptAnswer id="135" uuid="5203CCCCCCCCCCCCCCCCCCCCCCCCCCCCCCCC">
              <conceptAnswerId>11415</conceptAnswerId>
              <concept reference="124"/>
              <answerConcept id="136" resolves-to="org.openmrs.Concept" uuid="3cd6fac4-26fe-102b-80cb-0017a47871b2">
                <conceptId>1067</conceptId>
                <retired>false</retired>
                <datatype reference="3"/>
                <conceptClass id="137" resolves-to="org.openmrs.ConceptClass" uuid="8d492774-c2cc-11de-8d13-0010c6dffd0f">
                  <name>Misc</name>
                  <description>Terms which don&apos;t fit other categories</description>
                  <creator/>
                  <dateCreated id="138">2015-07-01 17:25:50</dateCreated>
                  <retired>false</retired>
                  <conceptClassId>11</conceptClassId>
                </conceptClass>
                <set>false</set>
                <creator/>
                <dateCreated id="139">2015-04-22 14:28:45</dateCreated>
                <changedBy/>
                <dateChanged id="140">2020-05-14 15:12:19</dateChanged>
                <names class="set" id="141">
                  <org.openmrs.ConceptName id="142" uuid="135594BBBBBBBBBBBBBBBBBBBBBBBBBBBBBB">
                    <conceptNameId>32113</conceptNameId>
                    <concept reference="136"/>
                    <name>Enkoni</name>
                    <locale id="143">ht</locale>
                    <creator/>
                    <dateCreated id="144">2016-02-20 10:13:35</dateCreated>
                    <voided>false</voided>
                    <tags class="set" id="145"/>
                    <conceptNameType>FULLY_SPECIFIED</conceptNameType>
                    <localePreferred>true</localePreferred>
                  </org.openmrs.ConceptName>
                  <org.openmrs.ConceptName id="146" uuid="0b8bde66-15f5-102d-96e4-000c29c2a5d7">
                    <conceptNameId>8177</conceptNameId>
                    <concept reference="136"/>
                    <name>DO NOT KNOW</name>
                    <locale id="147">en</locale>
                    <creator/>
                    <dateCreated id="148">2015-04-22 14:28:45</dateCreated>
                    <voided>false</voided>
                    <tags class="set" id="149"/>
                    <localePreferred>false</localePreferred>
                  </org.openmrs.ConceptName>
                  <org.openmrs.ConceptName id="150" uuid="1141BBBBBBBBBBBBBBBBBBBBBBBBBBBBBBBB">
                    <conceptNameId>29702</conceptNameId>
                    <concept reference="136"/>
                    <name>Ne sait pas</name>
                    <locale id="151">fr</locale>
                    <creator/>
                    <dateCreated id="152">2008-05-19 21:19:37</dateCreated>
                    <voided>false</voided>
                    <tags class="set" id="153"/>
                    <localePreferred>false</localePreferred>
                  </org.openmrs.ConceptName>
                  <org.openmrs.ConceptName id="154" uuid="110114BBBBBBBBBBBBBBBBBBBBBBBBBBBBBB">
                    <conceptNameId>29706</conceptNameId>
                    <concept reference="136"/>
                    <name>HAIJULIKANI</name>
                    <locale id="155">sw</locale>
                    <creator/>
                    <dateCreated id="156">2012-08-10 23:19:26</dateCreated>
                    <voided>false</voided>
                    <tags class="set" id="157"/>
                    <conceptNameType>FULLY_SPECIFIED</conceptNameType>
                    <localePreferred>true</localePreferred>
                  </org.openmrs.ConceptName>
                  <org.openmrs.ConceptName id="158" uuid="3e1518f8-26fe-102b-80cb-0017a47871b2">
                    <conceptNameId>8175</conceptNameId>
                    <concept reference="136"/>
                    <name>Unknown</name>
                    <locale id="159">en</locale>
                    <creator/>
                    <dateCreated id="160">2015-04-22 14:28:45</dateCreated>
                    <voided>false</voided>
                    <tags class="set" id="161"/>
                    <conceptNameType>FULLY_SPECIFIED</conceptNameType>
                    <localePreferred>true</localePreferred>
                  </org.openmrs.ConceptName>
                  <org.openmrs.ConceptName id="162" uuid="0b8bdd6c-15f5-102d-96e4-000c29c2a5d7">
                    <conceptNameId>8176</conceptNameId>
                    <concept reference="136"/>
                    <name>DON&apos;T KNOW</name>
                    <locale id="163">en</locale>
                    <creator/>
                    <dateCreated id="164">2015-04-22 14:28:45</dateCreated>
                    <voided>false</voided>
                    <tags class="set" id="165"/>
                    <localePreferred>false</localePreferred>
                  </org.openmrs.ConceptName>
                  <org.openmrs.ConceptName id="166" uuid="127334BBBBBBBBBBBBBBBBBBBBBBBBBBBBBB">
                    <conceptNameId>29707</conceptNameId>
                    <concept reference="136"/>
                    <name>জানিনা</name>
                    <locale id="167">bn</locale>
                    <creator/>
                    <dateCreated id="168">2015-04-24 21:19:36</dateCreated>
                    <voided>false</voided>
                    <tags class="set" id="169"/>
                    <conceptNameType>FULLY_SPECIFIED</conceptNameType>
                    <localePreferred>true</localePreferred>
                  </org.openmrs.ConceptName>
                  <org.openmrs.ConceptName id="170" uuid="139801BBBBBBBBBBBBBBBBBBBBBBBBBBBBBB">
                    <conceptNameId>32112</conceptNameId>
                    <concept reference="136"/>
                    <name>معلوم نہیں</name>
                    <locale id="171">ur</locale>
                    <creator/>
                    <dateCreated id="172">2016-08-16 11:46:02</dateCreated>
                    <voided>false</voided>
                    <tags class="set" id="173"/>
                    <conceptNameType>FULLY_SPECIFIED</conceptNameType>
                    <localePreferred>true</localePreferred>
                  </org.openmrs.ConceptName>
                  <org.openmrs.ConceptName id="174" uuid="0b8bdf56-15f5-102d-96e4-000c29c2a5d7">
                    <conceptNameId>8178</conceptNameId>
                    <concept reference="136"/>
                    <name>Inconnu</name>
                    <locale id="175">fr</locale>
                    <creator/>
                    <dateCreated id="176">2015-04-22 14:28:45</dateCreated>
                    <voided>false</voided>
                    <tags class="set" id="177"/>
                    <conceptNameType>FULLY_SPECIFIED</conceptNameType>
                    <localePreferred>true</localePreferred>
                  </org.openmrs.ConceptName>
                  <org.openmrs.ConceptName id="178" uuid="108336BBBBBBBBBBBBBBBBBBBBBBBBBBBBBB">
                    <conceptNameId>29705</conceptNameId>
                    <concept reference="136"/>
                    <name>Desconocida</name>
                    <locale id="179">es</locale>
                    <creator/>
                    <dateCreated id="180">2012-03-04 23:59:44</dateCreated>
                    <voided>false</voided>
                    <tags class="set" id="181"/>
                    <localePreferred>false</localePreferred>
                  </org.openmrs.ConceptName>
                  <org.openmrs.ConceptName id="182" uuid="111191BBBBBBBBBBBBBBBBBBBBBBBBBBBBBB">
                    <conceptNameId>29701</conceptNameId>
                    <concept reference="136"/>
                    <name>Не известно</name>
                    <locale id="183">ru</locale>
                    <creator/>
                    <dateCreated id="184">2013-01-27 06:36:57</dateCreated>
                    <voided>false</voided>
                    <tags class="set" id="185"/>
                    <conceptNameType>FULLY_SPECIFIED</conceptNameType>
                    <localePreferred>true</localePreferred>
                  </org.openmrs.ConceptName>
                  <org.openmrs.ConceptName id="186" uuid="108335BBBBBBBBBBBBBBBBBBBBBBBBBBBBBB">
                    <conceptNameId>29704</conceptNameId>
                    <concept reference="136"/>
                    <name>Desconocido</name>
                    <locale id="187">es</locale>
                    <creator/>
                    <dateCreated id="188">2012-03-04 23:59:44</dateCreated>
                    <voided>false</voided>
                    <tags class="set" id="189"/>
                    <conceptNameType>FULLY_SPECIFIED</conceptNameType>
                    <localePreferred>true</localePreferred>
                  </org.openmrs.ConceptName>
                  <org.openmrs.ConceptName id="190" uuid="106309BBBBBBBBBBBBBBBBBBBBBBBBBBBBBB">
                    <conceptNameId>29703</conceptNameId>
                    <concept reference="136"/>
                    <name>Ntabizi</name>
                    <locale id="191">rw</locale>
                    <creator/>
                    <dateCreated id="192">2010-06-21 23:12:14</dateCreated>
                    <voided>false</voided>
                    <tags class="set" id="193"/>
                    <conceptNameType>FULLY_SPECIFIED</conceptNameType>
                    <localePreferred>true</localePreferred>
                  </org.openmrs.ConceptName>
                </names>
                <answers class="set" id="194"/>
                <conceptSets class="set" id="195"/>
                <descriptions class="set" id="196">
                  <org.openmrs.ConceptDescription id="197" uuid="ece43b8e-07fe-102c-b5fa-0017a47871b2">
                    <conceptDescriptionId>1078</conceptDescriptionId>
                    <concept reference="136"/>
                    <description>Generic answer to a question.</description>
                    <locale id="198">en</locale>
                    <creator/>
                    <dateCreated id="199">2015-04-22 14:28:45</dateCreated>
                    <changedBy/>
                    <dateChanged id="200">2015-04-22 14:28:46</dateChanged>
                  </org.openmrs.ConceptDescription>
                  <org.openmrs.ConceptDescription id="201" uuid="18157FFFFFFFFFFFFFFFFFFFFFFFFFFFFFFF">
                    <conceptDescriptionId>7101</conceptDescriptionId>
                    <concept reference="136"/>
                    <description>کسی سوال کا عام جواب</description>
                    <locale id="202">ur</locale>
                    <creator/>
                    <dateCreated id="203">2016-08-16 11:46:41</dateCreated>
                  </org.openmrs.ConceptDescription>
                  <org.openmrs.ConceptDescription id="204" uuid="5a0076f0-1fc0-4c91-8d92-0541eab81216">
                    <conceptDescriptionId>4747</conceptDescriptionId>
                    <concept reference="136"/>
                    <description>réponse générique à la question</description>
                    <locale id="205">fr</locale>
                    <creator/>
                    <dateCreated id="206">2015-04-22 14:28:45</dateCreated>
                    <changedBy/>
                    <dateChanged id="207">2015-04-22 14:28:46</dateChanged>
                  </org.openmrs.ConceptDescription>
                  <org.openmrs.ConceptDescription id="208" uuid="1070FFFFFFFFFFFFFFFFFFFFFFFFFFFFFFFF">
                    <conceptDescriptionId>6866</conceptDescriptionId>
                    <concept reference="136"/>
                    <description>Generic answer to a question.</description>
                    <locale id="209">en</locale>
                    <creator/>
                    <dateCreated id="210">2005-01-06 05:00:00</dateCreated>
                    <dateChanged id="211">2015-04-24 21:19:36</dateChanged>
                  </org.openmrs.ConceptDescription>
                </descriptions>
                <conceptMappings class="set" id="212">
                  <org.openmrs.ConceptMap id="213" uuid="b20d1438-4864-102e-96e9-000c29c2a5d7">
                    <conceptMapType reference="66"/>
                    <creator/>
                    <changedBy/>
                    <dateCreated id="214">2015-04-22 14:28:45</dateCreated>
                    <dateChanged id="215">2015-04-22 14:28:46</dateChanged>
                    <conceptMapId>1069</conceptMapId>
                    <concept reference="136"/>
                    <conceptReferenceTerm id="216" resolves-to="org.openmrs.ConceptReferenceTerm" uuid="161a8ca4-26c9-3702-86ae-19762e7b7a86">
                      <creator/>
                      <dateCreated id="217">2010-11-23 00:00:00</dateCreated>
                      <retired>false</retired>
                      <conceptReferenceTermId>1069</conceptReferenceTermId>
                      <conceptSource id="218" resolves-to="org.openmrs.ConceptSource" uuid="fb9aaaf1-65e2-4c18-b53c-16b575f2f385">
                        <name>PIH</name>
                        <description>Partners In Health concept dictionary using concept ids and preferred English names</description>
                        <creator/>
                        <dateCreated id="219">2015-07-01 17:25:50</dateCreated>
                        <retired>false</retired>
                        <conceptSourceId>5</conceptSourceId>
                      </conceptSource>
                      <code>1067</code>
                      <conceptReferenceTermMaps id="220"/>
                    </conceptReferenceTerm>
                  </org.openmrs.ConceptMap>
                  <org.openmrs.ConceptMap id="221" uuid="fe4792ee-5b68-102e-96e9-000c29c2a5d7">
                    <conceptMapType reference="66"/>
                    <creator/>
                    <changedBy/>
                    <dateCreated id="222">2015-04-22 14:28:45</dateCreated>
                    <dateChanged id="223">2015-04-22 14:28:46</dateChanged>
                    <conceptMapId>11733</conceptMapId>
                    <concept reference="136"/>
                    <conceptReferenceTerm id="224" resolves-to="org.openmrs.ConceptReferenceTerm" uuid="7ea67a83-68e9-3f41-b394-280da1a6d50e">
                      <creator/>
                      <dateCreated id="225">2010-12-17 00:00:00</dateCreated>
                      <retired>false</retired>
                      <conceptReferenceTermId>11733</conceptReferenceTermId>
                      <conceptSource id="226" resolves-to="org.openmrs.ConceptSource" uuid="ddb6b595-0b85-4a80-9243-efe4ba404eef">
                        <name>org.openmrs.module.mdrtb</name>
                        <description>Concepts used with the MDR-TB module</description>
                        <creator/>
                        <dateCreated id="227">2015-07-01 17:25:50</dateCreated>
                        <retired>false</retired>
                        <conceptSourceId>4</conceptSourceId>
                      </conceptSource>
                      <code>UNKNOWN</code>
                      <conceptReferenceTermMaps id="228"/>
                    </conceptReferenceTerm>
                  </org.openmrs.ConceptMap>
                  <org.openmrs.ConceptMap id="229" uuid="48d452b4-2448-4b4a-ab17-5993cd2aa765">
                    <conceptMapType reference="66"/>
                    <creator/>
                    <changedBy/>
                    <dateCreated id="230">2015-04-22 14:28:45</dateCreated>
                    <dateChanged id="231">2015-04-22 14:28:46</dateChanged>
                    <conceptMapId>18126</conceptMapId>
                    <concept reference="136"/>
                    <conceptReferenceTerm id="232" resolves-to="org.openmrs.ConceptReferenceTerm" uuid="4b376e4b-e34d-47f8-9c73-a7240ec97927">
                      <creator/>
                      <dateCreated id="233">2013-05-14 22:18:07</dateCreated>
                      <retired>false</retired>
                      <conceptReferenceTermId>18085</conceptReferenceTermId>
                      <conceptSource reference="218"/>
                      <code>unknown</code>
                      <conceptReferenceTermMaps id="234"/>
                    </conceptReferenceTerm>
                  </org.openmrs.ConceptMap>
                  <org.openmrs.ConceptMap id="235" uuid="aef53e25-42b3-4e15-b072-773408c42fcf">
                    <conceptMapType reference="66"/>
                    <creator/>
                    <changedBy/>
                    <dateCreated id="236">2015-04-22 14:28:45</dateCreated>
                    <dateChanged id="237">2015-04-22 14:28:46</dateChanged>
                    <conceptMapId>20053</conceptMapId>
                    <concept reference="136"/>
                    <conceptReferenceTerm id="238" resolves-to="org.openmrs.ConceptReferenceTerm" uuid="a8eafffd-4944-46e7-bd9c-cfab794e30a9">
                      <creator/>
                      <dateCreated id="239">2013-09-26 19:38:23</dateCreated>
                      <retired>false</retired>
                      <conceptReferenceTermId>19926</conceptReferenceTermId>
                      <conceptSource id="240" resolves-to="org.openmrs.ConceptSource" uuid="edd52713-8887-47b7-ba9e-6e1148824ca4">
                        <name>org.openmrs.module.emrapi</name>
                        <description>Source used to tag concepts used in the emr-api module</description>
                        <creator/>
                        <dateCreated id="241">2015-07-01 17:25:50</dateCreated>
                        <retired>false</retired>
                        <conceptSourceId>31</conceptSourceId>
                      </conceptSource>
                      <code>Unknown Cause of Death</code>
                      <conceptReferenceTermMaps id="242"/>
                    </conceptReferenceTerm>
                  </org.openmrs.ConceptMap>
                  <org.openmrs.ConceptMap id="243" uuid="133842ABBBBBBBBBBBBBBBBBBBBBBBBBBBBB">
                    <conceptMapType reference="66"/>
                    <creator/>
                    <dateCreated id="244">2010-10-01 23:14:01</dateCreated>
                    <conceptMapId>25514</conceptMapId>
                    <concept reference="136"/>
                    <conceptReferenceTerm id="245" resolves-to="org.openmrs.ConceptReferenceTerm" uuid="2d7618d4-61c6-3389-bd89-5d1c0025cca8">
                      <creator/>
                      <dateCreated id="246">2010-10-01 04:00:00</dateCreated>
                      <retired>false</retired>
                      <conceptReferenceTermId>24856</conceptReferenceTermId>
                      <conceptSource reference="71"/>
                      <code>261665006</code>
                      <conceptReferenceTermMaps id="247"/>
                    </conceptReferenceTerm>
                  </org.openmrs.ConceptMap>
                  <org.openmrs.ConceptMap id="248" uuid="fcfd290c-3fae-46c3-8310-d9858f1ca9da">
                    <conceptMapType reference="66"/>
                    <creator/>
                    <dateCreated id="249">2017-03-04 21:46:26</dateCreated>
                    <conceptMapId>27086</conceptMapId>
                    <concept reference="136"/>
                    <conceptReferenceTerm id="250" resolves-to="org.openmrs.ConceptReferenceTerm" uuid="a10dc73e-f982-4e58-9a45-9285850c3937">
                      <creator/>
                      <dateCreated id="251">2017-03-04 21:44:41</dateCreated>
                      <retired>false</retired>
                      <conceptReferenceTermId>26243</conceptReferenceTermId>
                      <conceptSource reference="85"/>
                      <code>1067</code>
                      <conceptReferenceTermMaps id="252"/>
                    </conceptReferenceTerm>
                  </org.openmrs.ConceptMap>
                  <org.openmrs.ConceptMap id="253" uuid="134739ABBBBBBBBBBBBBBBBBBBBBBBBBBBBB">
                    <conceptMapType reference="66"/>
                    <creator/>
                    <dateCreated id="254">2010-10-24 17:09:59</dateCreated>
                    <conceptMapId>27573</conceptMapId>
                    <concept reference="136"/>
                    <conceptReferenceTerm id="255" resolves-to="org.openmrs.ConceptReferenceTerm" uuid="86e0b01a-cf11-334f-901f-ae1cea9ae9bf">
                      <creator/>
                      <dateCreated id="256">2010-10-24 04:00:00</dateCreated>
                      <retired>false</retired>
                      <conceptReferenceTermId>26892</conceptReferenceTermId>
                      <conceptSource id="257" resolves-to="org.openmrs.ConceptSource" uuid="13ADDDDDDDDDDDDDDDDDDDDDDDDDDDDDDDDD">
                        <name>AMPATH</name>
                        <description>AMPATH concept dictionary</description>
                        <creator/>
                        <dateCreated id="258">2015-07-01 17:25:50</dateCreated>
                        <retired>false</retired>
                        <conceptSourceId>10</conceptSourceId>
                      </conceptSource>
                      <code>1067</code>
                      <conceptReferenceTermMaps id="259"/>
                    </conceptReferenceTerm>
                  </org.openmrs.ConceptMap>
                </conceptMappings>
                <attributes id="260"/>
              </answerConcept>
              <creator/>
              <dateCreated id="261">2014-11-22 20:46:25</dateCreated>
              <sortWeight>5203.0</sortWeight>
            </org.openmrs.ConceptAnswer>
            <org.openmrs.ConceptAnswer id="262" uuid="5205CCCCCCCCCCCCCCCCCCCCCCCCCCCCCCCC">
              <conceptAnswerId>11416</conceptAnswerId>
              <concept reference="124"/>
              <answerConcept id="263" resolves-to="org.openmrs.Concept" uuid="162735AAAAAAAAAAAAAAAAAAAAAAAAAAAAAA">
                <conceptId>12889</conceptId>
                <retired>false</retired>
                <datatype reference="3"/>
                <conceptClass reference="137"/>
                <set>false</set>
                <creator/>
                <dateCreated id="264">2014-11-22 03:07:28</dateCreated>
                <changedBy/>
                <dateChanged id="265">2020-05-12 21:01:19</dateChanged>
                <names class="set" id="266">
                  <org.openmrs.ConceptName id="267" uuid="126586BBBBBBBBBBBBBBBBBBBBBBBBBBBBBB">
                    <conceptNameId>43562</conceptNameId>
                    <concept reference="263"/>
                    <name>Room air</name>
                    <locale id="268">en</locale>
                    <creator/>
                    <dateCreated id="269">2014-11-22 03:07:28</dateCreated>
                    <voided>false</voided>
                    <tags class="set" id="270"/>
                    <conceptNameType>FULLY_SPECIFIED</conceptNameType>
                    <localePreferred>true</localePreferred>
                  </org.openmrs.ConceptName>
                </names>
                <answers class="set" id="271"/>
                <conceptSets class="set" id="272"/>
                <descriptions class="set" id="273"/>
                <conceptMappings class="set" id="274">
                  <org.openmrs.ConceptMap id="275" uuid="278160ABBBBBBBBBBBBBBBBBBBBBBBBBBBBB">
                    <conceptMapType reference="66"/>
                    <creator/>
                    <dateCreated id="276">2014-11-22 03:07:42</dateCreated>
                    <conceptMapId>34663</conceptMapId>
                    <concept reference="263"/>
                    <conceptReferenceTerm id="277" resolves-to="org.openmrs.ConceptReferenceTerm" uuid="eafe8c14-7d56-320d-8a3c-5368f4085336">
                      <creator/>
                      <dateCreated id="278">2014-11-22 00:00:00</dateCreated>
                      <retired>false</retired>
                      <conceptReferenceTermId>33314</conceptReferenceTermId>
                      <conceptSource reference="85"/>
                      <code>162735</code>
                      <conceptReferenceTermMaps id="279"/>
                    </conceptReferenceTerm>
                  </org.openmrs.ConceptMap>
                  <org.openmrs.ConceptMap id="280" uuid="278159ABBBBBBBBBBBBBBBBBBBBBBBBBBBBB">
                    <conceptMapType id="281" resolves-to="org.openmrs.ConceptMapType" uuid="43ac5109-7d8c-11e1-909d-c80aa9edcf4e">
                      <name>NARROWER-THAN</name>
                      <creator/>
                      <dateCreated id="282">2012-06-21 00:00:00</dateCreated>
                      <retired>false</retired>
                      <conceptMapTypeId>2</conceptMapTypeId>
                      <isHidden>false</isHidden>
                    </conceptMapType>
                    <creator/>
                    <dateCreated id="283">2014-11-22 03:07:28</dateCreated>
                    <conceptMapId>34664</conceptMapId>
                    <concept reference="263"/>
                    <conceptReferenceTerm id="284" resolves-to="org.openmrs.ConceptReferenceTerm" uuid="e5792d21-a4c2-3203-8ff5-91159f892ef4">
                      <creator/>
                      <dateCreated id="285">2014-11-22 00:00:00</dateCreated>
                      <retired>false</retired>
                      <conceptReferenceTermId>33315</conceptReferenceTermId>
                      <conceptSource id="286" resolves-to="org.openmrs.ConceptSource" uuid="2ADDDDDDDDDDDDDDDDDDDDDDDDDDDDDDDDDD">
                        <name>SNOMED NP</name>
                        <description>Non-preferred SNOMED CT mappings</description>
                        <creator/>
                        <dateCreated id="287">2015-07-01 17:25:50</dateCreated>
                        <retired>false</retired>
                        <conceptSourceId>8</conceptSourceId>
                      </conceptSource>
                      <code>15158005</code>
                      <conceptReferenceTermMaps id="288"/>
                    </conceptReferenceTerm>
                  </org.openmrs.ConceptMap>
                </conceptMappings>
                <attributes id="289"/>
              </answerConcept>
              <creator/>
              <dateCreated id="290">2014-11-22 20:46:25</dateCreated>
              <sortWeight>5205.0</sortWeight>
            </org.openmrs.ConceptAnswer>
            <org.openmrs.ConceptAnswer id="291" uuid="5204CCCCCCCCCCCCCCCCCCCCCCCCCCCCCCCC">
              <conceptAnswerId>11417</conceptAnswerId>
              <concept reference="124"/>
              <answerConcept id="292" resolves-to="org.openmrs.Concept" uuid="162738AAAAAAAAAAAAAAAAAAAAAAAAAAAAAA">
                <conceptId>12890</conceptId>
                <retired>false</retired>
                <datatype reference="3"/>
                <conceptClass reference="27"/>
                <set>false</set>
                <creator/>
                <dateCreated id="293">2014-11-22 20:43:33</dateCreated>
                <changedBy/>
                <dateChanged id="294">2020-05-12 21:01:19</dateChanged>
                <names class="set" id="295">
                  <org.openmrs.ConceptName id="296" uuid="126590BBBBBBBBBBBBBBBBBBBBBBBBBBBBBB">
                    <conceptNameId>43563</conceptNameId>
                    <concept reference="292"/>
                    <name>O2 therapy</name>
                    <locale id="297">en</locale>
                    <creator/>
                    <dateCreated id="298">2014-11-22 20:43:33</dateCreated>
                    <voided>false</voided>
                    <tags class="set" id="299"/>
                    <conceptNameType>SHORT</conceptNameType>
                    <localePreferred>false</localePreferred>
                  </org.openmrs.ConceptName>
                  <org.openmrs.ConceptName id="300" uuid="126589BBBBBBBBBBBBBBBBBBBBBBBBBBBBBB">
                    <conceptNameId>43564</conceptNameId>
                    <concept reference="292"/>
                    <name>Supplemental oxygen therapy</name>
                    <locale id="301">en</locale>
                    <creator/>
                    <dateCreated id="302">2014-11-22 20:43:33</dateCreated>
                    <voided>false</voided>
                    <tags class="set" id="303"/>
                    <conceptNameType>FULLY_SPECIFIED</conceptNameType>
                    <localePreferred>true</localePreferred>
                  </org.openmrs.ConceptName>
                </names>
                <answers class="set" id="304"/>
                <conceptSets class="set" id="305"/>
                <descriptions class="set" id="306"/>
                <conceptMappings class="set" id="307">
                  <org.openmrs.ConceptMap id="308" uuid="278165ABBBBBBBBBBBBBBBBBBBBBBBBBBBBB">
                    <conceptMapType reference="66"/>
                    <creator/>
                    <dateCreated id="309">2014-11-22 20:43:33</dateCreated>
                    <conceptMapId>34665</conceptMapId>
                    <concept reference="292"/>
                    <conceptReferenceTerm id="310" resolves-to="org.openmrs.ConceptReferenceTerm" uuid="91bd5749-3333-3e94-bc1e-28626e0e9168">
                      <creator/>
                      <dateCreated id="311">2014-11-22 00:00:00</dateCreated>
                      <retired>false</retired>
                      <conceptReferenceTermId>33316</conceptReferenceTermId>
                      <conceptSource reference="71"/>
                      <code>57485005</code>
                      <conceptReferenceTermMaps id="312"/>
                    </conceptReferenceTerm>
                  </org.openmrs.ConceptMap>
                  <org.openmrs.ConceptMap id="313" uuid="278166ABBBBBBBBBBBBBBBBBBBBBBBBBBBBB">
                    <conceptMapType reference="66"/>
                    <creator/>
                    <dateCreated id="314">2014-11-22 20:43:41</dateCreated>
                    <conceptMapId>34666</conceptMapId>
                    <concept reference="292"/>
                    <conceptReferenceTerm id="315" resolves-to="org.openmrs.ConceptReferenceTerm" uuid="203054d9-1a6e-30cc-9dbd-94baad85afb7">
                      <creator/>
                      <dateCreated id="316">2014-11-22 00:00:00</dateCreated>
                      <retired>false</retired>
                      <conceptReferenceTermId>33317</conceptReferenceTermId>
                      <conceptSource reference="85"/>
                      <code>162738</code>
                      <conceptReferenceTermMaps id="317"/>
                    </conceptReferenceTerm>
                  </org.openmrs.ConceptMap>
                </conceptMappings>
                <attributes id="318"/>
              </answerConcept>
              <creator/>
              <dateCreated id="319">2014-11-22 20:46:25</dateCreated>
              <sortWeight>5204.0</sortWeight>
            </org.openmrs.ConceptAnswer>
          </answers>
          <conceptSets class="set" id="320"/>
          <descriptions class="set" id="321"/>
          <conceptMappings class="set" id="322">
            <org.openmrs.ConceptMap id="323" uuid="278168ABBBBBBBBBBBBBBBBBBBBBBBBBBBBB">
              <conceptMapType reference="66"/>
              <creator/>
              <dateCreated id="324">2014-11-22 20:46:34</dateCreated>
              <conceptMapId>34667</conceptMapId>
              <concept reference="124"/>
              <conceptReferenceTerm id="325" resolves-to="org.openmrs.ConceptReferenceTerm" uuid="54ebe013-4bcb-38e9-97f3-877b8547d6af">
                <creator/>
                <dateCreated id="326">2014-11-22 00:00:00</dateCreated>
                <retired>false</retired>
                <conceptReferenceTermId>33318</conceptReferenceTermId>
                <conceptSource reference="85"/>
                <code>162739</code>
                <conceptReferenceTermMaps id="327"/>
              </conceptReferenceTerm>
            </org.openmrs.ConceptMap>
            <org.openmrs.ConceptMap id="328" uuid="278167ABBBBBBBBBBBBBBBBBBBBBBBBBBBBB">
              <conceptMapType reference="281"/>
              <creator/>
              <dateCreated id="329">2014-11-22 20:46:25</dateCreated>
              <conceptMapId>34668</conceptMapId>
              <concept reference="124"/>
              <conceptReferenceTerm id="330" resolves-to="org.openmrs.ConceptReferenceTerm" uuid="6fb0e831-8ae1-32bb-af51-31f348295fdb">
                <creator/>
                <dateCreated id="331">2014-11-22 00:00:00</dateCreated>
                <retired>false</retired>
                <conceptReferenceTermId>33319</conceptReferenceTermId>
                <conceptSource reference="286"/>
                <code>106048009</code>
                <conceptReferenceTermMaps id="332"/>
              </conceptReferenceTerm>
            </org.openmrs.ConceptMap>
          </conceptMappings>
          <attributes id="333"/>
        </concept>
        <conceptSet reference="2"/>
        <sortWeight>1.0</sortWeight>
        <creator/>
        <dateCreated id="334">2020-05-12 18:15:57</dateCreated>
      </org.openmrs.ConceptSet>
      <org.openmrs.ConceptSet id="335" uuid="12bcce57-9e06-4cfd-a3fc-e04d48ba1007">
        <conceptSetId>11012</conceptSetId>
        <concept id="336" resolves-to="org.openmrs.Concept" uuid="162633AAAAAAAAAAAAAAAAAAAAAAAAAAAAAA">
          <conceptId>12895</conceptId>
          <retired>false</retired>
          <datatype reference="92"/>
          <conceptClass reference="125"/>
          <set>false</set>
          <creator/>
          <dateCreated id="337">2014-10-18 01:27:21</dateCreated>
          <changedBy/>
          <dateChanged id="338">2020-05-14 15:12:15</dateChanged>
          <names class="set" id="339">
            <org.openmrs.ConceptName id="340" uuid="126431BBBBBBBBBBBBBBBBBBBBBBBBBBBBBB">
              <conceptNameId>43578</conceptNameId>
              <concept reference="336"/>
              <name>Patient is contact of known or suspected infectious case</name>
              <locale id="341">en</locale>
              <creator/>
              <dateCreated id="342">2014-10-18 01:27:21</dateCreated>
              <voided>false</voided>
              <tags class="set" id="343"/>
              <conceptNameType>FULLY_SPECIFIED</conceptNameType>
              <localePreferred>true</localePreferred>
            </org.openmrs.ConceptName>
            <org.openmrs.ConceptName id="344" uuid="126430BBBBBBBBBBBBBBBBBBBBBBBBBBBBBB">
              <conceptNameId>43579</conceptNameId>
              <concept reference="336"/>
              <name>Potential case contact</name>
              <locale id="345">en</locale>
              <creator/>
              <dateCreated id="346">2014-10-18 01:27:21</dateCreated>
              <voided>false</voided>
              <tags class="set" id="347"/>
              <localePreferred>false</localePreferred>
            </org.openmrs.ConceptName>
          </names>
          <answers class="set" id="348">
            <org.openmrs.ConceptAnswer id="349" uuid="5058CCCCCCCCCCCCCCCCCCCCCCCCCCCCCCCC">
              <conceptAnswerId>11425</conceptAnswerId>
              <concept reference="336"/>
              <answerConcept id="350" resolves-to="org.openmrs.Concept" uuid="3cd6f600-26fe-102b-80cb-0017a47871b2">
                <conceptId>1065</conceptId>
                <retired>false</retired>
                <datatype reference="3"/>
                <conceptClass reference="137"/>
                <set>false</set>
                <creator/>
                <dateCreated id="351">2015-04-22 14:28:44</dateCreated>
                <changedBy/>
                <dateChanged id="352">2020-05-14 15:12:19</dateChanged>
                <names class="set" id="353">
                  <org.openmrs.ConceptName id="354" uuid="127332BBBBBBBBBBBBBBBBBBBBBBBBBBBBBB">
                    <conceptNameId>29699</conceptNameId>
                    <concept reference="350"/>
                    <name>হ্যাঁ</name>
                    <locale id="355">bn</locale>
                    <creator/>
                    <dateCreated id="356">2015-04-24 21:17:40</dateCreated>
                    <voided>false</voided>
                    <tags class="set" id="357"/>
                    <conceptNameType>FULLY_SPECIFIED</conceptNameType>
                    <localePreferred>true</localePreferred>
                  </org.openmrs.ConceptName>
                  <org.openmrs.ConceptName id="358" uuid="126316BBBBBBBBBBBBBBBBBBBBBBBBBBBBBB">
                    <conceptNameId>29696</conceptNameId>
                    <concept reference="350"/>
                    <name>Sì</name>
                    <locale id="359">it</locale>
                    <creator/>
                    <dateCreated id="360">2014-10-07 22:39:17</dateCreated>
                    <voided>false</voided>
                    <tags class="set" id="361"/>
                    <conceptNameType>FULLY_SPECIFIED</conceptNameType>
                    <localePreferred>true</localePreferred>
                  </org.openmrs.ConceptName>
                  <org.openmrs.ConceptName id="362" uuid="106307BBBBBBBBBBBBBBBBBBBBBBBBBBBBBB">
                    <conceptNameId>29693</conceptNameId>
                    <concept reference="350"/>
                    <name>Yego</name>
                    <locale id="363">rw</locale>
                    <creator/>
                    <dateCreated id="364">2010-06-21 23:11:26</dateCreated>
                    <voided>false</voided>
                    <tags class="set" id="365"/>
                    <conceptNameType>FULLY_SPECIFIED</conceptNameType>
                    <localePreferred>true</localePreferred>
                  </org.openmrs.ConceptName>
                  <org.openmrs.ConceptName id="366" uuid="126313BBBBBBBBBBBBBBBBBBBBBBBBBBBBBB">
                    <conceptNameId>29692</conceptNameId>
                    <concept reference="350"/>
                    <name>True</name>
                    <locale id="367">en</locale>
                    <creator/>
                    <dateCreated id="368">2014-10-07 22:36:00</dateCreated>
                    <voided>false</voided>
                    <tags class="set" id="369"/>
                    <localePreferred>false</localePreferred>
                  </org.openmrs.ConceptName>
                  <org.openmrs.ConceptName id="370" uuid="3e15161e-26fe-102b-80cb-0017a47871b2">
                    <conceptNameId>1102</conceptNameId>
                    <concept reference="350"/>
                    <name>Yes</name>
                    <locale id="371">en</locale>
                    <creator/>
                    <dateCreated id="372">2015-04-22 14:28:44</dateCreated>
                    <voided>false</voided>
                    <tags class="set" id="373"/>
                    <conceptNameType>FULLY_SPECIFIED</conceptNameType>
                    <localePreferred>true</localePreferred>
                  </org.openmrs.ConceptName>
                  <org.openmrs.ConceptName id="374" uuid="137332BBBBBBBBBBBBBBBBBBBBBBBBBBBBBB">
                    <conceptNameId>32263</conceptNameId>
                    <concept reference="350"/>
                    <name>Vre</name>
                    <locale id="375">ht</locale>
                    <creator/>
                    <dateCreated id="376">2016-07-10 05:47:58</dateCreated>
                    <voided>false</voided>
                    <tags class="set" id="377"/>
                    <localePreferred>false</localePreferred>
                  </org.openmrs.ConceptName>
                  <org.openmrs.ConceptName id="378" uuid="126317BBBBBBBBBBBBBBBBBBBBBBBBBBBBBB">
                    <conceptNameId>29698</conceptNameId>
                    <concept reference="350"/>
                    <name>Vero</name>
                    <locale id="379">it</locale>
                    <creator/>
                    <dateCreated id="380">2014-10-07 22:39:17</dateCreated>
                    <voided>false</voided>
                    <tags class="set" id="381"/>
                    <localePreferred>false</localePreferred>
                  </org.openmrs.ConceptName>
                  <org.openmrs.ConceptName id="382" uuid="108333BBBBBBBBBBBBBBBBBBBBBBBBBBBBBB">
                    <conceptNameId>29700</conceptNameId>
                    <concept reference="350"/>
                    <name>Sí</name>
                    <locale id="383">es</locale>
                    <creator/>
                    <dateCreated id="384">2012-03-04 23:58:29</dateCreated>
                    <voided>false</voided>
                    <tags class="set" id="385"/>
                    <conceptNameType>FULLY_SPECIFIED</conceptNameType>
                    <localePreferred>true</localePreferred>
                  </org.openmrs.ConceptName>
                  <org.openmrs.ConceptName id="386" uuid="126314BBBBBBBBBBBBBBBBBBBBBBBBBBBBBB">
                    <conceptNameId>29695</conceptNameId>
                    <concept reference="350"/>
                    <name>Vrai</name>
                    <locale id="387">fr</locale>
                    <creator/>
                    <dateCreated id="388">2014-10-07 22:39:17</dateCreated>
                    <voided>false</voided>
                    <tags class="set" id="389"/>
                    <localePreferred>false</localePreferred>
                  </org.openmrs.ConceptName>
                  <org.openmrs.ConceptName id="390" uuid="111198BBBBBBBBBBBBBBBBBBBBBBBBBBBBBB">
                    <conceptNameId>29697</conceptNameId>
                    <concept reference="350"/>
                    <name>Да</name>
                    <locale id="391">ru</locale>
                    <creator/>
                    <dateCreated id="392">2013-01-27 06:41:22</dateCreated>
                    <voided>false</voided>
                    <tags class="set" id="393"/>
                    <conceptNameType>FULLY_SPECIFIED</conceptNameType>
                    <localePreferred>true</localePreferred>
                  </org.openmrs.ConceptName>
                  <org.openmrs.ConceptName id="394" uuid="0b931af0-15f5-102d-96e4-000c29c2a5d7">
                    <conceptNameId>9147</conceptNameId>
                    <concept reference="350"/>
                    <name>Oui</name>
                    <locale id="395">fr</locale>
                    <creator/>
                    <dateCreated id="396">2015-04-22 14:28:44</dateCreated>
                    <voided>false</voided>
                    <tags class="set" id="397"/>
                    <conceptNameType>FULLY_SPECIFIED</conceptNameType>
                    <localePreferred>true</localePreferred>
                  </org.openmrs.ConceptName>
                  <org.openmrs.ConceptName id="398" uuid="126315BBBBBBBBBBBBBBBBBBBBBBBBBBBBBB">
                    <conceptNameId>29691</conceptNameId>
                    <concept reference="350"/>
                    <name>Verdadero</name>
                    <locale id="399">es</locale>
                    <creator/>
                    <dateCreated id="400">2014-10-07 22:39:17</dateCreated>
                    <voided>false</voided>
                    <tags class="set" id="401"/>
                    <localePreferred>false</localePreferred>
                  </org.openmrs.ConceptName>
                  <org.openmrs.ConceptName id="402" uuid="126318BBBBBBBBBBBBBBBBBBBBBBBBBBBBBB">
                    <conceptNameId>29689</conceptNameId>
                    <concept reference="350"/>
                    <name>Sim</name>
                    <locale id="403">pt</locale>
                    <creator/>
                    <dateCreated id="404">2014-10-07 22:39:17</dateCreated>
                    <voided>false</voided>
                    <tags class="set" id="405"/>
                    <conceptNameType>FULLY_SPECIFIED</conceptNameType>
                    <localePreferred>true</localePreferred>
                  </org.openmrs.ConceptName>
                  <org.openmrs.ConceptName id="406" uuid="139802BBBBBBBBBBBBBBBBBBBBBBBBBBBBBB">
                    <conceptNameId>32264</conceptNameId>
                    <concept reference="350"/>
                    <name>ہاں</name>
                    <locale id="407">ur</locale>
                    <creator/>
                    <dateCreated id="408">2016-08-16 11:47:47</dateCreated>
                    <voided>false</voided>
                    <tags class="set" id="409"/>
                    <conceptNameType>FULLY_SPECIFIED</conceptNameType>
                    <localePreferred>true</localePreferred>
                  </org.openmrs.ConceptName>
                  <org.openmrs.ConceptName id="410" uuid="541f1720-0abe-49dd-b4f6-7de87ce05917">
                    <conceptNameId>17941</conceptNameId>
                    <concept reference="350"/>
                    <name>Wi</name>
                    <locale id="411">ht</locale>
                    <creator/>
                    <dateCreated id="412">2015-04-22 14:28:44</dateCreated>
                    <voided>false</voided>
                    <tags class="set" id="413"/>
                    <conceptNameType>FULLY_SPECIFIED</conceptNameType>
                    <localePreferred>true</localePreferred>
                  </org.openmrs.ConceptName>
                  <org.openmrs.ConceptName id="414" uuid="126319BBBBBBBBBBBBBBBBBBBBBBBBBBBBBB">
                    <conceptNameId>29694</conceptNameId>
                    <concept reference="350"/>
                    <name>Verdadeiro</name>
                    <locale id="415">pt</locale>
                    <creator/>
                    <dateCreated id="416">2014-10-07 22:39:17</dateCreated>
                    <voided>false</voided>
                    <tags class="set" id="417"/>
                    <localePreferred>false</localePreferred>
                  </org.openmrs.ConceptName>
                  <org.openmrs.ConceptName id="418" uuid="106919BBBBBBBBBBBBBBBBBBBBBBBBBBBBBB">
                    <conceptNameId>29690</conceptNameId>
                    <concept reference="350"/>
                    <name>እወ</name>
                    <locale id="419">ti</locale>
                    <creator/>
                    <dateCreated id="420">2010-10-24 20:04:37</dateCreated>
                    <voided>false</voided>
                    <tags class="set" id="421"/>
                    <conceptNameType>FULLY_SPECIFIED</conceptNameType>
                    <localePreferred>true</localePreferred>
                  </org.openmrs.ConceptName>
                </names>
                <answers class="set" id="422"/>
                <conceptSets class="set" id="423"/>
                <descriptions class="set" id="424">
                  <org.openmrs.ConceptDescription id="425" uuid="1068FFFFFFFFFFFFFFFFFFFFFFFFFFFFFFFF">
                    <conceptDescriptionId>6865</conceptDescriptionId>
                    <concept reference="350"/>
                    <description>Generic answer to a question.</description>
                    <locale id="426">en</locale>
                    <creator/>
                    <dateCreated id="427">2005-01-06 05:00:00</dateCreated>
                    <dateChanged id="428">2015-04-24 21:17:40</dateChanged>
                  </org.openmrs.ConceptDescription>
                  <org.openmrs.ConceptDescription id="429" uuid="ece437ba-07fe-102c-b5fa-0017a47871b2">
                    <conceptDescriptionId>1076</conceptDescriptionId>
                    <concept reference="350"/>
                    <description>Generic answer to a question.</description>
                    <locale id="430">en</locale>
                    <creator/>
                    <dateCreated id="431">2015-04-22 14:28:44</dateCreated>
                    <changedBy/>
                    <dateChanged id="432">2015-04-22 14:28:44</dateChanged>
                  </org.openmrs.ConceptDescription>
                  <org.openmrs.ConceptDescription id="433" uuid="18158FFFFFFFFFFFFFFFFFFFFFFFFFFFFFFF">
                    <conceptDescriptionId>7125</conceptDescriptionId>
                    <concept reference="350"/>
                    <description>کسی سوال کا عام جواب</description>
                    <locale id="434">ur</locale>
                    <creator/>
                    <dateCreated id="435">2016-08-16 11:47:47</dateCreated>
                  </org.openmrs.ConceptDescription>
                </descriptions>
                <conceptMappings class="set" id="436">
                  <org.openmrs.ConceptMap id="437" uuid="b20d114a-4864-102e-96e9-000c29c2a5d7">
                    <conceptMapType reference="66"/>
                    <creator/>
                    <changedBy/>
                    <dateCreated id="438">2015-04-22 14:28:44</dateCreated>
                    <dateChanged id="439">2015-04-22 14:28:44</dateChanged>
                    <conceptMapId>1067</conceptMapId>
                    <concept reference="350"/>
                    <conceptReferenceTerm id="440" resolves-to="org.openmrs.ConceptReferenceTerm" uuid="bbb5c16f-f127-32a4-97d5-7d7bed12bfd4">
                      <creator/>
                      <dateCreated id="441">2010-11-23 00:00:00</dateCreated>
                      <retired>false</retired>
                      <conceptReferenceTermId>1067</conceptReferenceTermId>
                      <conceptSource reference="218"/>
                      <code>1065</code>
                      <conceptReferenceTermMaps id="442"/>
                    </conceptReferenceTerm>
                  </org.openmrs.ConceptMap>
                  <org.openmrs.ConceptMap id="443" uuid="133840ABBBBBBBBBBBBBBBBBBBBBBBBBBBBB">
                    <conceptMapType reference="66"/>
                    <creator/>
                    <dateCreated id="444">2010-10-01 23:11:47</dateCreated>
                    <conceptMapId>25513</conceptMapId>
                    <concept reference="350"/>
                    <conceptReferenceTerm id="445" resolves-to="org.openmrs.ConceptReferenceTerm" uuid="d2d5f591-c1b5-308e-bbbb-2fb6dee0d2b2">
                      <creator/>
                      <dateCreated id="446">2010-10-01 04:00:00</dateCreated>
                      <retired>false</retired>
                      <conceptReferenceTermId>24855</conceptReferenceTermId>
                      <conceptSource reference="71"/>
                      <code>373066001</code>
                      <conceptReferenceTermMaps id="447"/>
                    </conceptReferenceTerm>
                  </org.openmrs.ConceptMap>
                  <org.openmrs.ConceptMap id="448" uuid="7568887a-4943-102e-96e9-000c29c2a5d7">
                    <conceptMapType reference="66"/>
                    <creator/>
                    <changedBy/>
                    <dateCreated id="449">2015-04-22 14:28:44</dateCreated>
                    <dateChanged id="450">2015-04-22 14:28:44</dateChanged>
                    <conceptMapId>6958</conceptMapId>
                    <concept reference="350"/>
                    <conceptReferenceTerm id="451" resolves-to="org.openmrs.ConceptReferenceTerm" uuid="43c590f7-f85f-376f-9083-d189b74ed37c">
                      <creator/>
                      <dateCreated id="452">2010-11-24 00:00:00</dateCreated>
                      <retired>false</retired>
                      <conceptReferenceTermId>6958</conceptReferenceTermId>
                      <conceptSource reference="218"/>
                      <code>YES</code>
                      <conceptReferenceTermMaps id="453"/>
                    </conceptReferenceTerm>
                  </org.openmrs.ConceptMap>
                  <org.openmrs.ConceptMap id="454" uuid="4c5c3b67-8cc9-4d59-9b8e-8c910e44d8a3">
                    <conceptMapType reference="66"/>
                    <creator/>
                    <dateCreated id="455">2017-03-04 21:45:04</dateCreated>
                    <conceptMapId>27084</conceptMapId>
                    <concept reference="350"/>
                    <conceptReferenceTerm id="456" resolves-to="org.openmrs.ConceptReferenceTerm" uuid="7df22b69-9a03-49e8-aa0a-063e61e1f9a5">
                      <creator/>
                      <dateCreated id="457">2017-03-04 21:44:26</dateCreated>
                      <retired>false</retired>
                      <conceptReferenceTermId>26241</conceptReferenceTermId>
                      <conceptSource reference="85"/>
                      <code>1065</code>
                      <conceptReferenceTermMaps id="458"/>
                    </conceptReferenceTerm>
                  </org.openmrs.ConceptMap>
                  <org.openmrs.ConceptMap id="459" uuid="144378ABBBBBBBBBBBBBBBBBBBBBBBBBBBBB">
                    <conceptMapType reference="66"/>
                    <creator/>
                    <dateCreated id="460">2012-06-03 21:56:11</dateCreated>
                    <conceptMapId>27570</conceptMapId>
                    <concept reference="350"/>
                    <conceptReferenceTerm id="461" resolves-to="org.openmrs.ConceptReferenceTerm" uuid="0a25554e-8e73-3431-a111-837291cbc771">
                      <creator/>
                      <dateCreated id="462">2012-06-03 04:00:00</dateCreated>
                      <retired>false</retired>
                      <conceptReferenceTermId>26891</conceptReferenceTermId>
                      <conceptSource id="463" resolves-to="org.openmrs.ConceptSource" uuid="12ADDDDDDDDDDDDDDDDDDDDDDDDDDDDDDDDD">
                        <name>PIH Malawi</name>
                        <description>Partners in Health Malawi concept dictionary</description>
                        <creator/>
                        <dateCreated id="464">2015-07-01 17:25:50</dateCreated>
                        <retired>false</retired>
                        <conceptSourceId>24</conceptSourceId>
                      </conceptSource>
                      <code>1065</code>
                      <conceptReferenceTermMaps id="465"/>
                    </conceptReferenceTerm>
                  </org.openmrs.ConceptMap>
                  <org.openmrs.ConceptMap id="466" uuid="134737ABBBBBBBBBBBBBBBBBBBBBBBBBBBBB">
                    <conceptMapType reference="66"/>
                    <creator/>
                    <dateCreated id="467">2010-10-24 17:09:59</dateCreated>
                    <conceptMapId>27569</conceptMapId>
                    <concept reference="350"/>
                    <conceptReferenceTerm id="468" resolves-to="org.openmrs.ConceptReferenceTerm" uuid="85fd20aa-8f0e-33c6-8d26-87087144d1f0">
                      <creator/>
                      <dateCreated id="469">2010-10-24 04:00:00</dateCreated>
                      <retired>false</retired>
                      <conceptReferenceTermId>26890</conceptReferenceTermId>
                      <conceptSource reference="257"/>
                      <code>1065</code>
                      <conceptReferenceTermMaps id="470"/>
                    </conceptReferenceTerm>
                  </org.openmrs.ConceptMap>
                </conceptMappings>
                <attributes id="471"/>
              </answerConcept>
              <creator/>
              <dateCreated id="472">2014-10-18 01:27:21</dateCreated>
              <sortWeight>5058.0</sortWeight>
            </org.openmrs.ConceptAnswer>
            <org.openmrs.ConceptAnswer id="473" uuid="5057CCCCCCCCCCCCCCCCCCCCCCCCCCCCCCCC">
              <conceptAnswerId>11426</conceptAnswerId>
              <concept reference="336"/>
              <answerConcept id="474" resolves-to="org.openmrs.Concept" uuid="3cd6f86c-26fe-102b-80cb-0017a47871b2">
                <conceptId>1066</conceptId>
                <retired>false</retired>
                <datatype reference="3"/>
                <conceptClass reference="137"/>
                <set>false</set>
                <creator/>
                <dateCreated id="475">2015-04-22 14:28:45</dateCreated>
                <changedBy/>
                <dateChanged id="476">2020-05-14 15:12:19</dateChanged>
                <names class="set" id="477">
                  <org.openmrs.ConceptName id="478" uuid="139803BBBBBBBBBBBBBBBBBBBBBBBBBBBBBB">
                    <conceptNameId>32262</conceptNameId>
                    <concept reference="474"/>
                    <name>نہیں</name>
                    <locale id="479">ur</locale>
                    <creator/>
                    <dateCreated id="480">2016-08-16 11:48:25</dateCreated>
                    <voided>false</voided>
                    <tags class="set" id="481"/>
                    <conceptNameType>FULLY_SPECIFIED</conceptNameType>
                    <localePreferred>true</localePreferred>
                  </org.openmrs.ConceptName>
                  <org.openmrs.ConceptName id="482" uuid="3e151786-26fe-102b-80cb-0017a47871b2">
                    <conceptNameId>8310</conceptNameId>
                    <concept reference="474"/>
                    <name>No</name>
                    <locale id="483">en</locale>
                    <creator/>
                    <dateCreated id="484">2015-04-22 14:28:45</dateCreated>
                    <voided>false</voided>
                    <tags class="set" id="485"/>
                    <conceptNameType>FULLY_SPECIFIED</conceptNameType>
                    <localePreferred>true</localePreferred>
                  </org.openmrs.ConceptName>
                  <org.openmrs.ConceptName id="486" uuid="126360BBBBBBBBBBBBBBBBBBBBBBBBBBBBBB">
                    <conceptNameId>29715</conceptNameId>
                    <concept reference="474"/>
                    <name>Falso</name>
                    <locale id="487">it</locale>
                    <creator/>
                    <dateCreated id="488">2014-10-11 19:48:46</dateCreated>
                    <voided>false</voided>
                    <tags class="set" id="489"/>
                    <localePreferred>false</localePreferred>
                  </org.openmrs.ConceptName>
                  <org.openmrs.ConceptName id="490" uuid="108334BBBBBBBBBBBBBBBBBBBBBBBBBBBBBB">
                    <conceptNameId>29712</conceptNameId>
                    <concept reference="474"/>
                    <name>No</name>
                    <locale id="491">es</locale>
                    <creator/>
                    <dateCreated id="492">2012-03-04 23:58:47</dateCreated>
                    <voided>false</voided>
                    <tags class="set" id="493"/>
                    <conceptNameType>FULLY_SPECIFIED</conceptNameType>
                    <localePreferred>true</localePreferred>
                  </org.openmrs.ConceptName>
                  <org.openmrs.ConceptName id="494" uuid="111196BBBBBBBBBBBBBBBBBBBBBBBBBBBBBB">
                    <conceptNameId>29717</conceptNameId>
                    <concept reference="474"/>
                    <name>Нет</name>
                    <locale id="495">ru</locale>
                    <creator/>
                    <dateCreated id="496">2013-01-27 06:40:38</dateCreated>
                    <voided>false</voided>
                    <tags class="set" id="497"/>
                    <conceptNameType>FULLY_SPECIFIED</conceptNameType>
                    <localePreferred>true</localePreferred>
                  </org.openmrs.ConceptName>
                  <org.openmrs.ConceptName id="498" uuid="126357BBBBBBBBBBBBBBBBBBBBBBBBBBBBBB">
                    <conceptNameId>29709</conceptNameId>
                    <concept reference="474"/>
                    <name>Faux</name>
                    <locale id="499">fr</locale>
                    <creator/>
                    <dateCreated id="500">2014-10-11 19:48:46</dateCreated>
                    <voided>false</voided>
                    <tags class="set" id="501"/>
                    <localePreferred>false</localePreferred>
                  </org.openmrs.ConceptName>
                  <org.openmrs.ConceptName id="502" uuid="5bcc9a17-0a17-4075-84d4-f09882cfaa18">
                    <conceptNameId>17939</conceptNameId>
                    <concept reference="474"/>
                    <name>Non</name>
                    <locale id="503">ht</locale>
                    <creator/>
                    <dateCreated id="504">2015-04-22 14:28:45</dateCreated>
                    <voided>false</voided>
                    <tags class="set" id="505"/>
                    <conceptNameType>FULLY_SPECIFIED</conceptNameType>
                    <localePreferred>true</localePreferred>
                  </org.openmrs.ConceptName>
                  <org.openmrs.ConceptName id="506" uuid="106917BBBBBBBBBBBBBBBBBBBBBBBBBBBBBB">
                    <conceptNameId>29711</conceptNameId>
                    <concept reference="474"/>
                    <name>ኣይትጥቀምን</name>
                    <locale id="507">ti</locale>
                    <creator/>
                    <dateCreated id="508">2010-10-24 20:04:03</dateCreated>
                    <voided>false</voided>
                    <tags class="set" id="509"/>
                    <conceptNameType>FULLY_SPECIFIED</conceptNameType>
                    <localePreferred>true</localePreferred>
                  </org.openmrs.ConceptName>
                  <org.openmrs.ConceptName id="510" uuid="126358BBBBBBBBBBBBBBBBBBBBBBBBBBBBBB">
                    <conceptNameId>29718</conceptNameId>
                    <concept reference="474"/>
                    <name>Falso</name>
                    <locale id="511">es</locale>
                    <creator/>
                    <dateCreated id="512">2014-10-11 19:48:46</dateCreated>
                    <voided>false</voided>
                    <tags class="set" id="513"/>
                    <localePreferred>false</localePreferred>
                  </org.openmrs.ConceptName>
                  <org.openmrs.ConceptName id="514" uuid="743d14ca-dd31-4ed7-8bfb-b2e4c98a2609">
                    <conceptNameId>17940</conceptNameId>
                    <concept reference="474"/>
                    <name>Non</name>
                    <locale id="515">fr</locale>
                    <creator/>
                    <dateCreated id="516">2015-04-22 14:28:45</dateCreated>
                    <voided>false</voided>
                    <tags class="set" id="517"/>
                    <conceptNameType>FULLY_SPECIFIED</conceptNameType>
                    <localePreferred>true</localePreferred>
                  </org.openmrs.ConceptName>
                  <org.openmrs.ConceptName id="518" uuid="106308BBBBBBBBBBBBBBBBBBBBBBBBBBBBBB">
                    <conceptNameId>29713</conceptNameId>
                    <concept reference="474"/>
                    <name>Muzima</name>
                    <locale id="519">rw</locale>
                    <creator/>
                    <dateCreated id="520">2010-06-21 23:11:53</dateCreated>
                    <voided>false</voided>
                    <tags class="set" id="521"/>
                    <conceptNameType>FULLY_SPECIFIED</conceptNameType>
                    <localePreferred>true</localePreferred>
                  </org.openmrs.ConceptName>
                  <org.openmrs.ConceptName id="522" uuid="126362BBBBBBBBBBBBBBBBBBBBBBBBBBBBBB">
                    <conceptNameId>29716</conceptNameId>
                    <concept reference="474"/>
                    <name>Falso</name>
                    <locale id="523">pt</locale>
                    <creator/>
                    <dateCreated id="524">2014-10-11 19:48:46</dateCreated>
                    <voided>false</voided>
                    <tags class="set" id="525"/>
                    <localePreferred>false</localePreferred>
                  </org.openmrs.ConceptName>
                  <org.openmrs.ConceptName id="526" uuid="137334BBBBBBBBBBBBBBBBBBBBBBBBBBBBBB">
                    <conceptNameId>32261</conceptNameId>
                    <concept reference="474"/>
                    <name>Fo</name>
                    <locale id="527">ht</locale>
                    <creator/>
                    <dateCreated id="528">2016-07-10 05:49:06</dateCreated>
                    <voided>false</voided>
                    <tags class="set" id="529"/>
                    <localePreferred>false</localePreferred>
                  </org.openmrs.ConceptName>
                  <org.openmrs.ConceptName id="530" uuid="126359BBBBBBBBBBBBBBBBBBBBBBBBBBBBBB">
                    <conceptNameId>29710</conceptNameId>
                    <concept reference="474"/>
                    <name>No</name>
                    <locale id="531">it</locale>
                    <creator/>
                    <dateCreated id="532">2014-10-11 19:48:46</dateCreated>
                    <voided>false</voided>
                    <tags class="set" id="533"/>
                    <conceptNameType>FULLY_SPECIFIED</conceptNameType>
                    <localePreferred>true</localePreferred>
                  </org.openmrs.ConceptName>
                  <org.openmrs.ConceptName id="534" uuid="127333BBBBBBBBBBBBBBBBBBBBBBBBBBBBBB">
                    <conceptNameId>29714</conceptNameId>
                    <concept reference="474"/>
                    <name>না</name>
                    <locale id="535">bn</locale>
                    <creator/>
                    <dateCreated id="536">2015-04-24 21:18:07</dateCreated>
                    <voided>false</voided>
                    <tags class="set" id="537"/>
                    <conceptNameType>FULLY_SPECIFIED</conceptNameType>
                    <localePreferred>true</localePreferred>
                  </org.openmrs.ConceptName>
                  <org.openmrs.ConceptName id="538" uuid="126361BBBBBBBBBBBBBBBBBBBBBBBBBBBBBB">
                    <conceptNameId>29708</conceptNameId>
                    <concept reference="474"/>
                    <name>Não</name>
                    <locale id="539">pt</locale>
                    <creator/>
                    <dateCreated id="540">2014-10-11 19:48:46</dateCreated>
                    <voided>false</voided>
                    <tags class="set" id="541"/>
                    <conceptNameType>FULLY_SPECIFIED</conceptNameType>
                    <localePreferred>true</localePreferred>
                  </org.openmrs.ConceptName>
                  <org.openmrs.ConceptName id="542" uuid="126356BBBBBBBBBBBBBBBBBBBBBBBBBBBBBB">
                    <conceptNameId>29719</conceptNameId>
                    <concept reference="474"/>
                    <name>False</name>
                    <locale id="543">en</locale>
                    <creator/>
                    <dateCreated id="544">2014-10-11 19:48:46</dateCreated>
                    <voided>false</voided>
                    <tags class="set" id="545"/>
                    <localePreferred>false</localePreferred>
                  </org.openmrs.ConceptName>
                </names>
                <answers class="set" id="546"/>
                <conceptSets class="set" id="547"/>
                <descriptions class="set" id="548">
                  <org.openmrs.ConceptDescription id="549" uuid="18159FFFFFFFFFFFFFFFFFFFFFFFFFFFFFFF">
                    <conceptDescriptionId>7126</conceptDescriptionId>
                    <concept reference="474"/>
                    <description>کسی سوال کا عام جواب</description>
                    <locale id="550">ur</locale>
                    <creator/>
                    <dateCreated id="551">2016-08-16 11:48:25</dateCreated>
                  </org.openmrs.ConceptDescription>
                  <org.openmrs.ConceptDescription id="552" uuid="d07abafd-ea95-4edd-9c84-ee85592fc91f">
                    <conceptDescriptionId>1077</conceptDescriptionId>
                    <concept reference="474"/>
                    <description>Generic answer to question.</description>
                    <locale id="553">en</locale>
                    <creator/>
                    <dateCreated id="554">2015-04-22 14:28:45</dateCreated>
                    <changedBy/>
                    <dateChanged id="555">2015-04-22 14:28:45</dateChanged>
                  </org.openmrs.ConceptDescription>
                  <org.openmrs.ConceptDescription id="556" uuid="1069FFFFFFFFFFFFFFFFFFFFFFFFFFFFFFFF">
                    <conceptDescriptionId>6867</conceptDescriptionId>
                    <concept reference="474"/>
                    <description>Generic answer to a question.</description>
                    <locale id="557">en</locale>
                    <creator/>
                    <dateCreated id="558">2005-01-06 05:00:00</dateCreated>
                    <dateChanged id="559">2015-04-24 21:18:07</dateChanged>
                  </org.openmrs.ConceptDescription>
                </descriptions>
                <conceptMappings class="set" id="560">
                  <org.openmrs.ConceptMap id="561" uuid="aefacf53-8e8e-4ed0-9d32-cbd1d14c6639">
                    <conceptMapType reference="66"/>
                    <creator/>
                    <changedBy/>
                    <dateCreated id="562">2015-04-22 14:28:45</dateCreated>
                    <dateChanged id="563">2015-04-22 14:28:45</dateChanged>
                    <conceptMapId>12989</conceptMapId>
                    <concept reference="474"/>
                    <conceptReferenceTerm id="564" resolves-to="org.openmrs.ConceptReferenceTerm" uuid="bfdf9e0c-a208-31e8-9df4-45eccc2ea9e7">
                      <creator/>
                      <dateCreated id="565">2011-07-22 00:00:00</dateCreated>
                      <retired>false</retired>
                      <conceptReferenceTermId>12989</conceptReferenceTermId>
                      <conceptSource reference="218"/>
                      <code>NO</code>
                      <conceptReferenceTermMaps id="566"/>
                    </conceptReferenceTerm>
                  </org.openmrs.ConceptMap>
                  <org.openmrs.ConceptMap id="567" uuid="144379ABBBBBBBBBBBBBBBBBBBBBBBBBBBBB">
                    <conceptMapType reference="66"/>
                    <creator/>
                    <dateCreated id="568">2012-06-03 21:57:05</dateCreated>
                    <conceptMapId>27572</conceptMapId>
                    <concept reference="474"/>
                    <conceptReferenceTerm id="569" resolves-to="org.openmrs.ConceptReferenceTerm" uuid="170e452e-c092-32c9-b974-23f0bca960bd">
                      <creator/>
                      <dateCreated id="570">2012-06-03 04:00:00</dateCreated>
                      <retired>false</retired>
                      <conceptReferenceTermId>26889</conceptReferenceTermId>
                      <conceptSource reference="463"/>
                      <code>1066</code>
                      <conceptReferenceTermMaps id="571"/>
                    </conceptReferenceTerm>
                  </org.openmrs.ConceptMap>
                  <org.openmrs.ConceptMap id="572" uuid="134738ABBBBBBBBBBBBBBBBBBBBBBBBBBBBB">
                    <conceptMapType reference="66"/>
                    <creator/>
                    <dateCreated id="573">2010-10-24 17:09:59</dateCreated>
                    <conceptMapId>27571</conceptMapId>
                    <concept reference="474"/>
                    <conceptReferenceTerm id="574" resolves-to="org.openmrs.ConceptReferenceTerm" uuid="f2531812-ebad-3a19-bf74-9b35025659e5">
                      <creator/>
                      <dateCreated id="575">2010-10-24 04:00:00</dateCreated>
                      <retired>false</retired>
                      <conceptReferenceTermId>26888</conceptReferenceTermId>
                      <conceptSource reference="257"/>
                      <code>1066</code>
                      <conceptReferenceTermMaps id="576"/>
                    </conceptReferenceTerm>
                  </org.openmrs.ConceptMap>
                  <org.openmrs.ConceptMap id="577" uuid="87458183-630e-4235-aeec-696077464d49">
                    <conceptMapType reference="66"/>
                    <creator/>
                    <dateCreated id="578">2017-03-04 21:45:32</dateCreated>
                    <conceptMapId>27085</conceptMapId>
                    <concept reference="474"/>
                    <conceptReferenceTerm id="579" resolves-to="org.openmrs.ConceptReferenceTerm" uuid="70e47483-b669-4195-a33a-dc968d2af4af">
                      <creator/>
                      <dateCreated id="580">2017-03-04 21:44:34</dateCreated>
                      <retired>false</retired>
                      <conceptReferenceTermId>26242</conceptReferenceTermId>
                      <conceptSource reference="85"/>
                      <code>1066</code>
                      <conceptReferenceTermMaps id="581"/>
                    </conceptReferenceTerm>
                  </org.openmrs.ConceptMap>
                  <org.openmrs.ConceptMap id="582" uuid="b20d12bc-4864-102e-96e9-000c29c2a5d7">
                    <conceptMapType reference="66"/>
                    <creator/>
                    <changedBy/>
                    <dateCreated id="583">2015-04-22 14:28:45</dateCreated>
                    <dateChanged id="584">2015-04-22 14:28:45</dateChanged>
                    <conceptMapId>1068</conceptMapId>
                    <concept reference="474"/>
                    <conceptReferenceTerm id="585" resolves-to="org.openmrs.ConceptReferenceTerm" uuid="733a28fa-d244-3248-b654-09ffb442e6f2">
                      <creator/>
                      <dateCreated id="586">2010-11-23 00:00:00</dateCreated>
                      <retired>false</retired>
                      <conceptReferenceTermId>1068</conceptReferenceTermId>
                      <conceptSource reference="218"/>
                      <code>1066</code>
                      <conceptReferenceTermMaps id="587"/>
                    </conceptReferenceTerm>
                  </org.openmrs.ConceptMap>
                  <org.openmrs.ConceptMap id="588" uuid="133841ABBBBBBBBBBBBBBBBBBBBBBBBBBBBB">
                    <conceptMapType reference="66"/>
                    <creator/>
                    <dateCreated id="589">2010-10-01 23:13:10</dateCreated>
                    <conceptMapId>25515</conceptMapId>
                    <concept reference="474"/>
                    <conceptReferenceTerm id="590" resolves-to="org.openmrs.ConceptReferenceTerm" uuid="beaa27cb-dacc-3334-b7c4-9f230f2dd231">
                      <creator/>
                      <dateCreated id="591">2010-10-01 04:00:00</dateCreated>
                      <retired>false</retired>
                      <conceptReferenceTermId>24857</conceptReferenceTermId>
                      <conceptSource reference="71"/>
                      <code>373067005</code>
                      <conceptReferenceTermMaps id="592"/>
                    </conceptReferenceTerm>
                  </org.openmrs.ConceptMap>
                </conceptMappings>
                <attributes id="593"/>
              </answerConcept>
              <creator/>
              <dateCreated id="594">2014-10-18 01:27:21</dateCreated>
              <sortWeight>5057.0</sortWeight>
            </org.openmrs.ConceptAnswer>
            <org.openmrs.ConceptAnswer id="595" uuid="5059CCCCCCCCCCCCCCCCCCCCCCCCCCCCCCCC">
              <conceptAnswerId>11427</conceptAnswerId>
              <concept reference="336"/>
              <answerConcept reference="136"/>
              <creator/>
              <dateCreated id="596">2014-10-18 01:27:21</dateCreated>
              <sortWeight>5059.0</sortWeight>
            </org.openmrs.ConceptAnswer>
          </answers>
          <conceptSets class="set" id="597"/>
          <descriptions class="set" id="598"/>
          <conceptMappings class="set" id="599">
            <org.openmrs.ConceptMap id="600" uuid="277946ABBBBBBBBBBBBBBBBBBBBBBBBBBBBB">
              <conceptMapType reference="66"/>
              <creator/>
              <dateCreated id="601">2014-10-18 01:27:21</dateCreated>
              <conceptMapId>34678</conceptMapId>
              <concept reference="336"/>
              <conceptReferenceTerm id="602" resolves-to="org.openmrs.ConceptReferenceTerm" uuid="166e593d-3bee-3ce0-9eb0-47dd0440eafc">
                <creator/>
                <dateCreated id="603">2014-10-18 00:00:00</dateCreated>
                <retired>false</retired>
                <conceptReferenceTermId>33334</conceptReferenceTermId>
                <conceptSource reference="71"/>
                <code>428792000</code>
                <conceptReferenceTermMaps id="604"/>
              </conceptReferenceTerm>
            </org.openmrs.ConceptMap>
            <org.openmrs.ConceptMap id="605" uuid="277947ABBBBBBBBBBBBBBBBBBBBBBBBBBBBB">
              <conceptMapType reference="66"/>
              <creator/>
              <dateCreated id="606">2014-10-18 01:27:39</dateCreated>
              <conceptMapId>34679</conceptMapId>
              <concept reference="336"/>
              <conceptReferenceTerm id="607" resolves-to="org.openmrs.ConceptReferenceTerm" uuid="f9737b85-f608-3ec7-88df-4d902ccf8867">
                <creator/>
                <dateCreated id="608">2014-10-18 00:00:00</dateCreated>
                <retired>false</retired>
                <conceptReferenceTermId>33335</conceptReferenceTermId>
                <conceptSource reference="85"/>
                <code>162633</code>
                <conceptReferenceTermMaps id="609"/>
              </conceptReferenceTerm>
            </org.openmrs.ConceptMap>
          </conceptMappings>
          <attributes id="610"/>
        </concept>
        <conceptSet reference="2"/>
        <sortWeight>3.0</sortWeight>
        <creator/>
        <dateCreated id="611">2020-05-14 15:34:54</dateCreated>
      </org.openmrs.ConceptSet>
    </conceptSets>
    <descriptions class="set" id="612"/>
    <conceptMappings class="set" id="613"/>
    <attributes id="614"/>
  </org.openmrs.Concept>
</list>
