<?xml version="1.0" encoding="UTF-8"?>
<package id="1" uuid="b061ab96-4490-4c5b-8bde-e0d7122ebe35">
  <dateCreated id="2">2020-10-12 19:01:01</dateCreated>
  <name>PIH_Pediatric_Feeding</name>
  <description>Set of concepts used in PIH Primary Care Pediatric Feeding Form</description>
  <openmrsVersion>2.1.3 SNAPSHOT Build e8c2d9</openmrsVersion>
  <version>13</version>
  <groupUuid>92625824-de8e-4c7a-a141-55e9cb43b205</groupUuid>
  <subscriptionUrl>https://concepts.pih-emr.org/openmrs/ws/rest/metadatasharing/package/92625824-de8e-4c7a-a141-55e9cb43b205/latest</subscriptionUrl>
  <modules id="3">
    <entry>
      <string>webservices.rest</string>
      <string>2.23.0-SNAPSHOT.df4734</string>
    </entry>
    <entry>
      <string>legacyui</string>
      <string>1.5.0</string>
    </entry>
    <entry>
      <string>groovy</string>
      <string>2.3.0-SNAPSHOT</string>
    </entry>
    <entry>
      <string>htmlformentry</string>
      <string>3.8.0</string>
    </entry>
    <entry>
      <string>metadatasharing</string>
      <string>1.6.0-SNAPSHOT</string>
    </entry>
    <entry>
      <string>uiframework</string>
      <string>3.15.0</string>
    </entry>
    <entry>
      <string>metadatamapping</string>
      <string>1.3.4</string>
    </entry>
    <entry>
      <string>metadatatools</string>
      <string>1.0-SNAPSHOT</string>
    </entry>
    <entry>
      <string>uilibrary</string>
      <string>2.0.6</string>
    </entry>
    <entry>
      <string>validation</string>
      <string>1.0.1</string>
    </entry>
  </modules>
  <items class="linked-hash-set" id="4">
    <org.openmrs.module.metadatasharing.Item id="5" uuid="f97e0c5b-889a-4249-b22a-3a247bf19a74">
      <id>10563</id>
      <classname>org.openmrs.Concept</classname>
      <dateChanged id="6">2020-09-08 19:00:37</dateChanged>
      <retired>false</retired>
    </org.openmrs.module.metadatasharing.Item>
  </items>
  <relatedItems class="linked-hash-set" id="7">
    <org.openmrs.module.metadatasharing.Item id="8" uuid="8d4a4c94-c2cc-11de-8d13-0010c6dffd0f">
      <id>4</id>
      <classname>org.openmrs.ConceptDatatype</classname>
      <dateChanged id="9">2004-02-02 05:00:00</dateChanged>
      <retired>false</retired>
    </org.openmrs.module.metadatasharing.Item>
    <org.openmrs.module.metadatasharing.Item id="10" uuid="8d492594-c2cc-11de-8d13-0010c6dffd0f">
      <id>10</id>
      <classname>org.openmrs.ConceptClass</classname>
      <dateChanged id="11">2015-07-01 17:25:50</dateChanged>
      <retired>false</retired>
    </org.openmrs.module.metadatasharing.Item>
    <org.openmrs.module.metadatasharing.Item id="12" uuid="59f15b4a-8a2e-4a9c-bbb2-863e985b8681">
      <id>42567</id>
      <classname>org.openmrs.ConceptName</classname>
      <dateChanged id="13">2020-02-20 19:31:20</dateChanged>
    </org.openmrs.module.metadatasharing.Item>
    <org.openmrs.module.metadatasharing.Item id="14" uuid="d6b6577e-b041-466f-9377-018c2f02003b">
      <id>31390</id>
      <classname>org.openmrs.ConceptName</classname>
      <dateChanged id="15">2020-02-20 19:31:20</dateChanged>
    </org.openmrs.module.metadatasharing.Item>
    <org.openmrs.module.metadatasharing.Item id="16" uuid="6a3fd147-fa02-4dc1-8a21-6d4db68a3717">
      <id>30466</id>
      <classname>org.openmrs.ConceptName</classname>
      <dateChanged id="17">2015-10-30 19:51:27</dateChanged>
    </org.openmrs.module.metadatasharing.Item>
    <org.openmrs.module.metadatasharing.Item id="18" uuid="3a0ea8f6-3539-49de-b24f-c79961acf435">
      <id>10799</id>
      <classname>org.openmrs.ConceptSet</classname>
      <dateChanged id="19">2020-02-20 19:31:03</dateChanged>
    </org.openmrs.module.metadatasharing.Item>
    <org.openmrs.module.metadatasharing.Item id="20" uuid="7f32715f-b2cd-4058-9663-1ba7a0bd2d42">
      <id>10567</id>
      <classname>org.openmrs.Concept</classname>
      <dateChanged id="21">2018-12-14 20:05:23</dateChanged>
      <retired>false</retired>
    </org.openmrs.module.metadatasharing.Item>
    <org.openmrs.module.metadatasharing.Item id="22" uuid="70a82a73-9452-49cf-a6e8-36950295c757">
      <id>30470</id>
      <classname>org.openmrs.ConceptName</classname>
      <dateChanged id="23">2018-12-14 20:05:23</dateChanged>
    </org.openmrs.module.metadatasharing.Item>
    <org.openmrs.module.metadatasharing.Item id="24" uuid="d68815c6-6b80-4552-a3ac-95bf315248c2">
      <id>38028</id>
      <classname>org.openmrs.ConceptName</classname>
      <dateChanged id="25">2018-12-14 20:05:23</dateChanged>
    </org.openmrs.module.metadatasharing.Item>
    <org.openmrs.module.metadatasharing.Item id="26" uuid="b81acf5b-0f51-49b1-807f-a622938b8e32">
      <id>6329</id>
      <classname>org.openmrs.ConceptSet</classname>
      <dateChanged id="27">2015-11-02 22:34:13</dateChanged>
    </org.openmrs.module.metadatasharing.Item>
    <org.openmrs.module.metadatasharing.Item id="28" uuid="5b98dcbe-0efc-4cc2-9544-c1da596e7039">
      <id>10564</id>
      <classname>org.openmrs.Concept</classname>
      <dateChanged id="29">2020-09-08 18:18:33</dateChanged>
      <retired>false</retired>
    </org.openmrs.module.metadatasharing.Item>
    <org.openmrs.module.metadatasharing.Item id="30" uuid="8d4a48b6-c2cc-11de-8d13-0010c6dffd0f">
      <id>2</id>
      <classname>org.openmrs.ConceptDatatype</classname>
      <dateChanged id="31">2004-02-02 05:00:00</dateChanged>
      <retired>false</retired>
    </org.openmrs.module.metadatasharing.Item>
    <org.openmrs.module.metadatasharing.Item id="32" uuid="8d491e50-c2cc-11de-8d13-0010c6dffd0f">
      <id>7</id>
      <classname>org.openmrs.ConceptClass</classname>
      <dateChanged id="33">2015-07-01 17:25:50</dateChanged>
      <retired>false</retired>
    </org.openmrs.module.metadatasharing.Item>
    <org.openmrs.module.metadatasharing.Item id="34" uuid="c19c3c62-12e0-465a-8a94-305498dce8ff">
      <id>44425</id>
      <classname>org.openmrs.ConceptName</classname>
      <dateChanged id="35">2020-09-08 18:17:54</dateChanged>
    </org.openmrs.module.metadatasharing.Item>
    <org.openmrs.module.metadatasharing.Item id="36" uuid="b5b35576-2c0c-4953-94c9-4daa474eeaa4">
      <id>30467</id>
      <classname>org.openmrs.ConceptName</classname>
      <dateChanged id="37">2018-12-14 20:06:40</dateChanged>
    </org.openmrs.module.metadatasharing.Item>
    <org.openmrs.module.metadatasharing.Item id="38" uuid="0ca99fee-e03f-46ff-8afe-2ce3bbb9150b">
      <id>9373</id>
      <classname>org.openmrs.ConceptAnswer</classname>
      <dateChanged id="39">2015-11-02 22:16:39</dateChanged>
    </org.openmrs.module.metadatasharing.Item>
    <org.openmrs.module.metadatasharing.Item id="40" uuid="3cedd4ec-26fe-102b-80cb-0017a47871b2">
      <id>5526</id>
      <classname>org.openmrs.Concept</classname>
      <dateChanged id="41">2017-04-14 17:07:38</dateChanged>
      <retired>false</retired>
    </org.openmrs.module.metadatasharing.Item>
    <org.openmrs.module.metadatasharing.Item id="42" uuid="8d491a9a-c2cc-11de-8d13-0010c6dffd0f">
      <id>5</id>
      <classname>org.openmrs.ConceptClass</classname>
      <dateChanged id="43">2015-07-01 17:25:50</dateChanged>
      <retired>false</retired>
    </org.openmrs.module.metadatasharing.Item>
    <org.openmrs.module.metadatasharing.Item id="44" uuid="f7664460-d5db-102d-ad2a-000c29c2a5d7">
      <id>13735</id>
      <classname>org.openmrs.ConceptName</classname>
      <dateChanged id="45">2016-09-01 17:22:32</dateChanged>
    </org.openmrs.module.metadatasharing.Item>
    <org.openmrs.module.metadatasharing.Item id="46" uuid="7a1c4355-bf36-4456-8d45-7a9fe49913c2">
      <id>33153</id>
      <classname>org.openmrs.ConceptName</classname>
      <dateChanged id="47">2017-04-14 17:06:47</dateChanged>
    </org.openmrs.module.metadatasharing.Item>
    <org.openmrs.module.metadatasharing.Item id="48" uuid="bba43649-c6a0-49f6-8774-ae723c5e940b">
      <id>31385</id>
      <classname>org.openmrs.ConceptName</classname>
      <dateChanged id="49">2016-09-01 17:22:32</dateChanged>
    </org.openmrs.module.metadatasharing.Item>
    <org.openmrs.module.metadatasharing.Item id="50" uuid="3e3fc990-26fe-102b-80cb-0017a47871b2">
      <id>3895</id>
      <classname>org.openmrs.ConceptName</classname>
      <dateChanged id="51">2004-08-12 00:00:00</dateChanged>
    </org.openmrs.module.metadatasharing.Item>
    <org.openmrs.module.metadatasharing.Item id="52" uuid="84a5dca8-7fa4-4ead-94c6-b3a4ae7722e9">
      <id>31384</id>
      <classname>org.openmrs.ConceptName</classname>
      <dateChanged id="53">2016-09-01 17:22:32</dateChanged>
    </org.openmrs.module.metadatasharing.Item>
    <org.openmrs.module.metadatasharing.Item id="54" uuid="ed181350-07fe-102c-b5fa-0017a47871b2">
      <id>3328</id>
      <classname>org.openmrs.ConceptDescription</classname>
      <dateChanged id="55">2004-08-12 00:00:00</dateChanged>
    </org.openmrs.module.metadatasharing.Item>
    <org.openmrs.module.metadatasharing.Item id="56" uuid="b295bf54-4864-102e-96e9-000c29c2a5d7">
      <id>4597</id>
      <classname>org.openmrs.ConceptMap</classname>
      <dateChanged id="57">2012-06-21 16:49:52</dateChanged>
    </org.openmrs.module.metadatasharing.Item>
    <org.openmrs.module.metadatasharing.Item id="58" uuid="35543629-7d8c-11e1-909d-c80aa9edcf4e">
      <id>1</id>
      <classname>org.openmrs.ConceptMapType</classname>
      <dateChanged id="59">2012-06-21 00:00:00</dateChanged>
      <retired>false</retired>
    </org.openmrs.module.metadatasharing.Item>
    <org.openmrs.module.metadatasharing.Item id="60" uuid="93049780-b3d4-3b67-ace9-0dd7a1b2cff6">
      <id>4597</id>
      <classname>org.openmrs.ConceptReferenceTerm</classname>
      <dateChanged id="61">2010-11-23 00:00:00</dateChanged>
      <retired>false</retired>
    </org.openmrs.module.metadatasharing.Item>
    <org.openmrs.module.metadatasharing.Item id="62" uuid="fb9aaaf1-65e2-4c18-b53c-16b575f2f385">
      <id>5</id>
      <classname>org.openmrs.ConceptSource</classname>
      <dateChanged id="63">2015-07-01 17:25:50</dateChanged>
      <retired>false</retired>
    </org.openmrs.module.metadatasharing.Item>
    <org.openmrs.module.metadatasharing.Item id="64" uuid="0771c5cd-9d63-4a6d-a6ef-91bfd2ea99b1">
      <id>28063</id>
      <classname>org.openmrs.ConceptMap</classname>
      <dateChanged id="65">2017-04-14 17:06:47</dateChanged>
    </org.openmrs.module.metadatasharing.Item>
    <org.openmrs.module.metadatasharing.Item id="66" uuid="511b321f-6ff5-4e55-a083-70bc52f90344">
      <id>27497</id>
      <classname>org.openmrs.ConceptReferenceTerm</classname>
      <dateChanged id="67">2017-04-14 17:06:09</dateChanged>
      <retired>false</retired>
    </org.openmrs.module.metadatasharing.Item>
    <org.openmrs.module.metadatasharing.Item id="68" uuid="21ADDDDDDDDDDDDDDDDDDDDDDDDDDDDDDDDD">
      <id>29</id>
      <classname>org.openmrs.ConceptSource</classname>
      <dateChanged id="69">2015-07-01 17:25:50</dateChanged>
      <retired>false</retired>
    </org.openmrs.module.metadatasharing.Item>
    <org.openmrs.module.metadatasharing.Item id="70" uuid="75a98032-4943-102e-96e9-000c29c2a5d7">
      <id>10294</id>
      <classname>org.openmrs.ConceptMap</classname>
      <dateChanged id="71">2012-06-21 16:49:52</dateChanged>
    </org.openmrs.module.metadatasharing.Item>
    <org.openmrs.module.metadatasharing.Item id="72" uuid="87444a48-7ff1-3d68-98a5-5e9620956477">
      <id>10294</id>
      <classname>org.openmrs.ConceptReferenceTerm</classname>
      <dateChanged id="73">2010-11-24 00:00:00</dateChanged>
      <retired>false</retired>
    </org.openmrs.module.metadatasharing.Item>
    <org.openmrs.module.metadatasharing.Item id="74" uuid="c12a7636-71f7-45bd-a6ac-13a1d095c614">
      <id>9372</id>
      <classname>org.openmrs.ConceptAnswer</classname>
      <dateChanged id="75">2015-11-02 22:16:39</dateChanged>
    </org.openmrs.module.metadatasharing.Item>
    <org.openmrs.module.metadatasharing.Item id="76" uuid="3ceb2c7e-26fe-102b-80cb-0017a47871b2">
      <id>5254</id>
      <classname>org.openmrs.Concept</classname>
      <dateChanged id="77">2019-11-05 10:45:36</dateChanged>
      <retired>false</retired>
    </org.openmrs.module.metadatasharing.Item>
    <org.openmrs.module.metadatasharing.Item id="78" uuid="8d490dfc-c2cc-11de-8d13-0010c6dffd0f">
      <id>3</id>
      <classname>org.openmrs.ConceptClass</classname>
      <dateChanged id="79">2015-07-01 17:25:50</dateChanged>
      <retired>false</retired>
    </org.openmrs.module.metadatasharing.Item>
    <org.openmrs.module.metadatasharing.Item id="80" uuid="f95053fa-fccc-4786-bbe1-afc6c7166784">
      <id>33143</id>
      <classname>org.openmrs.ConceptName</classname>
      <dateChanged id="81">2017-04-14 16:36:32</dateChanged>
    </org.openmrs.module.metadatasharing.Item>
    <org.openmrs.module.metadatasharing.Item id="82" uuid="551398a7-e222-40c1-b4f4-753510cd0a59">
      <id>33142</id>
      <classname>org.openmrs.ConceptName</classname>
      <dateChanged id="83">2017-04-14 16:36:32</dateChanged>
    </org.openmrs.module.metadatasharing.Item>
    <org.openmrs.module.metadatasharing.Item id="84" uuid="3e3cf080-26fe-102b-80cb-0017a47871b2">
      <id>3621</id>
      <classname>org.openmrs.ConceptName</classname>
      <dateChanged id="85">2004-08-12 00:00:00</dateChanged>
    </org.openmrs.module.metadatasharing.Item>
    <org.openmrs.module.metadatasharing.Item id="86" uuid="8275929e-4505-4abd-a0c1-6091278ffdea">
      <id>31387</id>
      <classname>org.openmrs.ConceptName</classname>
      <dateChanged id="87">2016-09-01 17:24:20</dateChanged>
    </org.openmrs.module.metadatasharing.Item>
    <org.openmrs.module.metadatasharing.Item id="88" uuid="136532BBBBBBBBBBBBBBBBBBBBBBBBBBBBBB">
      <id>41849</id>
      <classname>org.openmrs.ConceptName</classname>
      <dateChanged id="89">2016-05-27 20:45:44</dateChanged>
    </org.openmrs.module.metadatasharing.Item>
    <org.openmrs.module.metadatasharing.Item id="90" uuid="f759fc82-d5db-102d-ad2a-000c29c2a5d7">
      <id>13678</id>
      <classname>org.openmrs.ConceptName</classname>
      <dateChanged id="91">2016-09-01 17:24:20</dateChanged>
    </org.openmrs.module.metadatasharing.Item>
    <org.openmrs.module.metadatasharing.Item id="92" uuid="e5f2c34d-f225-4c1a-b0ec-86eb89a236a4">
      <id>31386</id>
      <classname>org.openmrs.ConceptName</classname>
      <dateChanged id="93">2016-09-01 17:24:20</dateChanged>
    </org.openmrs.module.metadatasharing.Item>
    <org.openmrs.module.metadatasharing.Item id="94" uuid="ed14b9f8-07fe-102c-b5fa-0017a47871b2">
      <id>3056</id>
      <classname>org.openmrs.ConceptDescription</classname>
      <dateChanged id="95">2004-08-12 00:00:00</dateChanged>
    </org.openmrs.module.metadatasharing.Item>
    <org.openmrs.module.metadatasharing.Item id="96" uuid="1879FFFFFFFFFFFFFFFFFFFFFFFFFFFFFFFF">
      <id>7962</id>
      <classname>org.openmrs.ConceptDescription</classname>
      <dateChanged id="97">2016-07-21 03:03:42</dateChanged>
    </org.openmrs.module.metadatasharing.Item>
    <org.openmrs.module.metadatasharing.Item id="98" uuid="b2938f86-4864-102e-96e9-000c29c2a5d7">
      <id>4325</id>
      <classname>org.openmrs.ConceptMap</classname>
      <dateChanged id="99">2012-06-21 16:49:52</dateChanged>
    </org.openmrs.module.metadatasharing.Item>
    <org.openmrs.module.metadatasharing.Item id="100" uuid="5e3e22d0-1f62-3d71-bb62-ea5d3f2df6c3">
      <id>4325</id>
      <classname>org.openmrs.ConceptReferenceTerm</classname>
      <dateChanged id="101">2010-11-23 00:00:00</dateChanged>
      <retired>false</retired>
    </org.openmrs.module.metadatasharing.Item>
    <org.openmrs.module.metadatasharing.Item id="102" uuid="dec3db59-bdd7-4c9a-9257-4d3f3e8d4d7c">
      <id>28056</id>
      <classname>org.openmrs.ConceptMap</classname>
      <dateChanged id="103">2017-04-14 16:36:32</dateChanged>
    </org.openmrs.module.metadatasharing.Item>
    <org.openmrs.module.metadatasharing.Item id="104" uuid="8108a401-0450-4569-9e09-f91e13384b96">
      <id>27491</id>
      <classname>org.openmrs.ConceptReferenceTerm</classname>
      <dateChanged id="105">2017-04-14 16:35:40</dateChanged>
      <retired>false</retired>
    </org.openmrs.module.metadatasharing.Item>
    <org.openmrs.module.metadatasharing.Item id="106" uuid="135409ABBBBBBBBBBBBBBBBBBBBBBBBBBBBB">
      <id>33504</id>
      <classname>org.openmrs.ConceptMap</classname>
      <dateChanged id="107">2010-10-24 13:09:59</dateChanged>
    </org.openmrs.module.metadatasharing.Item>
    <org.openmrs.module.metadatasharing.Item id="108" uuid="c8016063-5d66-3003-ac54-381013aeaea0">
      <id>32275</id>
      <classname>org.openmrs.ConceptReferenceTerm</classname>
      <dateChanged id="109">2010-10-24 00:00:00</dateChanged>
      <retired>false</retired>
    </org.openmrs.module.metadatasharing.Item>
    <org.openmrs.module.metadatasharing.Item id="110" uuid="13ADDDDDDDDDDDDDDDDDDDDDDDDDDDDDDDDD">
      <id>10</id>
      <classname>org.openmrs.ConceptSource</classname>
      <dateChanged id="111">2015-07-01 17:25:50</dateChanged>
      <retired>false</retired>
    </org.openmrs.module.metadatasharing.Item>
    <org.openmrs.module.metadatasharing.Item id="112" uuid="75a7ec72-4943-102e-96e9-000c29c2a5d7">
      <id>10032</id>
      <classname>org.openmrs.ConceptMap</classname>
      <dateChanged id="113">2012-06-21 16:49:52</dateChanged>
    </org.openmrs.module.metadatasharing.Item>
    <org.openmrs.module.metadatasharing.Item id="114" uuid="f9487836-047d-3a26-a4e9-c8b6f78c422d">
      <id>10032</id>
      <classname>org.openmrs.ConceptReferenceTerm</classname>
      <dateChanged id="115">2010-11-24 00:00:00</dateChanged>
      <retired>false</retired>
    </org.openmrs.module.metadatasharing.Item>
    <org.openmrs.module.metadatasharing.Item id="116" uuid="b79578fa-c693-4a60-99f0-8d50d1b88bf3">
      <id>28057</id>
      <classname>org.openmrs.ConceptMap</classname>
      <dateChanged id="117">2017-04-14 16:36:32</dateChanged>
    </org.openmrs.module.metadatasharing.Item>
    <org.openmrs.module.metadatasharing.Item id="118" uuid="07991daf-b5b1-45c9-9114-cfed0dbf10b8">
      <id>27490</id>
      <classname>org.openmrs.ConceptReferenceTerm</classname>
      <dateChanged id="119">2017-04-14 16:35:32</dateChanged>
      <retired>false</retired>
    </org.openmrs.module.metadatasharing.Item>
    <org.openmrs.module.metadatasharing.Item id="120" uuid="1ADDDDDDDDDDDDDDDDDDDDDDDDDDDDDDDDDD">
      <id>6</id>
      <classname>org.openmrs.ConceptSource</classname>
      <dateChanged id="121">2015-07-01 17:25:50</dateChanged>
      <retired>false</retired>
    </org.openmrs.module.metadatasharing.Item>
    <org.openmrs.module.metadatasharing.Item id="122" uuid="59bc179b-23a3-4143-97ee-e2433393c46b">
      <id>9375</id>
      <classname>org.openmrs.ConceptAnswer</classname>
      <dateChanged id="123">2015-11-02 22:16:39</dateChanged>
    </org.openmrs.module.metadatasharing.Item>
    <org.openmrs.module.metadatasharing.Item id="124" uuid="3cf2ddc0-26fe-102b-80cb-0017a47871b2">
      <id>6046</id>
      <classname>org.openmrs.Concept</classname>
      <dateChanged id="125">2017-05-17 13:14:33</dateChanged>
      <retired>false</retired>
    </org.openmrs.module.metadatasharing.Item>
    <org.openmrs.module.metadatasharing.Item id="126" uuid="f77a3d62-d5db-102d-ad2a-000c29c2a5d7">
      <id>13859</id>
      <classname>org.openmrs.ConceptName</classname>
      <dateChanged id="127">2016-09-01 17:26:35</dateChanged>
    </org.openmrs.module.metadatasharing.Item>
    <org.openmrs.module.metadatasharing.Item id="128" uuid="3e4519a4-26fe-102b-80cb-0017a47871b2">
      <id>4425</id>
      <classname>org.openmrs.ConceptName</classname>
      <dateChanged id="129">2004-08-12 00:00:00</dateChanged>
    </org.openmrs.module.metadatasharing.Item>
    <org.openmrs.module.metadatasharing.Item id="130" uuid="fbfbb826-5329-4301-bc0c-b9d37eccd037">
      <id>31389</id>
      <classname>org.openmrs.ConceptName</classname>
      <dateChanged id="131">2016-09-01 17:26:35</dateChanged>
    </org.openmrs.module.metadatasharing.Item>
    <org.openmrs.module.metadatasharing.Item id="132" uuid="029fbaeb-43df-4694-a0ef-61ce9b6bc1f4">
      <id>31388</id>
      <classname>org.openmrs.ConceptName</classname>
      <dateChanged id="133">2016-09-01 17:26:35</dateChanged>
    </org.openmrs.module.metadatasharing.Item>
    <org.openmrs.module.metadatasharing.Item id="134" uuid="ed1e3b22-07fe-102c-b5fa-0017a47871b2">
      <id>3847</id>
      <classname>org.openmrs.ConceptDescription</classname>
      <dateChanged id="135">2010-12-06 15:10:24</dateChanged>
    </org.openmrs.module.metadatasharing.Item>
    <org.openmrs.module.metadatasharing.Item id="136" uuid="35382900-733a-4d7c-a907-91afbd57ee4e">
      <id>27168</id>
      <classname>org.openmrs.ConceptMap</classname>
      <dateChanged id="137">2017-03-09 03:01:37</dateChanged>
    </org.openmrs.module.metadatasharing.Item>
    <org.openmrs.module.metadatasharing.Item id="138" uuid="ae6c228d-8a2c-47d7-b971-0a335602f33c">
      <id>26318</id>
      <classname>org.openmrs.ConceptReferenceTerm</classname>
      <dateChanged id="139">2017-03-09 03:01:19</dateChanged>
      <retired>false</retired>
    </org.openmrs.module.metadatasharing.Item>
    <org.openmrs.module.metadatasharing.Item id="140" uuid="b29cd168-4864-102e-96e9-000c29c2a5d7">
      <id>5117</id>
      <classname>org.openmrs.ConceptMap</classname>
      <dateChanged id="141">2012-06-21 16:49:52</dateChanged>
    </org.openmrs.module.metadatasharing.Item>
    <org.openmrs.module.metadatasharing.Item id="142" uuid="1f8fb18d-11ef-3954-86b0-89381a31df0b">
      <id>5117</id>
      <classname>org.openmrs.ConceptReferenceTerm</classname>
      <dateChanged id="143">2010-11-23 00:00:00</dateChanged>
      <retired>false</retired>
    </org.openmrs.module.metadatasharing.Item>
    <org.openmrs.module.metadatasharing.Item id="144" uuid="d48a9233-6cfc-4c2b-bf61-d6dae984b895">
      <id>11584</id>
      <classname>org.openmrs.ConceptMap</classname>
      <dateChanged id="145">2012-06-21 16:49:52</dateChanged>
    </org.openmrs.module.metadatasharing.Item>
    <org.openmrs.module.metadatasharing.Item id="146" uuid="66708454-41a4-38cb-ac54-36efbe95d66d">
      <id>11584</id>
      <classname>org.openmrs.ConceptReferenceTerm</classname>
      <dateChanged id="147">2010-12-06 00:00:00</dateChanged>
      <retired>false</retired>
    </org.openmrs.module.metadatasharing.Item>
    <org.openmrs.module.metadatasharing.Item id="148" uuid="93a06a33-4f0e-4a79-a631-ee9a6a0f3241">
      <id>9374</id>
      <classname>org.openmrs.ConceptAnswer</classname>
      <dateChanged id="149">2015-11-02 22:16:39</dateChanged>
    </org.openmrs.module.metadatasharing.Item>
    <org.openmrs.module.metadatasharing.Item id="150" uuid="3cd78b10-26fe-102b-80cb-0017a47871b2">
      <id>1152</id>
      <classname>org.openmrs.Concept</classname>
      <dateChanged id="151">2020-10-12 18:04:10</dateChanged>
      <retired>false</retired>
    </org.openmrs.module.metadatasharing.Item>
    <org.openmrs.module.metadatasharing.Item id="152" uuid="f972539f-0f60-4d5b-9ac2-3bcdffb285cd">
      <id>31382</id>
      <classname>org.openmrs.ConceptName</classname>
      <dateChanged id="153">2016-09-01 17:20:10</dateChanged>
    </org.openmrs.module.metadatasharing.Item>
    <org.openmrs.module.metadatasharing.Item id="154" uuid="3e15e6d4-26fe-102b-80cb-0017a47871b2">
      <id>1190</id>
      <classname>org.openmrs.ConceptName</classname>
      <dateChanged id="155">2005-02-07 00:00:00</dateChanged>
    </org.openmrs.module.metadatasharing.Item>
    <org.openmrs.module.metadatasharing.Item id="156" uuid="f5dd05f2-d5db-102d-ad2a-000c29c2a5d7">
      <id>10669</id>
      <classname>org.openmrs.ConceptName</classname>
      <dateChanged id="157">2016-09-01 17:20:10</dateChanged>
    </org.openmrs.module.metadatasharing.Item>
    <org.openmrs.module.metadatasharing.Item id="158" uuid="22b1b659-269c-4c95-9001-733c6e0d9001">
      <id>14152</id>
      <classname>org.openmrs.ConceptName</classname>
      <dateChanged id="159">2010-11-07 13:13:07</dateChanged>
    </org.openmrs.module.metadatasharing.Item>
    <org.openmrs.module.metadatasharing.Item id="160" uuid="aa7aec99-9bcd-4215-adf2-ae45ce0cf5aa">
      <id>31383</id>
      <classname>org.openmrs.ConceptName</classname>
      <dateChanged id="161">2016-09-01 17:20:10</dateChanged>
    </org.openmrs.module.metadatasharing.Item>
    <org.openmrs.module.metadatasharing.Item id="162" uuid="ece4f8e4-07fe-102c-b5fa-0017a47871b2">
      <id>1164</id>
      <classname>org.openmrs.ConceptDescription</classname>
      <dateChanged id="163">2010-11-07 13:13:07</dateChanged>
    </org.openmrs.module.metadatasharing.Item>
    <org.openmrs.module.metadatasharing.Item id="164" uuid="b20efcee-4864-102e-96e9-000c29c2a5d7">
      <id>1154</id>
      <classname>org.openmrs.ConceptMap</classname>
      <dateChanged id="165">2012-06-21 16:49:52</dateChanged>
    </org.openmrs.module.metadatasharing.Item>
    <org.openmrs.module.metadatasharing.Item id="166" uuid="b9eda55a-b592-3ffd-9c06-c04662356e75">
      <id>1154</id>
      <classname>org.openmrs.ConceptReferenceTerm</classname>
      <dateChanged id="167">2010-11-23 00:00:00</dateChanged>
      <retired>false</retired>
    </org.openmrs.module.metadatasharing.Item>
    <org.openmrs.module.metadatasharing.Item id="168" uuid="01527878-3160-4b19-ae40-56fb04c71e26">
      <id>35417</id>
      <classname>org.openmrs.ConceptMap</classname>
      <dateChanged id="169">2020-10-12 18:04:10</dateChanged>
    </org.openmrs.module.metadatasharing.Item>
    <org.openmrs.module.metadatasharing.Item id="170" uuid="49d0b0dd-66ab-416e-9eca-cd4947d671fd">
      <id>33997</id>
      <classname>org.openmrs.ConceptReferenceTerm</classname>
      <dateChanged id="171">2020-10-12 18:03:22</dateChanged>
      <retired>false</retired>
    </org.openmrs.module.metadatasharing.Item>
    <org.openmrs.module.metadatasharing.Item id="172" uuid="9844852e-d3a9-47d8-b138-eeca904e8960">
      <id>35418</id>
      <classname>org.openmrs.ConceptMap</classname>
      <dateChanged id="173">2020-10-12 18:04:10</dateChanged>
    </org.openmrs.module.metadatasharing.Item>
    <org.openmrs.module.metadatasharing.Item id="174" uuid="702761d1-928b-420b-954e-db0e85744b8e">
      <id>33998</id>
      <classname>org.openmrs.ConceptReferenceTerm</classname>
      <dateChanged id="175">2020-10-12 18:03:45</dateChanged>
      <retired>false</retired>
    </org.openmrs.module.metadatasharing.Item>
    <org.openmrs.module.metadatasharing.Item id="176" uuid="7568e6e4-4943-102e-96e9-000c29c2a5d7">
      <id>7013</id>
      <classname>org.openmrs.ConceptMap</classname>
      <dateChanged id="177">2012-06-21 16:49:52</dateChanged>
    </org.openmrs.module.metadatasharing.Item>
    <org.openmrs.module.metadatasharing.Item id="178" uuid="c9f5fc02-7ab0-3bfa-8bd8-459d5bfcc051">
      <id>7013</id>
      <classname>org.openmrs.ConceptReferenceTerm</classname>
      <dateChanged id="179">2010-11-24 00:00:00</dateChanged>
      <retired>false</retired>
    </org.openmrs.module.metadatasharing.Item>
    <org.openmrs.module.metadatasharing.Item id="180" uuid="1306340a-ab15-4256-a4da-0eb343b00eed">
      <id>6966</id>
      <classname>org.openmrs.ConceptDescription</classname>
      <dateChanged id="181">2015-11-02 22:16:39</dateChanged>
    </org.openmrs.module.metadatasharing.Item>
    <org.openmrs.module.metadatasharing.Item id="182" uuid="45cdb321-b13d-4aa4-a9b1-f7b829823b7d">
      <id>26053</id>
      <classname>org.openmrs.ConceptMap</classname>
      <dateChanged id="183">2015-11-02 22:20:33</dateChanged>
    </org.openmrs.module.metadatasharing.Item>
    <org.openmrs.module.metadatasharing.Item id="184" uuid="a2a40541-0301-43d7-91f6-5ac4cb6553d1">
      <id>25398</id>
      <classname>org.openmrs.ConceptReferenceTerm</classname>
      <dateChanged id="185">2015-11-02 22:19:16</dateChanged>
      <retired>false</retired>
    </org.openmrs.module.metadatasharing.Item>
    <org.openmrs.module.metadatasharing.Item id="186" uuid="ba39e2bd-558f-443b-a188-ce3af22c8184">
      <id>26052</id>
      <classname>org.openmrs.ConceptMap</classname>
      <dateChanged id="187">2015-11-02 22:18:52</dateChanged>
    </org.openmrs.module.metadatasharing.Item>
    <org.openmrs.module.metadatasharing.Item id="188" uuid="eb87e690-67c5-4627-8125-249f06baba79">
      <id>25397</id>
      <classname>org.openmrs.ConceptReferenceTerm</classname>
      <dateChanged id="189">2015-11-02 22:17:39</dateChanged>
      <retired>false</retired>
    </org.openmrs.module.metadatasharing.Item>
    <org.openmrs.module.metadatasharing.Item id="190" uuid="5613f7f0-c1b5-40c0-9299-db44f60b42d9">
      <id>35291</id>
      <classname>org.openmrs.ConceptMap</classname>
      <dateChanged id="191">2020-09-08 18:18:33</dateChanged>
    </org.openmrs.module.metadatasharing.Item>
    <org.openmrs.module.metadatasharing.Item id="192" uuid="78c6d076-d5dd-4251-aa69-dc9194177a5b">
      <id>33881</id>
      <classname>org.openmrs.ConceptReferenceTerm</classname>
      <dateChanged id="193">2020-09-08 18:18:23</dateChanged>
      <retired>false</retired>
    </org.openmrs.module.metadatasharing.Item>
    <org.openmrs.module.metadatasharing.Item id="194" uuid="05c8666e-23f5-4b29-959e-dd0cd89e4c85">
      <id>35290</id>
      <classname>org.openmrs.ConceptMap</classname>
      <dateChanged id="195">2020-09-08 18:17:54</dateChanged>
    </org.openmrs.module.metadatasharing.Item>
    <org.openmrs.module.metadatasharing.Item id="196" uuid="69c313b1-c99a-42e0-9966-6dcc0ae9c811">
      <id>33880</id>
      <classname>org.openmrs.ConceptReferenceTerm</classname>
      <dateChanged id="197">2020-09-08 18:17:10</dateChanged>
      <retired>false</retired>
    </org.openmrs.module.metadatasharing.Item>
    <org.openmrs.module.metadatasharing.Item id="198" uuid="90a8282d-ed48-4bc0-962d-7e177d782e62">
      <id>6330</id>
      <classname>org.openmrs.ConceptSet</classname>
      <dateChanged id="199">2015-11-02 22:34:13</dateChanged>
    </org.openmrs.module.metadatasharing.Item>
    <org.openmrs.module.metadatasharing.Item id="200" uuid="2f4b8b9c-0214-4f54-9446-fa306b3ddff0">
      <id>10565</id>
      <classname>org.openmrs.Concept</classname>
      <dateChanged id="201">2018-12-14 20:06:21</dateChanged>
      <retired>false</retired>
    </org.openmrs.module.metadatasharing.Item>
    <org.openmrs.module.metadatasharing.Item id="202" uuid="685ec9ea-b2ad-4b2a-bb71-cc44acea257a">
      <id>30468</id>
      <classname>org.openmrs.ConceptName</classname>
      <dateChanged id="203">2018-12-14 20:06:21</dateChanged>
    </org.openmrs.module.metadatasharing.Item>
    <org.openmrs.module.metadatasharing.Item id="204" uuid="e65af896-42c0-48ba-96ee-a54952b65087">
      <id>9378</id>
      <classname>org.openmrs.ConceptAnswer</classname>
      <dateChanged id="205">2015-11-02 22:25:42</dateChanged>
    </org.openmrs.module.metadatasharing.Item>
    <org.openmrs.module.metadatasharing.Item id="206" uuid="28e10eba-84fe-4ab6-992b-a3f3458d598d">
      <id>9376</id>
      <classname>org.openmrs.ConceptAnswer</classname>
      <dateChanged id="207">2015-11-02 22:25:42</dateChanged>
    </org.openmrs.module.metadatasharing.Item>
    <org.openmrs.module.metadatasharing.Item id="208" uuid="67777989-6708-47cc-9c7d-127570961757">
      <id>9379</id>
      <classname>org.openmrs.ConceptAnswer</classname>
      <dateChanged id="209">2015-11-02 22:25:42</dateChanged>
    </org.openmrs.module.metadatasharing.Item>
    <org.openmrs.module.metadatasharing.Item id="210" uuid="8bf307c4-db05-4967-a049-78940983deed">
      <id>9377</id>
      <classname>org.openmrs.ConceptAnswer</classname>
      <dateChanged id="211">2015-11-02 22:25:42</dateChanged>
    </org.openmrs.module.metadatasharing.Item>
    <org.openmrs.module.metadatasharing.Item id="212" uuid="f7ea51e8-2181-4ae6-a707-81c0f3ac37b0">
      <id>6967</id>
      <classname>org.openmrs.ConceptDescription</classname>
      <dateChanged id="213">2015-11-02 22:25:42</dateChanged>
    </org.openmrs.module.metadatasharing.Item>
    <org.openmrs.module.metadatasharing.Item id="214" uuid="469f45c9-6404-44ab-93d7-9e3b83d8ac27">
      <id>26055</id>
      <classname>org.openmrs.ConceptMap</classname>
      <dateChanged id="215">2015-11-02 22:26:33</dateChanged>
    </org.openmrs.module.metadatasharing.Item>
    <org.openmrs.module.metadatasharing.Item id="216" uuid="08fa84da-611a-4d70-a277-a267e49e20ab">
      <id>25400</id>
      <classname>org.openmrs.ConceptReferenceTerm</classname>
      <dateChanged id="217">2015-11-02 22:26:05</dateChanged>
      <retired>false</retired>
    </org.openmrs.module.metadatasharing.Item>
    <org.openmrs.module.metadatasharing.Item id="218" uuid="7828a168-480f-4f60-a371-202e498f3f83">
      <id>26054</id>
      <classname>org.openmrs.ConceptMap</classname>
      <dateChanged id="219">2015-11-02 22:25:42</dateChanged>
    </org.openmrs.module.metadatasharing.Item>
    <org.openmrs.module.metadatasharing.Item id="220" uuid="03cd7326-14d9-4abb-b32e-5c96a505294e">
      <id>25399</id>
      <classname>org.openmrs.ConceptReferenceTerm</classname>
      <dateChanged id="221">2015-11-02 22:25:06</dateChanged>
      <retired>false</retired>
    </org.openmrs.module.metadatasharing.Item>
    <org.openmrs.module.metadatasharing.Item id="222" uuid="037dbfa0-ef95-48b0-83f4-56ae64ffd7f2">
      <id>6331</id>
      <classname>org.openmrs.ConceptSet</classname>
      <dateChanged id="223">2015-11-02 22:34:14</dateChanged>
    </org.openmrs.module.metadatasharing.Item>
    <org.openmrs.module.metadatasharing.Item id="224" uuid="5e87b8c1-3498-4595-bb77-cc59c4fdc1c6">
      <id>10566</id>
      <classname>org.openmrs.Concept</classname>
      <dateChanged id="225">2018-12-14 20:06:01</dateChanged>
      <retired>false</retired>
    </org.openmrs.module.metadatasharing.Item>
    <org.openmrs.module.metadatasharing.Item id="226" uuid="8d4a4ab4-c2cc-11de-8d13-0010c6dffd0f">
      <id>3</id>
      <classname>org.openmrs.ConceptDatatype</classname>
      <dateChanged id="227">2004-02-02 00:00:00</dateChanged>
      <retired>false</retired>
    </org.openmrs.module.metadatasharing.Item>
    <org.openmrs.module.metadatasharing.Item id="228" uuid="0d75a1b0-d6f6-43fe-b37c-fa985273a81e">
      <id>30469</id>
      <classname>org.openmrs.ConceptName</classname>
      <dateChanged id="229">2018-12-14 20:06:01</dateChanged>
    </org.openmrs.module.metadatasharing.Item>
    <org.openmrs.module.metadatasharing.Item id="230" uuid="26ac7ebd-4c0e-40b2-9c22-53ff1c269d5b">
      <id>6968</id>
      <classname>org.openmrs.ConceptDescription</classname>
      <dateChanged id="231">2015-11-02 22:28:46</dateChanged>
    </org.openmrs.module.metadatasharing.Item>
    <org.openmrs.module.metadatasharing.Item id="232" uuid="7ef0b0b3-c7e8-4b92-b9d0-8d5c04bedf51">
      <id>26056</id>
      <classname>org.openmrs.ConceptMap</classname>
      <dateChanged id="233">2015-11-02 22:28:46</dateChanged>
    </org.openmrs.module.metadatasharing.Item>
    <org.openmrs.module.metadatasharing.Item id="234" uuid="89fa75df-eda0-4049-bca3-7c48c3e9e28a">
      <id>25401</id>
      <classname>org.openmrs.ConceptReferenceTerm</classname>
      <dateChanged id="235">2015-11-02 22:28:25</dateChanged>
      <retired>false</retired>
    </org.openmrs.module.metadatasharing.Item>
    <org.openmrs.module.metadatasharing.Item id="236" uuid="54e9f08a-c631-4fa5-bd59-54404f3b590c">
      <id>26057</id>
      <classname>org.openmrs.ConceptMap</classname>
      <dateChanged id="237">2015-11-02 22:29:44</dateChanged>
    </org.openmrs.module.metadatasharing.Item>
    <org.openmrs.module.metadatasharing.Item id="238" uuid="254f1ecc-802f-49c4-bfdf-b0537ac20950">
      <id>25402</id>
      <classname>org.openmrs.ConceptReferenceTerm</classname>
      <dateChanged id="239">2015-11-02 22:29:23</dateChanged>
      <retired>false</retired>
    </org.openmrs.module.metadatasharing.Item>
    <org.openmrs.module.metadatasharing.Item id="240" uuid="fd013671-d1af-4611-a435-873b1b2993f5">
      <id>6969</id>
      <classname>org.openmrs.ConceptDescription</classname>
      <dateChanged id="241">2015-11-02 22:34:13</dateChanged>
    </org.openmrs.module.metadatasharing.Item>
    <org.openmrs.module.metadatasharing.Item id="242" uuid="48c1dedd-43e3-461b-9fe2-75330530fdb2">
      <id>26059</id>
      <classname>org.openmrs.ConceptMap</classname>
      <dateChanged id="243">2015-11-02 22:34:52</dateChanged>
    </org.openmrs.module.metadatasharing.Item>
    <org.openmrs.module.metadatasharing.Item id="244" uuid="f2bccbaf-1c8f-45d5-9dd9-3c0bad7adedd">
      <id>25404</id>
      <classname>org.openmrs.ConceptReferenceTerm</classname>
      <dateChanged id="245">2015-11-02 22:34:29</dateChanged>
      <retired>false</retired>
    </org.openmrs.module.metadatasharing.Item>
    <org.openmrs.module.metadatasharing.Item id="246" uuid="78e18408-0085-4203-a695-526d488893a9">
      <id>26058</id>
      <classname>org.openmrs.ConceptMap</classname>
      <dateChanged id="247">2015-11-02 22:34:14</dateChanged>
    </org.openmrs.module.metadatasharing.Item>
    <org.openmrs.module.metadatasharing.Item id="248" uuid="933f44a2-6a4d-4001-84b1-b2f6b09181f8">
      <id>25403</id>
      <classname>org.openmrs.ConceptReferenceTerm</classname>
      <dateChanged id="249">2015-11-02 22:33:58</dateChanged>
      <retired>false</retired>
    </org.openmrs.module.metadatasharing.Item>
    <org.openmrs.module.metadatasharing.Item id="250" uuid="b88f9d89-855a-4831-a0c6-acc3cb8c6769">
      <id>10800</id>
      <classname>org.openmrs.ConceptSet</classname>
      <dateChanged id="251">2020-02-20 19:31:03</dateChanged>
    </org.openmrs.module.metadatasharing.Item>
    <org.openmrs.module.metadatasharing.Item id="252" uuid="c18ae467-93ce-45b6-976f-1c0300be3345">
      <id>6906</id>
      <classname>org.openmrs.Concept</classname>
      <dateChanged id="253">2018-12-14 20:12:55</dateChanged>
      <retired>false</retired>
    </org.openmrs.module.metadatasharing.Item>
    <org.openmrs.module.metadatasharing.Item id="254" uuid="e0b8dd12-0ba4-4bb2-8cc7-d9c2e74eb148">
      <id>38029</id>
      <classname>org.openmrs.ConceptName</classname>
      <dateChanged id="255">2018-12-14 20:12:55</dateChanged>
    </org.openmrs.module.metadatasharing.Item>
    <org.openmrs.module.metadatasharing.Item id="256" uuid="e9b93ed7-d4cc-4a73-9500-d2c326a19620">
      <id>14195</id>
      <classname>org.openmrs.ConceptName</classname>
      <dateChanged id="257">2018-12-14 20:12:55</dateChanged>
    </org.openmrs.module.metadatasharing.Item>
    <org.openmrs.module.metadatasharing.Item id="258" uuid="eaa888e2-f6b1-4820-9527-25eba12f64a7">
      <id>5355</id>
      <classname>org.openmrs.ConceptDescription</classname>
      <dateChanged id="259">2018-12-14 20:12:55</dateChanged>
    </org.openmrs.module.metadatasharing.Item>
    <org.openmrs.module.metadatasharing.Item id="260" uuid="b2b274e6-4864-102e-96e9-000c29c2a5d7">
      <id>5969</id>
      <classname>org.openmrs.ConceptMap</classname>
      <dateChanged id="261">2012-06-21 16:49:52</dateChanged>
    </org.openmrs.module.metadatasharing.Item>
    <org.openmrs.module.metadatasharing.Item id="262" uuid="d2189efb-18dc-3812-8b13-2c28c7858c62">
      <id>5969</id>
      <classname>org.openmrs.ConceptReferenceTerm</classname>
      <dateChanged id="263">2010-11-23 00:00:00</dateChanged>
      <retired>false</retired>
    </org.openmrs.module.metadatasharing.Item>
    <org.openmrs.module.metadatasharing.Item id="264" uuid="75b2365a-4943-102e-96e9-000c29c2a5d7">
      <id>11533</id>
      <classname>org.openmrs.ConceptMap</classname>
      <dateChanged id="265">2012-06-21 16:49:52</dateChanged>
    </org.openmrs.module.metadatasharing.Item>
    <org.openmrs.module.metadatasharing.Item id="266" uuid="d2e83a14-4323-3218-939a-b4f9ce5e0c40">
      <id>11533</id>
      <classname>org.openmrs.ConceptReferenceTerm</classname>
      <dateChanged id="267">2010-11-24 00:00:00</dateChanged>
      <retired>false</retired>
    </org.openmrs.module.metadatasharing.Item>
    <org.openmrs.module.metadatasharing.Item id="268" uuid="1c48eb70-6534-4e19-bf52-fcbf83ee8cc0">
      <id>11286</id>
      <classname>org.openmrs.ConceptSet</classname>
      <dateChanged id="269">2020-09-08 18:25:01</dateChanged>
    </org.openmrs.module.metadatasharing.Item>
    <org.openmrs.module.metadatasharing.Item id="270" uuid="44b63fbe-57d8-4462-b33f-45753f15ee0f">
      <id>3581</id>
      <classname>org.openmrs.Concept</classname>
      <dateChanged id="271">2020-09-08 18:23:14</dateChanged>
      <retired>false</retired>
    </org.openmrs.module.metadatasharing.Item>
    <org.openmrs.module.metadatasharing.Item id="272" uuid="a8296a1c-bf9c-4d9b-b87a-164d78935f4b">
      <id>44426</id>
      <classname>org.openmrs.ConceptName</classname>
      <dateChanged id="273">2020-09-08 18:22:45</dateChanged>
    </org.openmrs.module.metadatasharing.Item>
    <org.openmrs.module.metadatasharing.Item id="274" uuid="f7197676-d5db-102d-ad2a-000c29c2a5d7">
      <id>13092</id>
      <classname>org.openmrs.ConceptName</classname>
      <dateChanged id="275">2020-09-08 18:21:48</dateChanged>
    </org.openmrs.module.metadatasharing.Item>
    <org.openmrs.module.metadatasharing.Item id="276" uuid="0b77dcea-15f5-102d-96e4-000c29c2a5d7">
      <id>4936</id>
      <classname>org.openmrs.ConceptName</classname>
      <dateChanged id="277">2020-09-08 18:22:45</dateChanged>
    </org.openmrs.module.metadatasharing.Item>
    <org.openmrs.module.metadatasharing.Item id="278" uuid="0b1fe670-15f5-102d-96e4-000c29c2a5d7">
      <id>5092</id>
      <classname>org.openmrs.ConceptAnswer</classname>
      <dateChanged id="279">2008-09-11 11:00:57</dateChanged>
    </org.openmrs.module.metadatasharing.Item>
    <org.openmrs.module.metadatasharing.Item id="280" uuid="3cd6f600-26fe-102b-80cb-0017a47871b2">
      <id>1065</id>
      <classname>org.openmrs.Concept</classname>
      <dateChanged id="281">2020-09-23 15:25:44</dateChanged>
      <retired>false</retired>
    </org.openmrs.module.metadatasharing.Item>
    <org.openmrs.module.metadatasharing.Item id="282" uuid="8d492774-c2cc-11de-8d13-0010c6dffd0f">
      <id>11</id>
      <classname>org.openmrs.ConceptClass</classname>
      <dateChanged id="283">2015-07-01 17:25:50</dateChanged>
      <retired>false</retired>
    </org.openmrs.module.metadatasharing.Item>
    <org.openmrs.module.metadatasharing.Item id="284" uuid="127332BBBBBBBBBBBBBBBBBBBBBBBBBBBBBB">
      <id>29699</id>
      <classname>org.openmrs.ConceptName</classname>
      <dateChanged id="285">2015-04-24 21:17:40</dateChanged>
    </org.openmrs.module.metadatasharing.Item>
    <org.openmrs.module.metadatasharing.Item id="286" uuid="126316BBBBBBBBBBBBBBBBBBBBBBBBBBBBBB">
      <id>29696</id>
      <classname>org.openmrs.ConceptName</classname>
      <dateChanged id="287">2014-10-07 22:39:17</dateChanged>
    </org.openmrs.module.metadatasharing.Item>
    <org.openmrs.module.metadatasharing.Item id="288" uuid="106307BBBBBBBBBBBBBBBBBBBBBBBBBBBBBB">
      <id>29693</id>
      <classname>org.openmrs.ConceptName</classname>
      <dateChanged id="289">2010-06-21 23:11:26</dateChanged>
    </org.openmrs.module.metadatasharing.Item>
    <org.openmrs.module.metadatasharing.Item id="290" uuid="126313BBBBBBBBBBBBBBBBBBBBBBBBBBBBBB">
      <id>29692</id>
      <classname>org.openmrs.ConceptName</classname>
      <dateChanged id="291">2014-10-07 22:36:00</dateChanged>
    </org.openmrs.module.metadatasharing.Item>
    <org.openmrs.module.metadatasharing.Item id="292" uuid="3e15161e-26fe-102b-80cb-0017a47871b2">
      <id>1102</id>
      <classname>org.openmrs.ConceptName</classname>
      <dateChanged id="293">2015-04-22 14:28:44</dateChanged>
    </org.openmrs.module.metadatasharing.Item>
    <org.openmrs.module.metadatasharing.Item id="294" uuid="137332BBBBBBBBBBBBBBBBBBBBBBBBBBBBBB">
      <id>32263</id>
      <classname>org.openmrs.ConceptName</classname>
      <dateChanged id="295">2016-07-10 05:47:58</dateChanged>
    </org.openmrs.module.metadatasharing.Item>
    <org.openmrs.module.metadatasharing.Item id="296" uuid="126317BBBBBBBBBBBBBBBBBBBBBBBBBBBBBB">
      <id>29698</id>
      <classname>org.openmrs.ConceptName</classname>
      <dateChanged id="297">2014-10-07 22:39:17</dateChanged>
    </org.openmrs.module.metadatasharing.Item>
    <org.openmrs.module.metadatasharing.Item id="298" uuid="108333BBBBBBBBBBBBBBBBBBBBBBBBBBBBBB">
      <id>29700</id>
      <classname>org.openmrs.ConceptName</classname>
      <dateChanged id="299">2012-03-04 23:58:29</dateChanged>
    </org.openmrs.module.metadatasharing.Item>
    <org.openmrs.module.metadatasharing.Item id="300" uuid="126314BBBBBBBBBBBBBBBBBBBBBBBBBBBBBB">
      <id>29695</id>
      <classname>org.openmrs.ConceptName</classname>
      <dateChanged id="301">2014-10-07 22:39:17</dateChanged>
    </org.openmrs.module.metadatasharing.Item>
    <org.openmrs.module.metadatasharing.Item id="302" uuid="111198BBBBBBBBBBBBBBBBBBBBBBBBBBBBBB">
      <id>29697</id>
      <classname>org.openmrs.ConceptName</classname>
      <dateChanged id="303">2013-01-27 06:41:22</dateChanged>
    </org.openmrs.module.metadatasharing.Item>
    <org.openmrs.module.metadatasharing.Item id="304" uuid="0b931af0-15f5-102d-96e4-000c29c2a5d7">
      <id>9147</id>
      <classname>org.openmrs.ConceptName</classname>
      <dateChanged id="305">2015-04-22 14:28:44</dateChanged>
    </org.openmrs.module.metadatasharing.Item>
    <org.openmrs.module.metadatasharing.Item id="306" uuid="126315BBBBBBBBBBBBBBBBBBBBBBBBBBBBBB">
      <id>29691</id>
      <classname>org.openmrs.ConceptName</classname>
      <dateChanged id="307">2014-10-07 22:39:17</dateChanged>
    </org.openmrs.module.metadatasharing.Item>
    <org.openmrs.module.metadatasharing.Item id="308" uuid="126318BBBBBBBBBBBBBBBBBBBBBBBBBBBBBB">
      <id>29689</id>
      <classname>org.openmrs.ConceptName</classname>
      <dateChanged id="309">2014-10-07 22:39:17</dateChanged>
    </org.openmrs.module.metadatasharing.Item>
    <org.openmrs.module.metadatasharing.Item id="310" uuid="139802BBBBBBBBBBBBBBBBBBBBBBBBBBBBBB">
      <id>32264</id>
      <classname>org.openmrs.ConceptName</classname>
      <dateChanged id="311">2016-08-16 11:47:47</dateChanged>
    </org.openmrs.module.metadatasharing.Item>
    <org.openmrs.module.metadatasharing.Item id="312" uuid="541f1720-0abe-49dd-b4f6-7de87ce05917">
      <id>17941</id>
      <classname>org.openmrs.ConceptName</classname>
      <dateChanged id="313">2015-04-22 14:28:44</dateChanged>
    </org.openmrs.module.metadatasharing.Item>
    <org.openmrs.module.metadatasharing.Item id="314" uuid="126319BBBBBBBBBBBBBBBBBBBBBBBBBBBBBB">
      <id>29694</id>
      <classname>org.openmrs.ConceptName</classname>
      <dateChanged id="315">2014-10-07 22:39:17</dateChanged>
    </org.openmrs.module.metadatasharing.Item>
    <org.openmrs.module.metadatasharing.Item id="316" uuid="106919BBBBBBBBBBBBBBBBBBBBBBBBBBBBBB">
      <id>29690</id>
      <classname>org.openmrs.ConceptName</classname>
      <dateChanged id="317">2010-10-24 20:04:37</dateChanged>
    </org.openmrs.module.metadatasharing.Item>
    <org.openmrs.module.metadatasharing.Item id="318" uuid="ece437ba-07fe-102c-b5fa-0017a47871b2">
      <id>1076</id>
      <classname>org.openmrs.ConceptDescription</classname>
      <dateChanged id="319">2015-04-22 14:28:44</dateChanged>
    </org.openmrs.module.metadatasharing.Item>
    <org.openmrs.module.metadatasharing.Item id="320" uuid="1068FFFFFFFFFFFFFFFFFFFFFFFFFFFFFFFF">
      <id>6865</id>
      <classname>org.openmrs.ConceptDescription</classname>
      <dateChanged id="321">2015-04-24 21:17:40</dateChanged>
    </org.openmrs.module.metadatasharing.Item>
    <org.openmrs.module.metadatasharing.Item id="322" uuid="18158FFFFFFFFFFFFFFFFFFFFFFFFFFFFFFF">
      <id>7125</id>
      <classname>org.openmrs.ConceptDescription</classname>
      <dateChanged id="323">2016-08-16 11:47:47</dateChanged>
    </org.openmrs.module.metadatasharing.Item>
    <org.openmrs.module.metadatasharing.Item id="324" uuid="b20d114a-4864-102e-96e9-000c29c2a5d7">
      <id>1067</id>
      <classname>org.openmrs.ConceptMap</classname>
      <dateChanged id="325">2015-04-22 14:28:44</dateChanged>
    </org.openmrs.module.metadatasharing.Item>
    <org.openmrs.module.metadatasharing.Item id="326" uuid="bbb5c16f-f127-32a4-97d5-7d7bed12bfd4">
      <id>1067</id>
      <classname>org.openmrs.ConceptReferenceTerm</classname>
      <dateChanged id="327">2010-11-23 00:00:00</dateChanged>
      <retired>false</retired>
    </org.openmrs.module.metadatasharing.Item>
    <org.openmrs.module.metadatasharing.Item id="328" uuid="133840ABBBBBBBBBBBBBBBBBBBBBBBBBBBBB">
      <id>25513</id>
      <classname>org.openmrs.ConceptMap</classname>
      <dateChanged id="329">2010-10-01 23:11:47</dateChanged>
    </org.openmrs.module.metadatasharing.Item>
    <org.openmrs.module.metadatasharing.Item id="330" uuid="d2d5f591-c1b5-308e-bbbb-2fb6dee0d2b2">
      <id>24855</id>
      <classname>org.openmrs.ConceptReferenceTerm</classname>
      <dateChanged id="331">2010-10-01 04:00:00</dateChanged>
      <retired>false</retired>
    </org.openmrs.module.metadatasharing.Item>
    <org.openmrs.module.metadatasharing.Item id="332" uuid="7568887a-4943-102e-96e9-000c29c2a5d7">
      <id>6958</id>
      <classname>org.openmrs.ConceptMap</classname>
      <dateChanged id="333">2015-04-22 14:28:44</dateChanged>
    </org.openmrs.module.metadatasharing.Item>
    <org.openmrs.module.metadatasharing.Item id="334" uuid="43c590f7-f85f-376f-9083-d189b74ed37c">
      <id>6958</id>
      <classname>org.openmrs.ConceptReferenceTerm</classname>
      <dateChanged id="335">2010-11-24 00:00:00</dateChanged>
      <retired>false</retired>
    </org.openmrs.module.metadatasharing.Item>
    <org.openmrs.module.metadatasharing.Item id="336" uuid="4c5c3b67-8cc9-4d59-9b8e-8c910e44d8a3">
      <id>27084</id>
      <classname>org.openmrs.ConceptMap</classname>
      <dateChanged id="337">2017-03-04 21:45:04</dateChanged>
    </org.openmrs.module.metadatasharing.Item>
    <org.openmrs.module.metadatasharing.Item id="338" uuid="7df22b69-9a03-49e8-aa0a-063e61e1f9a5">
      <id>26241</id>
      <classname>org.openmrs.ConceptReferenceTerm</classname>
      <dateChanged id="339">2017-03-04 21:44:26</dateChanged>
      <retired>false</retired>
    </org.openmrs.module.metadatasharing.Item>
    <org.openmrs.module.metadatasharing.Item id="340" uuid="144378ABBBBBBBBBBBBBBBBBBBBBBBBBBBBB">
      <id>27570</id>
      <classname>org.openmrs.ConceptMap</classname>
      <dateChanged id="341">2012-06-03 21:56:11</dateChanged>
    </org.openmrs.module.metadatasharing.Item>
    <org.openmrs.module.metadatasharing.Item id="342" uuid="0a25554e-8e73-3431-a111-837291cbc771">
      <id>26891</id>
      <classname>org.openmrs.ConceptReferenceTerm</classname>
      <dateChanged id="343">2012-06-03 04:00:00</dateChanged>
      <retired>false</retired>
    </org.openmrs.module.metadatasharing.Item>
    <org.openmrs.module.metadatasharing.Item id="344" uuid="12ADDDDDDDDDDDDDDDDDDDDDDDDDDDDDDDDD">
      <id>24</id>
      <classname>org.openmrs.ConceptSource</classname>
      <dateChanged id="345">2015-07-01 17:25:50</dateChanged>
      <retired>false</retired>
    </org.openmrs.module.metadatasharing.Item>
    <org.openmrs.module.metadatasharing.Item id="346" uuid="134737ABBBBBBBBBBBBBBBBBBBBBBBBBBBBB">
      <id>27569</id>
      <classname>org.openmrs.ConceptMap</classname>
      <dateChanged id="347">2010-10-24 17:09:59</dateChanged>
    </org.openmrs.module.metadatasharing.Item>
    <org.openmrs.module.metadatasharing.Item id="348" uuid="85fd20aa-8f0e-33c6-8d26-87087144d1f0">
      <id>26890</id>
      <classname>org.openmrs.ConceptReferenceTerm</classname>
      <dateChanged id="349">2010-10-24 04:00:00</dateChanged>
      <retired>false</retired>
    </org.openmrs.module.metadatasharing.Item>
    <org.openmrs.module.metadatasharing.Item id="350" uuid="0b1fe4c2-15f5-102d-96e4-000c29c2a5d7">
      <id>5090</id>
      <classname>org.openmrs.ConceptAnswer</classname>
      <dateChanged id="351">2008-09-11 11:00:57</dateChanged>
    </org.openmrs.module.metadatasharing.Item>
    <org.openmrs.module.metadatasharing.Item id="352" uuid="3cd6f86c-26fe-102b-80cb-0017a47871b2">
      <id>1066</id>
      <classname>org.openmrs.Concept</classname>
      <dateChanged id="353">2020-09-23 15:25:44</dateChanged>
      <retired>false</retired>
    </org.openmrs.module.metadatasharing.Item>
    <org.openmrs.module.metadatasharing.Item id="354" uuid="139803BBBBBBBBBBBBBBBBBBBBBBBBBBBBBB">
      <id>32262</id>
      <classname>org.openmrs.ConceptName</classname>
      <dateChanged id="355">2016-08-16 11:48:25</dateChanged>
    </org.openmrs.module.metadatasharing.Item>
    <org.openmrs.module.metadatasharing.Item id="356" uuid="3e151786-26fe-102b-80cb-0017a47871b2">
      <id>8310</id>
      <classname>org.openmrs.ConceptName</classname>
      <dateChanged id="357">2015-04-22 14:28:45</dateChanged>
    </org.openmrs.module.metadatasharing.Item>
    <org.openmrs.module.metadatasharing.Item id="358" uuid="126360BBBBBBBBBBBBBBBBBBBBBBBBBBBBBB">
      <id>29715</id>
      <classname>org.openmrs.ConceptName</classname>
      <dateChanged id="359">2014-10-11 19:48:46</dateChanged>
    </org.openmrs.module.metadatasharing.Item>
    <org.openmrs.module.metadatasharing.Item id="360" uuid="108334BBBBBBBBBBBBBBBBBBBBBBBBBBBBBB">
      <id>29712</id>
      <classname>org.openmrs.ConceptName</classname>
      <dateChanged id="361">2012-03-04 23:58:47</dateChanged>
    </org.openmrs.module.metadatasharing.Item>
    <org.openmrs.module.metadatasharing.Item id="362" uuid="111196BBBBBBBBBBBBBBBBBBBBBBBBBBBBBB">
      <id>29717</id>
      <classname>org.openmrs.ConceptName</classname>
      <dateChanged id="363">2013-01-27 06:40:38</dateChanged>
    </org.openmrs.module.metadatasharing.Item>
    <org.openmrs.module.metadatasharing.Item id="364" uuid="126357BBBBBBBBBBBBBBBBBBBBBBBBBBBBBB">
      <id>29709</id>
      <classname>org.openmrs.ConceptName</classname>
      <dateChanged id="365">2014-10-11 19:48:46</dateChanged>
    </org.openmrs.module.metadatasharing.Item>
    <org.openmrs.module.metadatasharing.Item id="366" uuid="5bcc9a17-0a17-4075-84d4-f09882cfaa18">
      <id>17939</id>
      <classname>org.openmrs.ConceptName</classname>
      <dateChanged id="367">2015-04-22 14:28:45</dateChanged>
    </org.openmrs.module.metadatasharing.Item>
    <org.openmrs.module.metadatasharing.Item id="368" uuid="106917BBBBBBBBBBBBBBBBBBBBBBBBBBBBBB">
      <id>29711</id>
      <classname>org.openmrs.ConceptName</classname>
      <dateChanged id="369">2010-10-24 20:04:03</dateChanged>
    </org.openmrs.module.metadatasharing.Item>
    <org.openmrs.module.metadatasharing.Item id="370" uuid="126358BBBBBBBBBBBBBBBBBBBBBBBBBBBBBB">
      <id>29718</id>
      <classname>org.openmrs.ConceptName</classname>
      <dateChanged id="371">2014-10-11 19:48:46</dateChanged>
    </org.openmrs.module.metadatasharing.Item>
    <org.openmrs.module.metadatasharing.Item id="372" uuid="743d14ca-dd31-4ed7-8bfb-b2e4c98a2609">
      <id>17940</id>
      <classname>org.openmrs.ConceptName</classname>
      <dateChanged id="373">2015-04-22 14:28:45</dateChanged>
    </org.openmrs.module.metadatasharing.Item>
    <org.openmrs.module.metadatasharing.Item id="374" uuid="106308BBBBBBBBBBBBBBBBBBBBBBBBBBBBBB">
      <id>29713</id>
      <classname>org.openmrs.ConceptName</classname>
      <dateChanged id="375">2010-06-21 23:11:53</dateChanged>
    </org.openmrs.module.metadatasharing.Item>
    <org.openmrs.module.metadatasharing.Item id="376" uuid="126362BBBBBBBBBBBBBBBBBBBBBBBBBBBBBB">
      <id>29716</id>
      <classname>org.openmrs.ConceptName</classname>
      <dateChanged id="377">2014-10-11 19:48:46</dateChanged>
    </org.openmrs.module.metadatasharing.Item>
    <org.openmrs.module.metadatasharing.Item id="378" uuid="137334BBBBBBBBBBBBBBBBBBBBBBBBBBBBBB">
      <id>32261</id>
      <classname>org.openmrs.ConceptName</classname>
      <dateChanged id="379">2016-07-10 05:49:06</dateChanged>
    </org.openmrs.module.metadatasharing.Item>
    <org.openmrs.module.metadatasharing.Item id="380" uuid="126359BBBBBBBBBBBBBBBBBBBBBBBBBBBBBB">
      <id>29710</id>
      <classname>org.openmrs.ConceptName</classname>
      <dateChanged id="381">2014-10-11 19:48:46</dateChanged>
    </org.openmrs.module.metadatasharing.Item>
    <org.openmrs.module.metadatasharing.Item id="382" uuid="127333BBBBBBBBBBBBBBBBBBBBBBBBBBBBBB">
      <id>29714</id>
      <classname>org.openmrs.ConceptName</classname>
      <dateChanged id="383">2015-04-24 21:18:07</dateChanged>
    </org.openmrs.module.metadatasharing.Item>
    <org.openmrs.module.metadatasharing.Item id="384" uuid="126361BBBBBBBBBBBBBBBBBBBBBBBBBBBBBB">
      <id>29708</id>
      <classname>org.openmrs.ConceptName</classname>
      <dateChanged id="385">2014-10-11 19:48:46</dateChanged>
    </org.openmrs.module.metadatasharing.Item>
    <org.openmrs.module.metadatasharing.Item id="386" uuid="126356BBBBBBBBBBBBBBBBBBBBBBBBBBBBBB">
      <id>29719</id>
      <classname>org.openmrs.ConceptName</classname>
      <dateChanged id="387">2014-10-11 19:48:46</dateChanged>
    </org.openmrs.module.metadatasharing.Item>
    <org.openmrs.module.metadatasharing.Item id="388" uuid="d07abafd-ea95-4edd-9c84-ee85592fc91f">
      <id>1077</id>
      <classname>org.openmrs.ConceptDescription</classname>
      <dateChanged id="389">2015-04-22 14:28:45</dateChanged>
    </org.openmrs.module.metadatasharing.Item>
    <org.openmrs.module.metadatasharing.Item id="390" uuid="1069FFFFFFFFFFFFFFFFFFFFFFFFFFFFFFFF">
      <id>6867</id>
      <classname>org.openmrs.ConceptDescription</classname>
      <dateChanged id="391">2015-04-24 21:18:07</dateChanged>
    </org.openmrs.module.metadatasharing.Item>
    <org.openmrs.module.metadatasharing.Item id="392" uuid="18159FFFFFFFFFFFFFFFFFFFFFFFFFFFFFFF">
      <id>7126</id>
      <classname>org.openmrs.ConceptDescription</classname>
      <dateChanged id="393">2016-08-16 11:48:25</dateChanged>
    </org.openmrs.module.metadatasharing.Item>
    <org.openmrs.module.metadatasharing.Item id="394" uuid="aefacf53-8e8e-4ed0-9d32-cbd1d14c6639">
      <id>12989</id>
      <classname>org.openmrs.ConceptMap</classname>
      <dateChanged id="395">2015-04-22 14:28:45</dateChanged>
    </org.openmrs.module.metadatasharing.Item>
    <org.openmrs.module.metadatasharing.Item id="396" uuid="bfdf9e0c-a208-31e8-9df4-45eccc2ea9e7">
      <id>12989</id>
      <classname>org.openmrs.ConceptReferenceTerm</classname>
      <dateChanged id="397">2011-07-22 00:00:00</dateChanged>
      <retired>false</retired>
    </org.openmrs.module.metadatasharing.Item>
    <org.openmrs.module.metadatasharing.Item id="398" uuid="144379ABBBBBBBBBBBBBBBBBBBBBBBBBBBBB">
      <id>27572</id>
      <classname>org.openmrs.ConceptMap</classname>
      <dateChanged id="399">2012-06-03 21:57:05</dateChanged>
    </org.openmrs.module.metadatasharing.Item>
    <org.openmrs.module.metadatasharing.Item id="400" uuid="170e452e-c092-32c9-b974-23f0bca960bd">
      <id>26889</id>
      <classname>org.openmrs.ConceptReferenceTerm</classname>
      <dateChanged id="401">2012-06-03 04:00:00</dateChanged>
      <retired>false</retired>
    </org.openmrs.module.metadatasharing.Item>
    <org.openmrs.module.metadatasharing.Item id="402" uuid="134738ABBBBBBBBBBBBBBBBBBBBBBBBBBBBB">
      <id>27571</id>
      <classname>org.openmrs.ConceptMap</classname>
      <dateChanged id="403">2010-10-24 17:09:59</dateChanged>
    </org.openmrs.module.metadatasharing.Item>
    <org.openmrs.module.metadatasharing.Item id="404" uuid="f2531812-ebad-3a19-bf74-9b35025659e5">
      <id>26888</id>
      <classname>org.openmrs.ConceptReferenceTerm</classname>
      <dateChanged id="405">2010-10-24 04:00:00</dateChanged>
      <retired>false</retired>
    </org.openmrs.module.metadatasharing.Item>
    <org.openmrs.module.metadatasharing.Item id="406" uuid="87458183-630e-4235-aeec-696077464d49">
      <id>27085</id>
      <classname>org.openmrs.ConceptMap</classname>
      <dateChanged id="407">2017-03-04 21:45:32</dateChanged>
    </org.openmrs.module.metadatasharing.Item>
    <org.openmrs.module.metadatasharing.Item id="408" uuid="70e47483-b669-4195-a33a-dc968d2af4af">
      <id>26242</id>
      <classname>org.openmrs.ConceptReferenceTerm</classname>
      <dateChanged id="409">2017-03-04 21:44:34</dateChanged>
      <retired>false</retired>
    </org.openmrs.module.metadatasharing.Item>
    <org.openmrs.module.metadatasharing.Item id="410" uuid="b20d12bc-4864-102e-96e9-000c29c2a5d7">
      <id>1068</id>
      <classname>org.openmrs.ConceptMap</classname>
      <dateChanged id="411">2015-04-22 14:28:45</dateChanged>
    </org.openmrs.module.metadatasharing.Item>
    <org.openmrs.module.metadatasharing.Item id="412" uuid="733a28fa-d244-3248-b654-09ffb442e6f2">
      <id>1068</id>
      <classname>org.openmrs.ConceptReferenceTerm</classname>
      <dateChanged id="413">2010-11-23 00:00:00</dateChanged>
      <retired>false</retired>
    </org.openmrs.module.metadatasharing.Item>
    <org.openmrs.module.metadatasharing.Item id="414" uuid="133841ABBBBBBBBBBBBBBBBBBBBBBBBBBBBB">
      <id>25515</id>
      <classname>org.openmrs.ConceptMap</classname>
      <dateChanged id="415">2010-10-01 23:13:10</dateChanged>
    </org.openmrs.module.metadatasharing.Item>
    <org.openmrs.module.metadatasharing.Item id="416" uuid="beaa27cb-dacc-3334-b7c4-9f230f2dd231">
      <id>24857</id>
      <classname>org.openmrs.ConceptReferenceTerm</classname>
      <dateChanged id="417">2010-10-01 04:00:00</dateChanged>
      <retired>false</retired>
    </org.openmrs.module.metadatasharing.Item>
    <org.openmrs.module.metadatasharing.Item id="418" uuid="75a037c0-4943-102e-96e9-000c29c2a5d7">
      <id>9367</id>
      <classname>org.openmrs.ConceptMap</classname>
      <dateChanged id="419">2012-06-21 16:49:52</dateChanged>
    </org.openmrs.module.metadatasharing.Item>
    <org.openmrs.module.metadatasharing.Item id="420" uuid="d5a36eec-b9a8-3f9b-8e17-38f55b8327aa">
      <id>9367</id>
      <classname>org.openmrs.ConceptReferenceTerm</classname>
      <dateChanged id="421">2010-11-24 00:00:00</dateChanged>
      <retired>false</retired>
    </org.openmrs.module.metadatasharing.Item>
    <org.openmrs.module.metadatasharing.Item id="422" uuid="b25efb0e-4864-102e-96e9-000c29c2a5d7">
      <id>3583</id>
      <classname>org.openmrs.ConceptMap</classname>
      <dateChanged id="423">2012-06-21 16:49:52</dateChanged>
    </org.openmrs.module.metadatasharing.Item>
    <org.openmrs.module.metadatasharing.Item id="424" uuid="fc3af31e-8a1a-3699-b03f-df06712cbdda">
      <id>3583</id>
      <classname>org.openmrs.ConceptReferenceTerm</classname>
      <dateChanged id="425">2010-11-23 00:00:00</dateChanged>
      <retired>false</retired>
    </org.openmrs.module.metadatasharing.Item>
    <org.openmrs.module.metadatasharing.Item id="426" uuid="080fcadb-8440-437c-833f-a351ae1cae57">
      <id>11287</id>
      <classname>org.openmrs.ConceptSet</classname>
      <dateChanged id="427">2020-09-08 18:55:11</dateChanged>
    </org.openmrs.module.metadatasharing.Item>
    <org.openmrs.module.metadatasharing.Item id="428" uuid="159880AAAAAAAAAAAAAAAAAAAAAAAAAAAAAA">
      <id>13098</id>
      <classname>org.openmrs.Concept</classname>
      <dateChanged id="429">2020-09-08 18:48:36</dateChanged>
      <retired>false</retired>
    </org.openmrs.module.metadatasharing.Item>
    <org.openmrs.module.metadatasharing.Item id="430" uuid="107369BBBBBBBBBBBBBBBBBBBBBBBBBBBBBB">
      <id>44427</id>
      <classname>org.openmrs.ConceptName</classname>
      <dateChanged id="431">2020-09-08 18:13:24</dateChanged>
    </org.openmrs.module.metadatasharing.Item>
    <org.openmrs.module.metadatasharing.Item id="432" uuid="2879CCCCCCCCCCCCCCCCCCCCCCCCCCCCCCCC">
      <id>11663</id>
      <classname>org.openmrs.ConceptAnswer</classname>
      <dateChanged id="433">2010-11-23 14:25:06</dateChanged>
    </org.openmrs.module.metadatasharing.Item>
    <org.openmrs.module.metadatasharing.Item id="434" uuid="2880CCCCCCCCCCCCCCCCCCCCCCCCCCCCCCCC">
      <id>11664</id>
      <classname>org.openmrs.ConceptAnswer</classname>
      <dateChanged id="435">2010-11-23 14:25:06</dateChanged>
    </org.openmrs.module.metadatasharing.Item>
    <org.openmrs.module.metadatasharing.Item id="436" uuid="136866ABBBBBBBBBBBBBBBBBBBBBBBBBBBBB">
      <id>35292</id>
      <classname>org.openmrs.ConceptMap</classname>
      <dateChanged id="437">2010-11-23 14:25:06</dateChanged>
    </org.openmrs.module.metadatasharing.Item>
    <org.openmrs.module.metadatasharing.Item id="438" uuid="43ac5109-7d8c-11e1-909d-c80aa9edcf4e">
      <id>2</id>
      <classname>org.openmrs.ConceptMapType</classname>
      <dateChanged id="439">2012-06-21 00:00:00</dateChanged>
      <retired>false</retired>
    </org.openmrs.module.metadatasharing.Item>
    <org.openmrs.module.metadatasharing.Item id="440" uuid="856c1121-959e-3e11-8508-461d1e90e5c2">
      <id>33882</id>
      <classname>org.openmrs.ConceptReferenceTerm</classname>
      <dateChanged id="441">2010-11-23 00:00:00</dateChanged>
      <retired>false</retired>
    </org.openmrs.module.metadatasharing.Item>
    <org.openmrs.module.metadatasharing.Item id="442" uuid="138196ABBBBBBBBBBBBBBBBBBBBBBBBBBBBB">
      <id>35293</id>
      <classname>org.openmrs.ConceptMap</classname>
      <dateChanged id="443">2011-01-28 14:31:18</dateChanged>
    </org.openmrs.module.metadatasharing.Item>
    <org.openmrs.module.metadatasharing.Item id="444" uuid="cf664de4-f6dd-3d08-9c09-7f8070f4bb31">
      <id>33883</id>
      <classname>org.openmrs.ConceptReferenceTerm</classname>
      <dateChanged id="445">2011-01-28 00:00:00</dateChanged>
      <retired>false</retired>
    </org.openmrs.module.metadatasharing.Item>
    <org.openmrs.module.metadatasharing.Item id="446" uuid="2ADDDDDDDDDDDDDDDDDDDDDDDDDDDDDDDDDD">
      <id>8</id>
      <classname>org.openmrs.ConceptSource</classname>
      <dateChanged id="447">2015-07-01 17:25:50</dateChanged>
      <retired>false</retired>
    </org.openmrs.module.metadatasharing.Item>
    <org.openmrs.module.metadatasharing.Item id="448" uuid="141831ABBBBBBBBBBBBBBBBBBBBBBBBBBBBB">
      <id>35294</id>
      <classname>org.openmrs.ConceptMap</classname>
      <dateChanged id="449">2011-02-17 19:33:15</dateChanged>
    </org.openmrs.module.metadatasharing.Item>
    <org.openmrs.module.metadatasharing.Item id="450" uuid="8f8fbfb6-a5ca-3c54-ab37-db982fa84e3d">
      <id>33884</id>
      <classname>org.openmrs.ConceptReferenceTerm</classname>
      <dateChanged id="451">2011-02-17 00:00:00</dateChanged>
      <retired>false</retired>
    </org.openmrs.module.metadatasharing.Item>
    <org.openmrs.module.metadatasharing.Item id="452" uuid="14ADDDDDDDDDDDDDDDDDDDDDDDDDDDDDDDDD">
      <id>15</id>
      <classname>org.openmrs.ConceptSource</classname>
      <dateChanged id="453">2015-07-01 17:25:50</dateChanged>
      <retired>false</retired>
    </org.openmrs.module.metadatasharing.Item>
    <org.openmrs.module.metadatasharing.Item id="454" uuid="217021ABBBBBBBBBBBBBBBBBBBBBBBBBBBBB">
      <id>35295</id>
      <classname>org.openmrs.ConceptMap</classname>
      <dateChanged id="455">2013-07-03 18:53:08</dateChanged>
    </org.openmrs.module.metadatasharing.Item>
    <org.openmrs.module.metadatasharing.Item id="456" uuid="44388511-00e2-3b0d-b0cf-8f180a4f2e47">
      <id>33885</id>
      <classname>org.openmrs.ConceptReferenceTerm</classname>
      <dateChanged id="457">2013-07-03 00:00:00</dateChanged>
      <retired>false</retired>
    </org.openmrs.module.metadatasharing.Item>
    <org.openmrs.module.metadatasharing.Item id="458" uuid="69b7fb4c-bd78-4a6f-adf7-85789b609f95">
      <id>11288</id>
      <classname>org.openmrs.ConceptSet</classname>
      <dateChanged id="459">2020-09-08 18:55:11</dateChanged>
    </org.openmrs.module.metadatasharing.Item>
    <org.openmrs.module.metadatasharing.Item id="460" uuid="5633AAAAAAAAAAAAAAAAAAAAAAAAAAAAAAAA">
      <id>13099</id>
      <classname>org.openmrs.Concept</classname>
      <dateChanged id="461">2020-09-08 18:48:36</dateChanged>
      <retired>false</retired>
    </org.openmrs.module.metadatasharing.Item>
    <org.openmrs.module.metadatasharing.Item id="462" uuid="2773BBBBBBBBBBBBBBBBBBBBBBBBBBBBBBBB">
      <id>44428</id>
      <classname>org.openmrs.ConceptName</classname>
      <dateChanged id="463">2020-09-08 18:17:29</dateChanged>
    </org.openmrs.module.metadatasharing.Item>
    <org.openmrs.module.metadatasharing.Item id="464" uuid="2263FFFFFFFFFFFFFFFFFFFFFFFFFFFFFFFF">
      <id>8139</id>
      <classname>org.openmrs.ConceptDescription</classname>
      <dateChanged id="465">2020-09-08 18:17:29</dateChanged>
    </org.openmrs.module.metadatasharing.Item>
    <org.openmrs.module.metadatasharing.Item id="466" uuid="137770ABBBBBBBBBBBBBBBBBBBBBBBBBBBBB">
      <id>35296</id>
      <classname>org.openmrs.ConceptMap</classname>
      <dateChanged id="467">2011-01-15 14:10:57</dateChanged>
    </org.openmrs.module.metadatasharing.Item>
    <org.openmrs.module.metadatasharing.Item id="468" uuid="457e419e-58d1-3cba-a927-10ded03490cb">
      <id>33886</id>
      <classname>org.openmrs.ConceptReferenceTerm</classname>
      <dateChanged id="469">2011-01-15 00:00:00</dateChanged>
      <retired>false</retired>
    </org.openmrs.module.metadatasharing.Item>
    <org.openmrs.module.metadatasharing.Item id="470" uuid="135782ABBBBBBBBBBBBBBBBBBBBBBBBBBBBB">
      <id>35297</id>
      <classname>org.openmrs.ConceptMap</classname>
      <dateChanged id="471">2010-10-24 13:09:59</dateChanged>
    </org.openmrs.module.metadatasharing.Item>
    <org.openmrs.module.metadatasharing.Item id="472" uuid="499a5e4f-2bb1-324a-aa9c-ecec2172bef9">
      <id>33887</id>
      <classname>org.openmrs.ConceptReferenceTerm</classname>
      <dateChanged id="473">2010-10-24 00:00:00</dateChanged>
      <retired>false</retired>
    </org.openmrs.module.metadatasharing.Item>
    <org.openmrs.module.metadatasharing.Item id="474" uuid="141674ABBBBBBBBBBBBBBBBBBBBBBBBBBBBB">
      <id>35298</id>
      <classname>org.openmrs.ConceptMap</classname>
      <dateChanged id="475">2011-02-10 17:07:45</dateChanged>
    </org.openmrs.module.metadatasharing.Item>
    <org.openmrs.module.metadatasharing.Item id="476" uuid="9f50c2d2-d7be-3ffd-bb8b-6a901dbf5c9c">
      <id>33888</id>
      <classname>org.openmrs.ConceptReferenceTerm</classname>
      <dateChanged id="477">2011-02-10 00:00:00</dateChanged>
      <retired>false</retired>
    </org.openmrs.module.metadatasharing.Item>
    <org.openmrs.module.metadatasharing.Item id="478" uuid="172387ABBBBBBBBBBBBBBBBBBBBBBBBBBBBB">
      <id>35299</id>
      <classname>org.openmrs.ConceptMap</classname>
      <dateChanged id="479">2013-07-03 18:53:08</dateChanged>
    </org.openmrs.module.metadatasharing.Item>
    <org.openmrs.module.metadatasharing.Item id="480" uuid="b2324758-682d-32fa-bdd4-7de0f0d49b3c">
      <id>33889</id>
      <classname>org.openmrs.ConceptReferenceTerm</classname>
      <dateChanged id="481">2013-07-03 00:00:00</dateChanged>
      <retired>false</retired>
    </org.openmrs.module.metadatasharing.Item>
    <org.openmrs.module.metadatasharing.Item id="482" uuid="839c7d4f-8f10-4e43-b50e-dfc497663bb3">
      <id>6965</id>
      <classname>org.openmrs.ConceptDescription</classname>
      <dateChanged id="483">2015-10-30 19:51:27</dateChanged>
    </org.openmrs.module.metadatasharing.Item>
    <org.openmrs.module.metadatasharing.Item id="484" uuid="630a4195-5ae4-4266-b8bb-19d7f620ad88">
      <id>26845</id>
      <classname>org.openmrs.ConceptMap</classname>
      <dateChanged id="485">2016-09-01 17:28:08</dateChanged>
    </org.openmrs.module.metadatasharing.Item>
    <org.openmrs.module.metadatasharing.Item id="486" uuid="4b424f09-0759-446c-a9a3-008be3b81b26">
      <id>26026</id>
      <classname>org.openmrs.ConceptReferenceTerm</classname>
      <dateChanged id="487">2016-09-01 17:27:42</dateChanged>
      <retired>false</retired>
    </org.openmrs.module.metadatasharing.Item>
    <org.openmrs.module.metadatasharing.Item id="488" uuid="5721dd61-67ab-4712-ba66-768001f5fb78">
      <id>26844</id>
      <classname>org.openmrs.ConceptMap</classname>
      <dateChanged id="489">2016-09-01 17:28:08</dateChanged>
    </org.openmrs.module.metadatasharing.Item>
    <org.openmrs.module.metadatasharing.Item id="490" uuid="142d1943-dfa4-42cd-9025-543b5d1b7b16">
      <id>26025</id>
      <classname>org.openmrs.ConceptReferenceTerm</classname>
      <dateChanged id="491">2016-09-01 17:27:16</dateChanged>
      <retired>false</retired>
    </org.openmrs.module.metadatasharing.Item>
  </relatedItems>
  <incrementalVersion>false</incrementalVersion>
</package>
