<?xml version="1.0" encoding="UTF-8"?>
<list id="1">
  <org.openmrs.ConceptSource id="2" uuid="14ADDDDDDDDDDDDDDDDDDDDDDDDDDDDDDDDD">
    <name>SNOMED MVP</name>
    <description>MVP Namespace Identifier extensions to SNOMED CT</description>
    <creator/>
    <dateCreated id="3">2015-07-01 17:25:50</dateCreated>
    <retired>false</retired>
    <conceptSourceId>15</conceptSourceId>
  </org.openmrs.ConceptSource>
  <org.openmrs.ConceptSource id="4" uuid="edd52713-8887-47b7-ba9e-6e1148824ca4">
    <name>org.openmrs.module.emrapi</name>
    <description>Source used to tag concepts used in the emr-api module</description>
    <creator/>
    <dateCreated id="5">2015-07-01 17:25:50</dateCreated>
    <retired>false</retired>
    <conceptSourceId>31</conceptSourceId>
  </org.openmrs.ConceptSource>
  <org.openmrs.ConceptSource id="6" uuid="3f65bd34-26fe-102b-80cb-0017a47871b2">
    <name>ICD-10-WHO</name>
    <description>ICD-10 WHO Version</description>
    <creator/>
    <dateCreated id="7">2015-07-01 17:25:50</dateCreated>
    <retired>false</retired>
    <conceptSourceId>3</conceptSourceId>
  </org.openmrs.ConceptSource>
  <org.openmrs.ConceptSource id="8" uuid="7ADDDDDDDDDDDDDDDDDDDDDDDDDDDDDDDDDD">
    <name>ICD-10-WHO NP</name>
    <description>Non-preferred primary ICD-10 WHO map</description>
    <creator/>
    <dateCreated id="9">2010-04-25 12:17:34</dateCreated>
    <retired>false</retired>
    <conceptSourceId>12</conceptSourceId>
  </org.openmrs.ConceptSource>
  <org.openmrs.ConceptSource id="10" uuid="9b77b4cb-172b-49a5-b8b1-7d30bd1739e0">
    <name>FDA Route of Administration</name>
    <description>Description.  This standard provides for all routes of administration for drugs. &#xd;
&#xd;
Source.  COMIS Reference table (which is used by the Drug Product Reference File to generate Approved Drug Products with Therapeutic Equivalence Evaluations (a.k.a. &quot;The Orange Book&quot;)), and the Drug Registration and Listing Database, Office of Epidemiology and Biosurveillance Database.  Also, the names (but not the definitions or the numeric codes) that are represented in blue have been harmonized with the E2B route of administration terms for the International Conference on Harmonization (ICH).</description>
    <creator/>
    <dateCreated id="11">2015-01-16 23:06:56</dateCreated>
    <retired>false</retired>
    <conceptSourceId>49</conceptSourceId>
  </org.openmrs.ConceptSource>
  <org.openmrs.ConceptSource id="12" uuid="947a1410-1987-4399-8017-c1ea70f242d1">
    <name>org.openmrs.module.mirebalaisreports</name>
    <description>Used to indicate concepts that are used and grouped to represent various notifiable diseases to the Haiti Ministry of Health (ie.  Tetanus)</description>
    <creator/>
    <dateCreated id="13">2013-04-24 12:57:01</dateCreated>
    <retired>false</retired>
    <conceptSourceId>28</conceptSourceId>
  </org.openmrs.ConceptSource>
  <org.openmrs.ConceptSource id="14" uuid="98e77229-19e7-45e0-88dd-e30214dd2fad">
    <name>HL7 2.x Route of Administration</name>
    <description>Members of value set from HL7 for routes of administration</description>
    <creator/>
    <dateCreated id="15">2012-10-19 17:43:57</dateCreated>
    <retired>false</retired>
    <conceptSourceId>51</conceptSourceId>
    <hl7Code>HL70162</hl7Code>
  </org.openmrs.ConceptSource>
  <org.openmrs.ConceptSource id="16" uuid="1ADDDDDDDDDDDDDDDDDDDDDDDDDDDDDDDDDD">
    <name>SNOMED CT</name>
    <description>SNOMED Preferred mapping</description>
    <creator/>
    <dateCreated id="17">2015-07-01 17:25:50</dateCreated>
    <retired>false</retired>
    <conceptSourceId>6</conceptSourceId>
    <hl7Code>SCT</hl7Code>
  </org.openmrs.ConceptSource>
  <org.openmrs.ConceptSource id="18" uuid="5ADDDDDDDDDDDDDDDDDDDDDDDDDDDDDDDDDD">
    <name>RxNORM Comb</name>
    <description>RxNORM Combination generics MVP Code</description>
    <creator/>
    <dateCreated id="19">2010-04-25 11:14:05</dateCreated>
    <retired>false</retired>
    <conceptSourceId>16</conceptSourceId>
  </org.openmrs.ConceptSource>
  <org.openmrs.ConceptSource id="20" uuid="fb9aaaf1-65e2-4c18-b53c-16b575f2f385">
    <name>PIH</name>
    <description>Partners In Health concept dictionary using concept ids and preferred English names</description>
    <creator/>
    <dateCreated id="21">2015-07-01 17:25:50</dateCreated>
    <retired>false</retired>
    <conceptSourceId>5</conceptSourceId>
  </org.openmrs.ConceptSource>
  <org.openmrs.ConceptSource id="22" uuid="d82521a1-6b31-4fac-ad4f-492a91aefca5">
    <name>NDF-RT NUI</name>
    <description>Unique numeric indicator from NDF-RT drug information database</description>
    <creator/>
    <dateCreated id="23">2014-02-08 03:15:18</dateCreated>
    <retired>false</retired>
    <conceptSourceId>54</conceptSourceId>
  </org.openmrs.ConceptSource>
  <org.openmrs.ConceptSource id="24" uuid="22ADDDDDDDDDDDDDDDDDDDDDDDDDDDDDDDDD">
    <name>CCAM</name>
    <description>French classification of procedures known as Classification Commune des Actes Médicaux</description>
    <creator/>
    <dateCreated id="25">2013-07-05 02:57:20</dateCreated>
    <retired>false</retired>
    <conceptSourceId>30</conceptSourceId>
  </org.openmrs.ConceptSource>
  <org.openmrs.ConceptSource id="26" uuid="19ADDDDDDDDDDDDDDDDDDDDDDDDDDDDDDDDD">
    <name>3BT</name>
    <description>Belgian Bilingual Bi-encoded Thesaurus (3BT)</description>
    <creator/>
    <dateCreated id="27">2013-02-16 22:25:25</dateCreated>
    <retired>false</retired>
    <conceptSourceId>26</conceptSourceId>
  </org.openmrs.ConceptSource>
  <org.openmrs.ConceptSource id="28" uuid="2889f378-f287-40a5-ac9c-ce77ee963ed7">
    <name>LOINC</name>
    <description>A universal code system for identifying laboratory and clinical observations.</description>
    <creator/>
    <dateCreated id="29">2015-07-01 17:25:50</dateCreated>
    <retired>false</retired>
    <conceptSourceId>22</conceptSourceId>
  </org.openmrs.ConceptSource>
  <org.openmrs.ConceptSource id="30" uuid="20ADDDDDDDDDDDDDDDDDDDDDDDDDDDDDDDDD">
    <name>ICPC2</name>
    <description>International Classification of Primary Care version 2 from WONCA.</description>
    <creator/>
    <dateCreated id="31">2013-02-17 15:25:41</dateCreated>
    <retired>false</retired>
    <conceptSourceId>27</conceptSourceId>
  </org.openmrs.ConceptSource>
  <org.openmrs.ConceptSource id="32" uuid="25ADDDDDDDDDDDDDDDDDDDDDDDDDDDDDDDDD">
    <name>IMO ProcedureIT</name>
    <description>Intelligent Medical Objects, Inc. procedure/test datasource</description>
    <creator/>
    <dateCreated id="33">2015-07-01 17:25:50</dateCreated>
    <retired>false</retired>
    <conceptSourceId>36</conceptSourceId>
  </org.openmrs.ConceptSource>
  <org.openmrs.ConceptSource id="34" uuid="24ADDDDDDDDDDDDDDDDDDDDDDDDDDDDDDDDD">
    <name>IMO ProblemIT</name>
    <description>Intelligent Medical Objects, Inc. problem/disease/finding datasource</description>
    <creator/>
    <dateCreated id="35">2015-07-01 17:25:50</dateCreated>
    <retired>false</retired>
    <conceptSourceId>34</conceptSourceId>
  </org.openmrs.ConceptSource>
  <org.openmrs.ConceptSource id="36" uuid="10ADDDDDDDDDDDDDDDDDDDDDDDDDDDDDDDDD">
    <name>HL-7 CVX</name>
    <description>The CDC&apos;s National Center of Immunization and Respiratory Diseases (NCIRD) maintains the HL7 external code set CVX. The implementation of the HL7 standard for immunization data exchange is described in Chapter 4 of the HL7 standard. The codes in HL7 Version 2.3 table 0292, represented the initial content of the external CVX code set.</description>
    <creator/>
    <dateCreated id="37">2010-07-26 17:53:37</dateCreated>
    <retired>false</retired>
    <conceptSourceId>21</conceptSourceId>
  </org.openmrs.ConceptSource>
  <org.openmrs.ConceptSource id="38" uuid="f79f5ac4-1c94-4b64-b0d4-04565c1d52b9">
    <name>NCI Concept Code</name>
    <description>National Cancer Institute concept code &#xd;
URL: http://nciterms.nci.nih.gov/ncitbrowser/ConceptReport.jsp?dictionary=NCI_Thesaurus</description>
    <creator/>
    <dateCreated id="39">2015-01-17 00:46:12</dateCreated>
    <retired>false</retired>
    <conceptSourceId>50</conceptSourceId>
  </org.openmrs.ConceptSource>
  <org.openmrs.ConceptSource id="40" uuid="13ADDDDDDDDDDDDDDDDDDDDDDDDDDDDDDDDD">
    <name>AMPATH</name>
    <description>AMPATH concept dictionary</description>
    <creator/>
    <dateCreated id="41">2015-07-01 17:25:50</dateCreated>
    <retired>false</retired>
    <conceptSourceId>10</conceptSourceId>
  </org.openmrs.ConceptSource>
  <org.openmrs.ConceptSource id="42" uuid="ddb6b595-0b85-4a80-9243-efe4ba404eef">
    <name>org.openmrs.module.mdrtb</name>
    <description>Concepts used with the MDR-TB module</description>
    <creator/>
    <dateCreated id="43">2015-07-01 17:25:50</dateCreated>
    <retired>false</retired>
    <conceptSourceId>4</conceptSourceId>
  </org.openmrs.ConceptSource>
  <org.openmrs.ConceptSource id="44" uuid="2ADDDDDDDDDDDDDDDDDDDDDDDDDDDDDDDDDD">
    <name>SNOMED NP</name>
    <description>Non-preferred SNOMED CT mappings</description>
    <creator/>
    <dateCreated id="45">2015-07-01 17:25:50</dateCreated>
    <retired>false</retired>
    <conceptSourceId>8</conceptSourceId>
  </org.openmrs.ConceptSource>
  <org.openmrs.ConceptSource id="46" uuid="4ADDDDDDDDDDDDDDDDDDDDDDDDDDDDDDDDDD">
    <name>RxNORM</name>
    <description>RxNORM CUI</description>
    <creator/>
    <dateCreated id="47">2015-07-01 17:25:50</dateCreated>
    <retired>false</retired>
    <conceptSourceId>14</conceptSourceId>
  </org.openmrs.ConceptSource>
  <org.openmrs.ConceptSource id="48" uuid="66cf9951-24e4-4f93-a3fe-2c4eaf315abd">
    <name>Liberia MoH</name>
    <description>Liberia Ministry of Health disease codes</description>
    <creator/>
    <dateCreated id="49">2016-02-17 22:05:03</dateCreated>
    <retired>false</retired>
    <conceptSourceId>55</conceptSourceId>
  </org.openmrs.ConceptSource>
  <org.openmrs.ConceptSource id="50" uuid="12ADDDDDDDDDDDDDDDDDDDDDDDDDDDDDDDDD">
    <name>PIH Malawi</name>
    <description>Partners in Health Malawi concept dictionary</description>
    <creator/>
    <dateCreated id="51">2015-07-01 17:25:50</dateCreated>
    <retired>false</retired>
    <conceptSourceId>24</conceptSourceId>
  </org.openmrs.ConceptSource>
  <org.openmrs.ConceptSource id="52" uuid="8ADDDDDDDDDDDDDDDDDDDDDDDDDDDDDDDDDD">
    <name>ICD-10-WHO 2nd</name>
    <description>Preferred secondary map to ICD-10-WHO</description>
    <creator/>
    <dateCreated id="53">2010-04-25 12:18:19</dateCreated>
    <retired>false</retired>
    <conceptSourceId>18</conceptSourceId>
  </org.openmrs.ConceptSource>
  <org.openmrs.ConceptSource id="54" uuid="21ADDDDDDDDDDDDDDDDDDDDDDDDDDDDDDDDD">
    <name>CIEL</name>
    <description>Columbia International eHealth Laboratory concept ID</description>
    <creator/>
    <dateCreated id="55">2015-07-01 17:25:50</dateCreated>
    <retired>false</retired>
    <conceptSourceId>29</conceptSourceId>
  </org.openmrs.ConceptSource>
</list>
