<?xml version="1.0" encoding="UTF-8"?>
<list id="1">
  <org.openmrs.Concept id="2" uuid="0f8a2d92-a249-4087-a4e9-b2f3377c25b2">
    <conceptId>12892</conceptId>
    <retired>false</retired>
    <datatype id="3" resolves-to="org.openmrs.ConceptDatatype" uuid="8d4a4c94-c2cc-11de-8d13-0010c6dffd0f">
      <name>N/A</name>
      <description>Not associated with a datatype (e.g., term answers, sets)</description>
      <creator/>
      <dateCreated id="4">2004-02-02 05:00:00</dateCreated>
      <retired>false</retired>
      <conceptDatatypeId>4</conceptDatatypeId>
      <hl7Abbreviation>ZZ</hl7Abbreviation>
    </datatype>
    <conceptClass id="5" resolves-to="org.openmrs.ConceptClass" uuid="8d492594-c2cc-11de-8d13-0010c6dffd0f">
      <name>ConvSet</name>
      <description>Term to describe convenience sets</description>
      <creator/>
      <dateCreated id="6">2015-07-01 17:25:50</dateCreated>
      <retired>false</retired>
      <conceptClassId>10</conceptClassId>
    </conceptClass>
    <set>true</set>
    <creator/>
    <dateCreated id="7">2020-05-12 17:44:10</dateCreated>
    <changedBy/>
    <dateChanged id="8">2020-05-12 21:03:24</dateChanged>
    <names class="set" id="9">
      <org.openmrs.ConceptName id="10" uuid="7d649d32-6da5-4c3f-8bb7-60aea814e272">
        <conceptNameId>43567</conceptNameId>
        <concept reference="2"/>
        <name>COVID concept set</name>
        <locale id="11">en</locale>
        <creator/>
        <dateCreated id="12">2020-05-12 21:03:24</dateCreated>
        <voided>false</voided>
        <tags class="set" id="13"/>
        <conceptNameType>FULLY_SPECIFIED</conceptNameType>
        <localePreferred>true</localePreferred>
        <changedBy/>
        <dateChanged id="14">2020-05-12 21:03:24</dateChanged>
      </org.openmrs.ConceptName>
      <org.openmrs.ConceptName id="15" uuid="b99c517d-a56c-45ef-97a7-d055014c03c0">
        <conceptNameId>43566</conceptNameId>
        <concept reference="2"/>
        <name>CIEL concepts for PIH (May 11)</name>
        <locale id="16">en</locale>
        <creator/>
        <dateCreated id="17">2020-05-12 17:44:10</dateCreated>
        <voided>true</voided>
        <voidedBy/>
        <dateVoided id="18">2020-05-12 21:03:24</dateVoided>
        <voidReason>Deleted due to change of name</voidReason>
        <tags class="set" id="19"/>
        <localePreferred>false</localePreferred>
        <changedBy/>
        <dateChanged id="20">2020-05-12 21:03:24</dateChanged>
      </org.openmrs.ConceptName>
    </names>
    <answers class="set" id="21"/>
    <conceptSets class="set" id="22">
      <org.openmrs.ConceptSet id="23" uuid="9cfd3cc5-8603-4f97-9f32-7d359ddc7df6">
        <conceptSetId>11006</conceptSetId>
        <concept id="24" resolves-to="org.openmrs.Concept" uuid="1765AAAAAAAAAAAAAAAAAAAAAAAAAAAAAAAA">
          <conceptId>12887</conceptId>
          <retired>false</retired>
          <datatype id="25" resolves-to="org.openmrs.ConceptDatatype" uuid="8d4a5cca-c2cc-11de-8d13-0010c6dffd0f">
            <name>Boolean</name>
            <description>Boolean value (yes/no, true/false)</description>
            <creator/>
            <dateCreated id="26">2004-08-26 04:00:00</dateCreated>
            <retired>false</retired>
            <conceptDatatypeId>10</conceptDatatypeId>
            <hl7Abbreviation>BIT</hl7Abbreviation>
          </datatype>
          <conceptClass id="27" resolves-to="org.openmrs.ConceptClass" uuid="8d490bf4-c2cc-11de-8d13-0010c6dffd0f">
            <name>Procedure</name>
            <description>Describes a clinical procedure</description>
            <creator/>
            <dateCreated id="28">2015-07-01 17:25:50</dateCreated>
            <retired>false</retired>
            <conceptClassId>2</conceptClassId>
          </conceptClass>
          <set>false</set>
          <creator/>
          <dateCreated id="29">2009-06-28 19:00:07</dateCreated>
          <changedBy/>
          <dateChanged id="30">2020-05-12 21:01:16</dateChanged>
          <names class="set" id="31">
            <org.openmrs.ConceptName id="32" uuid="93503BBBBBBBBBBBBBBBBBBBBBBBBBBBBBBB">
              <conceptNameId>43554</conceptNameId>
              <concept reference="24"/>
              <name>IVF (Intravenous fluids)</name>
              <locale id="33">en</locale>
              <creator/>
              <dateCreated id="34">2009-06-28 19:00:07</dateCreated>
              <voided>false</voided>
              <tags class="set" id="35"/>
              <localePreferred>false</localePreferred>
              <dateChanged id="36">2020-05-12 17:38:42</dateChanged>
            </org.openmrs.ConceptName>
            <org.openmrs.ConceptName id="37" uuid="2045BBBBBBBBBBBBBBBBBBBBBBBBBBBBBBBB">
              <conceptNameId>43555</conceptNameId>
              <concept reference="24"/>
              <name>Intravenous fluid administration</name>
              <locale id="38">en</locale>
              <creator/>
              <dateCreated id="39">2009-06-28 19:00:07</dateCreated>
              <voided>false</voided>
              <tags class="set" id="40"/>
              <conceptNameType>FULLY_SPECIFIED</conceptNameType>
              <localePreferred>true</localePreferred>
              <dateChanged id="41">2020-05-12 17:38:42</dateChanged>
            </org.openmrs.ConceptName>
            <org.openmrs.ConceptName id="42" uuid="87024BBBBBBBBBBBBBBBBBBBBBBBBBBBBBBB">
              <conceptNameId>43556</conceptNameId>
              <concept reference="24"/>
              <name>IV fluids</name>
              <locale id="43">en</locale>
              <creator/>
              <dateCreated id="44">2009-06-28 19:00:07</dateCreated>
              <voided>false</voided>
              <tags class="set" id="45"/>
              <conceptNameType>SHORT</conceptNameType>
              <localePreferred>false</localePreferred>
              <dateChanged id="46">2020-05-12 17:38:42</dateChanged>
            </org.openmrs.ConceptName>
            <org.openmrs.ConceptName id="47" uuid="105987BBBBBBBBBBBBBBBBBBBBBBBBBBBBBB">
              <conceptNameId>43557</conceptNameId>
              <concept reference="24"/>
              <name>LIQUIDE INTRAVEINEUX INJECTÉ</name>
              <locale id="48">fr</locale>
              <creator/>
              <dateCreated id="49">2010-05-03 17:11:17</dateCreated>
              <voided>false</voided>
              <tags class="set" id="50"/>
              <conceptNameType>FULLY_SPECIFIED</conceptNameType>
              <localePreferred>false</localePreferred>
              <dateChanged id="51">2020-05-12 17:41:59</dateChanged>
            </org.openmrs.ConceptName>
            <org.openmrs.ConceptName id="52" uuid="aee8ab85-f9dd-4025-bc1b-491739a10163">
              <conceptNameId>43558</conceptNameId>
              <concept reference="24"/>
              <name>Administration de liquide intraveineux</name>
              <locale id="53">fr</locale>
              <creator/>
              <dateCreated id="54">2020-05-12 17:41:05</dateCreated>
              <voided>false</voided>
              <tags class="set" id="55"/>
              <localePreferred>true</localePreferred>
              <dateChanged id="56">2020-05-12 17:41:59</dateChanged>
            </org.openmrs.ConceptName>
            <org.openmrs.ConceptName id="57" uuid="62cc7aa2-be37-4f60-b7c0-605a6482ebe7">
              <conceptNameId>43559</conceptNameId>
              <concept reference="24"/>
              <name>Liquide intraveineux</name>
              <locale id="58">fr</locale>
              <creator/>
              <dateCreated id="59">2020-05-12 17:41:05</dateCreated>
              <voided>false</voided>
              <tags class="set" id="60"/>
              <localePreferred>false</localePreferred>
            </org.openmrs.ConceptName>
          </names>
          <answers class="set" id="61"/>
          <conceptSets class="set" id="62"/>
          <descriptions class="set" id="63"/>
          <conceptMappings class="set" id="64">
            <org.openmrs.ConceptMap id="65" uuid="137562ABBBBBBBBBBBBBBBBBBBBBBBBBBBBB">
              <conceptMapType id="66" resolves-to="org.openmrs.ConceptMapType" uuid="35543629-7d8c-11e1-909d-c80aa9edcf4e">
                <name>SAME-AS</name>
                <creator/>
                <dateCreated id="67">2012-06-21 00:00:00</dateCreated>
                <retired>false</retired>
                <conceptMapTypeId>1</conceptMapTypeId>
                <isHidden>false</isHidden>
              </conceptMapType>
              <creator/>
              <dateCreated id="68">2011-01-06 14:57:13</dateCreated>
              <conceptMapId>34658</conceptMapId>
              <concept reference="24"/>
              <conceptReferenceTerm id="69" resolves-to="org.openmrs.ConceptReferenceTerm" uuid="6cb21d69-2801-3a0b-a3a2-6a2877bf34cb">
                <creator/>
                <dateCreated id="70">2011-01-06 00:00:00</dateCreated>
                <retired>false</retired>
                <conceptReferenceTermId>33309</conceptReferenceTermId>
                <conceptSource id="71" resolves-to="org.openmrs.ConceptSource" uuid="1ADDDDDDDDDDDDDDDDDDDDDDDDDDDDDDDDDD">
                  <name>SNOMED CT</name>
                  <description>SNOMED Preferred mapping</description>
                  <creator/>
                  <dateCreated id="72">2015-07-01 17:25:50</dateCreated>
                  <retired>false</retired>
                  <conceptSourceId>6</conceptSourceId>
                  <hl7Code>SCT</hl7Code>
                </conceptSource>
                <code>281800008</code>
                <conceptReferenceTermMaps id="73"/>
              </conceptReferenceTerm>
            </org.openmrs.ConceptMap>
            <org.openmrs.ConceptMap id="74" uuid="274486ABBBBBBBBBBBBBBBBBBBBBBBBBBBBB">
              <conceptMapType reference="66"/>
              <creator/>
              <dateCreated id="75">2013-10-01 16:20:32</dateCreated>
              <conceptMapId>34659</conceptMapId>
              <concept reference="24"/>
              <conceptReferenceTerm id="76" resolves-to="org.openmrs.ConceptReferenceTerm" uuid="9bd6903c-8a9d-3327-b5cf-cb9b462efa71">
                <creator/>
                <dateCreated id="77">2013-10-01 00:00:00</dateCreated>
                <retired>false</retired>
                <conceptReferenceTermId>33310</conceptReferenceTermId>
                <conceptSource id="78" resolves-to="org.openmrs.ConceptSource" uuid="25ADDDDDDDDDDDDDDDDDDDDDDDDDDDDDDDDD">
                  <name>IMO ProcedureIT</name>
                  <description>Intelligent Medical Objects, Inc. procedure/test datasource</description>
                  <creator/>
                  <dateCreated id="79">2015-07-01 17:25:50</dateCreated>
                  <retired>false</retired>
                  <conceptSourceId>36</conceptSourceId>
                </conceptSource>
                <code>603443</code>
                <conceptReferenceTermMaps id="80"/>
              </conceptReferenceTerm>
            </org.openmrs.ConceptMap>
            <org.openmrs.ConceptMap id="81" uuid="172004ABBBBBBBBBBBBBBBBBBBBBBBBBBBBB">
              <conceptMapType reference="66"/>
              <creator/>
              <dateCreated id="82">2013-07-03 18:53:08</dateCreated>
              <conceptMapId>34660</conceptMapId>
              <concept reference="24"/>
              <conceptReferenceTerm id="83" resolves-to="org.openmrs.ConceptReferenceTerm" uuid="67d8078f-4d69-3e53-a6a0-ac23dcecd46c">
                <creator/>
                <dateCreated id="84">2013-07-03 00:00:00</dateCreated>
                <retired>false</retired>
                <conceptReferenceTermId>33311</conceptReferenceTermId>
                <conceptSource id="85" resolves-to="org.openmrs.ConceptSource" uuid="21ADDDDDDDDDDDDDDDDDDDDDDDDDDDDDDDDD">
                  <name>CIEL</name>
                  <description>Columbia International eHealth Laboratory concept ID</description>
                  <creator/>
                  <dateCreated id="86">2015-07-01 17:25:50</dateCreated>
                  <retired>false</retired>
                  <conceptSourceId>29</conceptSourceId>
                </conceptSource>
                <code>1765</code>
                <conceptReferenceTermMaps id="87"/>
              </conceptReferenceTerm>
            </org.openmrs.ConceptMap>
          </conceptMappings>
          <attributes id="88"/>
        </concept>
        <conceptSet reference="2"/>
        <sortWeight>0.0</sortWeight>
        <creator/>
        <dateCreated id="89">2020-05-12 17:44:10</dateCreated>
      </org.openmrs.ConceptSet>
      <org.openmrs.ConceptSet id="90" uuid="6f20423a-b7fe-4b5f-aef4-c0fe71d45a2a">
        <conceptSetId>11007</conceptSetId>
        <concept id="91" resolves-to="org.openmrs.Concept" uuid="162747AAAAAAAAAAAAAAAAAAAAAAAAAAAAAA">
          <conceptId>12888</conceptId>
          <retired>false</retired>
          <datatype id="92" resolves-to="org.openmrs.ConceptDatatype" uuid="8d4a48b6-c2cc-11de-8d13-0010c6dffd0f">
            <name>Coded</name>
            <description>Value determined by term dictionary lookup (i.e., term identifier)</description>
            <creator/>
            <dateCreated id="93">2004-02-02 05:00:00</dateCreated>
            <retired>false</retired>
            <conceptDatatypeId>2</conceptDatatypeId>
            <hl7Abbreviation>CWE</hl7Abbreviation>
          </datatype>
          <conceptClass id="94" resolves-to="org.openmrs.ConceptClass" uuid="8d491a9a-c2cc-11de-8d13-0010c6dffd0f">
            <name>Finding</name>
            <description>Practitioner observation/finding</description>
            <creator/>
            <dateCreated id="95">2015-07-01 17:25:50</dateCreated>
            <retired>false</retired>
            <conceptClassId>5</conceptClassId>
          </conceptClass>
          <set>false</set>
          <creator/>
          <dateCreated id="96">2014-12-03 19:57:13</dateCreated>
          <changedBy/>
          <dateChanged id="97">2020-05-12 21:01:17</dateChanged>
          <names class="set" id="98">
            <org.openmrs.ConceptName id="99" uuid="126602BBBBBBBBBBBBBBBBBBBBBBBBBBBBBB">
              <conceptNameId>43560</conceptNameId>
              <concept reference="91"/>
              <name>Co-morbid conditions</name>
              <locale id="100">en</locale>
              <creator/>
              <dateCreated id="101">2014-12-03 19:57:13</dateCreated>
              <voided>false</voided>
              <tags class="set" id="102"/>
              <conceptNameType>FULLY_SPECIFIED</conceptNameType>
              <localePreferred>true</localePreferred>
            </org.openmrs.ConceptName>
            <org.openmrs.ConceptName id="103" uuid="126601BBBBBBBBBBBBBBBBBBBBBBBBBBBBBB">
              <conceptNameId>43561</conceptNameId>
              <concept reference="91"/>
              <name>Comorbidities</name>
              <locale id="104">en</locale>
              <creator/>
              <dateCreated id="105">2014-12-03 19:57:13</dateCreated>
              <voided>false</voided>
              <tags class="set" id="106"/>
              <conceptNameType>SHORT</conceptNameType>
              <localePreferred>false</localePreferred>
            </org.openmrs.ConceptName>
          </names>
          <answers class="set" id="107"/>
          <conceptSets class="set" id="108"/>
          <descriptions class="set" id="109"/>
          <conceptMappings class="set" id="110">
            <org.openmrs.ConceptMap id="111" uuid="278182ABBBBBBBBBBBBBBBBBBBBBBBBBBBBB">
              <conceptMapType reference="66"/>
              <creator/>
              <dateCreated id="112">2014-12-03 19:57:13</dateCreated>
              <conceptMapId>34661</conceptMapId>
              <concept reference="91"/>
              <conceptReferenceTerm id="113" resolves-to="org.openmrs.ConceptReferenceTerm" uuid="f668d285-2899-3291-8544-62b1b61d07a8">
                <creator/>
                <dateCreated id="114">2014-12-03 00:00:00</dateCreated>
                <retired>false</retired>
                <conceptReferenceTermId>33312</conceptReferenceTermId>
                <conceptSource reference="71"/>
                <code>398192003</code>
                <conceptReferenceTermMaps id="115"/>
              </conceptReferenceTerm>
            </org.openmrs.ConceptMap>
            <org.openmrs.ConceptMap id="116" uuid="278183ABBBBBBBBBBBBBBBBBBBBBBBBBBBBB">
              <conceptMapType reference="66"/>
              <creator/>
              <dateCreated id="117">2014-12-03 19:57:22</dateCreated>
              <conceptMapId>34662</conceptMapId>
              <concept reference="91"/>
              <conceptReferenceTerm id="118" resolves-to="org.openmrs.ConceptReferenceTerm" uuid="0edc3bc3-33b0-3420-bf2e-2d875759be7a">
                <creator/>
                <dateCreated id="119">2014-12-03 00:00:00</dateCreated>
                <retired>false</retired>
                <conceptReferenceTermId>33313</conceptReferenceTermId>
                <conceptSource reference="85"/>
                <code>162747</code>
                <conceptReferenceTermMaps id="120"/>
              </conceptReferenceTerm>
            </org.openmrs.ConceptMap>
          </conceptMappings>
          <attributes id="121"/>
        </concept>
        <conceptSet reference="2"/>
        <sortWeight>2.0</sortWeight>
        <creator/>
        <dateCreated id="122">2020-05-12 20:06:20</dateCreated>
      </org.openmrs.ConceptSet>
      <org.openmrs.ConceptSet id="123" uuid="c28b1351-bd47-4a6d-9ca1-1c6f83b14412">
        <conceptSetId>11008</conceptSetId>
        <concept id="124" resolves-to="org.openmrs.Concept" uuid="162739AAAAAAAAAAAAAAAAAAAAAAAAAAAAAA">
          <conceptId>12891</conceptId>
          <retired>false</retired>
          <datatype reference="92"/>
          <conceptClass id="125" resolves-to="org.openmrs.ConceptClass" uuid="8d491e50-c2cc-11de-8d13-0010c6dffd0f">
            <name>Question</name>
            <description>Question (eg, patient history, SF36 items)</description>
            <creator/>
            <dateCreated id="126">2015-07-01 17:25:50</dateCreated>
            <retired>false</retired>
            <conceptClassId>7</conceptClassId>
          </conceptClass>
          <set>false</set>
          <creator/>
          <dateCreated id="127">2014-11-22 20:46:25</dateCreated>
          <changedBy/>
          <dateChanged id="128">2020-05-12 21:01:19</dateChanged>
          <names class="set" id="129">
            <org.openmrs.ConceptName id="130" uuid="126591BBBBBBBBBBBBBBBBBBBBBBBBBBBBBB">
              <conceptNameId>43565</conceptNameId>
              <concept reference="124"/>
              <name>Type of air supply to patient</name>
              <locale id="131">en</locale>
              <creator/>
              <dateCreated id="132">2014-11-22 20:46:25</dateCreated>
              <voided>false</voided>
              <tags class="set" id="133"/>
              <conceptNameType>FULLY_SPECIFIED</conceptNameType>
              <localePreferred>true</localePreferred>
            </org.openmrs.ConceptName>
          </names>
          <answers class="set" id="134">
            <org.openmrs.ConceptAnswer id="135" uuid="5203CCCCCCCCCCCCCCCCCCCCCCCCCCCCCCCC">
              <conceptAnswerId>11415</conceptAnswerId>
              <concept reference="124"/>
              <answerConcept id="136" resolves-to="org.openmrs.Concept" uuid="3cd6fac4-26fe-102b-80cb-0017a47871b2">
                <conceptId>1067</conceptId>
                <retired>false</retired>
                <datatype reference="3"/>
                <conceptClass id="137" resolves-to="org.openmrs.ConceptClass" uuid="8d492774-c2cc-11de-8d13-0010c6dffd0f">
                  <name>Misc</name>
                  <description>Terms which don&apos;t fit other categories</description>
                  <creator/>
                  <dateCreated id="138">2015-07-01 17:25:50</dateCreated>
                  <retired>false</retired>
                  <conceptClassId>11</conceptClassId>
                </conceptClass>
                <set>false</set>
                <creator/>
                <dateCreated id="139">2015-04-22 14:28:45</dateCreated>
                <changedBy/>
                <dateChanged id="140">2020-05-12 21:01:20</dateChanged>
                <names class="set" id="141">
                  <org.openmrs.ConceptName id="142" uuid="135594BBBBBBBBBBBBBBBBBBBBBBBBBBBBBB">
                    <conceptNameId>32113</conceptNameId>
                    <concept reference="136"/>
                    <name>Enkoni</name>
                    <locale id="143">ht</locale>
                    <creator/>
                    <dateCreated id="144">2016-02-20 10:13:35</dateCreated>
                    <voided>false</voided>
                    <tags class="set" id="145"/>
                    <conceptNameType>FULLY_SPECIFIED</conceptNameType>
                    <localePreferred>true</localePreferred>
                  </org.openmrs.ConceptName>
                  <org.openmrs.ConceptName id="146" uuid="0b8bde66-15f5-102d-96e4-000c29c2a5d7">
                    <conceptNameId>8177</conceptNameId>
                    <concept reference="136"/>
                    <name>DO NOT KNOW</name>
                    <locale id="147">en</locale>
                    <creator/>
                    <dateCreated id="148">2015-04-22 14:28:45</dateCreated>
                    <voided>false</voided>
                    <tags class="set" id="149"/>
                    <localePreferred>false</localePreferred>
                  </org.openmrs.ConceptName>
                  <org.openmrs.ConceptName id="150" uuid="1141BBBBBBBBBBBBBBBBBBBBBBBBBBBBBBBB">
                    <conceptNameId>29702</conceptNameId>
                    <concept reference="136"/>
                    <name>Ne sait pas</name>
                    <locale id="151">fr</locale>
                    <creator/>
                    <dateCreated id="152">2008-05-19 21:19:37</dateCreated>
                    <voided>false</voided>
                    <tags class="set" id="153"/>
                    <localePreferred>false</localePreferred>
                  </org.openmrs.ConceptName>
                  <org.openmrs.ConceptName id="154" uuid="110114BBBBBBBBBBBBBBBBBBBBBBBBBBBBBB">
                    <conceptNameId>29706</conceptNameId>
                    <concept reference="136"/>
                    <name>HAIJULIKANI</name>
                    <locale id="155">sw</locale>
                    <creator/>
                    <dateCreated id="156">2012-08-10 23:19:26</dateCreated>
                    <voided>false</voided>
                    <tags class="set" id="157"/>
                    <conceptNameType>FULLY_SPECIFIED</conceptNameType>
                    <localePreferred>true</localePreferred>
                  </org.openmrs.ConceptName>
                  <org.openmrs.ConceptName id="158" uuid="3e1518f8-26fe-102b-80cb-0017a47871b2">
                    <conceptNameId>8175</conceptNameId>
                    <concept reference="136"/>
                    <name>Unknown</name>
                    <locale id="159">en</locale>
                    <creator/>
                    <dateCreated id="160">2015-04-22 14:28:45</dateCreated>
                    <voided>false</voided>
                    <tags class="set" id="161"/>
                    <conceptNameType>FULLY_SPECIFIED</conceptNameType>
                    <localePreferred>true</localePreferred>
                  </org.openmrs.ConceptName>
                  <org.openmrs.ConceptName id="162" uuid="0b8bdd6c-15f5-102d-96e4-000c29c2a5d7">
                    <conceptNameId>8176</conceptNameId>
                    <concept reference="136"/>
                    <name>DON&apos;T KNOW</name>
                    <locale id="163">en</locale>
                    <creator/>
                    <dateCreated id="164">2015-04-22 14:28:45</dateCreated>
                    <voided>false</voided>
                    <tags class="set" id="165"/>
                    <localePreferred>false</localePreferred>
                  </org.openmrs.ConceptName>
                  <org.openmrs.ConceptName id="166" uuid="127334BBBBBBBBBBBBBBBBBBBBBBBBBBBBBB">
                    <conceptNameId>29707</conceptNameId>
                    <concept reference="136"/>
                    <name>জানিনা</name>
                    <locale id="167">bn</locale>
                    <creator/>
                    <dateCreated id="168">2015-04-24 21:19:36</dateCreated>
                    <voided>false</voided>
                    <tags class="set" id="169"/>
                    <conceptNameType>FULLY_SPECIFIED</conceptNameType>
                    <localePreferred>true</localePreferred>
                  </org.openmrs.ConceptName>
                  <org.openmrs.ConceptName id="170" uuid="139801BBBBBBBBBBBBBBBBBBBBBBBBBBBBBB">
                    <conceptNameId>32112</conceptNameId>
                    <concept reference="136"/>
                    <name>معلوم نہیں</name>
                    <locale id="171">ur</locale>
                    <creator/>
                    <dateCreated id="172">2016-08-16 11:46:02</dateCreated>
                    <voided>false</voided>
                    <tags class="set" id="173"/>
                    <conceptNameType>FULLY_SPECIFIED</conceptNameType>
                    <localePreferred>true</localePreferred>
                  </org.openmrs.ConceptName>
                  <org.openmrs.ConceptName id="174" uuid="0b8bdf56-15f5-102d-96e4-000c29c2a5d7">
                    <conceptNameId>8178</conceptNameId>
                    <concept reference="136"/>
                    <name>Inconnu</name>
                    <locale id="175">fr</locale>
                    <creator/>
                    <dateCreated id="176">2015-04-22 14:28:45</dateCreated>
                    <voided>false</voided>
                    <tags class="set" id="177"/>
                    <conceptNameType>FULLY_SPECIFIED</conceptNameType>
                    <localePreferred>true</localePreferred>
                  </org.openmrs.ConceptName>
                  <org.openmrs.ConceptName id="178" uuid="108336BBBBBBBBBBBBBBBBBBBBBBBBBBBBBB">
                    <conceptNameId>29705</conceptNameId>
                    <concept reference="136"/>
                    <name>Desconocida</name>
                    <locale id="179">es</locale>
                    <creator/>
                    <dateCreated id="180">2012-03-04 23:59:44</dateCreated>
                    <voided>false</voided>
                    <tags class="set" id="181"/>
                    <localePreferred>false</localePreferred>
                  </org.openmrs.ConceptName>
                  <org.openmrs.ConceptName id="182" uuid="111191BBBBBBBBBBBBBBBBBBBBBBBBBBBBBB">
                    <conceptNameId>29701</conceptNameId>
                    <concept reference="136"/>
                    <name>Не известно</name>
                    <locale id="183">ru</locale>
                    <creator/>
                    <dateCreated id="184">2013-01-27 06:36:57</dateCreated>
                    <voided>false</voided>
                    <tags class="set" id="185"/>
                    <conceptNameType>FULLY_SPECIFIED</conceptNameType>
                    <localePreferred>true</localePreferred>
                  </org.openmrs.ConceptName>
                  <org.openmrs.ConceptName id="186" uuid="108335BBBBBBBBBBBBBBBBBBBBBBBBBBBBBB">
                    <conceptNameId>29704</conceptNameId>
                    <concept reference="136"/>
                    <name>Desconocido</name>
                    <locale id="187">es</locale>
                    <creator/>
                    <dateCreated id="188">2012-03-04 23:59:44</dateCreated>
                    <voided>false</voided>
                    <tags class="set" id="189"/>
                    <conceptNameType>FULLY_SPECIFIED</conceptNameType>
                    <localePreferred>true</localePreferred>
                  </org.openmrs.ConceptName>
                  <org.openmrs.ConceptName id="190" uuid="106309BBBBBBBBBBBBBBBBBBBBBBBBBBBBBB">
                    <conceptNameId>29703</conceptNameId>
                    <concept reference="136"/>
                    <name>Ntabizi</name>
                    <locale id="191">rw</locale>
                    <creator/>
                    <dateCreated id="192">2010-06-21 23:12:14</dateCreated>
                    <voided>false</voided>
                    <tags class="set" id="193"/>
                    <conceptNameType>FULLY_SPECIFIED</conceptNameType>
                    <localePreferred>true</localePreferred>
                  </org.openmrs.ConceptName>
                </names>
                <answers class="set" id="194"/>
                <conceptSets class="set" id="195"/>
                <descriptions class="set" id="196">
                  <org.openmrs.ConceptDescription id="197" uuid="ece43b8e-07fe-102c-b5fa-0017a47871b2">
                    <conceptDescriptionId>1078</conceptDescriptionId>
                    <concept reference="136"/>
                    <description>Generic answer to a question.</description>
                    <locale id="198">en</locale>
                    <creator/>
                    <dateCreated id="199">2015-04-22 14:28:45</dateCreated>
                    <changedBy/>
                    <dateChanged id="200">2015-04-22 14:28:46</dateChanged>
                  </org.openmrs.ConceptDescription>
                  <org.openmrs.ConceptDescription id="201" uuid="18157FFFFFFFFFFFFFFFFFFFFFFFFFFFFFFF">
                    <conceptDescriptionId>7101</conceptDescriptionId>
                    <concept reference="136"/>
                    <description>کسی سوال کا عام جواب</description>
                    <locale id="202">ur</locale>
                    <creator/>
                    <dateCreated id="203">2016-08-16 11:46:41</dateCreated>
                  </org.openmrs.ConceptDescription>
                  <org.openmrs.ConceptDescription id="204" uuid="5a0076f0-1fc0-4c91-8d92-0541eab81216">
                    <conceptDescriptionId>4747</conceptDescriptionId>
                    <concept reference="136"/>
                    <description>réponse générique à la question</description>
                    <locale id="205">fr</locale>
                    <creator/>
                    <dateCreated id="206">2015-04-22 14:28:45</dateCreated>
                    <changedBy/>
                    <dateChanged id="207">2015-04-22 14:28:46</dateChanged>
                  </org.openmrs.ConceptDescription>
                  <org.openmrs.ConceptDescription id="208" uuid="1070FFFFFFFFFFFFFFFFFFFFFFFFFFFFFFFF">
                    <conceptDescriptionId>6866</conceptDescriptionId>
                    <concept reference="136"/>
                    <description>Generic answer to a question.</description>
                    <locale id="209">en</locale>
                    <creator/>
                    <dateCreated id="210">2005-01-06 05:00:00</dateCreated>
                    <dateChanged id="211">2015-04-24 21:19:36</dateChanged>
                  </org.openmrs.ConceptDescription>
                </descriptions>
                <conceptMappings class="set" id="212">
                  <org.openmrs.ConceptMap id="213" uuid="b20d1438-4864-102e-96e9-000c29c2a5d7">
                    <conceptMapType reference="66"/>
                    <creator/>
                    <changedBy/>
                    <dateCreated id="214">2015-04-22 14:28:45</dateCreated>
                    <dateChanged id="215">2015-04-22 14:28:46</dateChanged>
                    <conceptMapId>1069</conceptMapId>
                    <concept reference="136"/>
                    <conceptReferenceTerm id="216" resolves-to="org.openmrs.ConceptReferenceTerm" uuid="161a8ca4-26c9-3702-86ae-19762e7b7a86">
                      <creator/>
                      <dateCreated id="217">2010-11-23 00:00:00</dateCreated>
                      <retired>false</retired>
                      <conceptReferenceTermId>1069</conceptReferenceTermId>
                      <conceptSource id="218" resolves-to="org.openmrs.ConceptSource" uuid="fb9aaaf1-65e2-4c18-b53c-16b575f2f385">
                        <name>PIH</name>
                        <description>Partners In Health concept dictionary using concept ids and preferred English names</description>
                        <creator/>
                        <dateCreated id="219">2015-07-01 17:25:50</dateCreated>
                        <retired>false</retired>
                        <conceptSourceId>5</conceptSourceId>
                      </conceptSource>
                      <code>1067</code>
                      <conceptReferenceTermMaps id="220"/>
                    </conceptReferenceTerm>
                  </org.openmrs.ConceptMap>
                  <org.openmrs.ConceptMap id="221" uuid="fe4792ee-5b68-102e-96e9-000c29c2a5d7">
                    <conceptMapType reference="66"/>
                    <creator/>
                    <changedBy/>
                    <dateCreated id="222">2015-04-22 14:28:45</dateCreated>
                    <dateChanged id="223">2015-04-22 14:28:46</dateChanged>
                    <conceptMapId>11733</conceptMapId>
                    <concept reference="136"/>
                    <conceptReferenceTerm id="224" resolves-to="org.openmrs.ConceptReferenceTerm" uuid="7ea67a83-68e9-3f41-b394-280da1a6d50e">
                      <creator/>
                      <dateCreated id="225">2010-12-17 00:00:00</dateCreated>
                      <retired>false</retired>
                      <conceptReferenceTermId>11733</conceptReferenceTermId>
                      <conceptSource id="226" resolves-to="org.openmrs.ConceptSource" uuid="ddb6b595-0b85-4a80-9243-efe4ba404eef">
                        <name>org.openmrs.module.mdrtb</name>
                        <description>Concepts used with the MDR-TB module</description>
                        <creator/>
                        <dateCreated id="227">2015-07-01 17:25:50</dateCreated>
                        <retired>false</retired>
                        <conceptSourceId>4</conceptSourceId>
                      </conceptSource>
                      <code>UNKNOWN</code>
                      <conceptReferenceTermMaps id="228"/>
                    </conceptReferenceTerm>
                  </org.openmrs.ConceptMap>
                  <org.openmrs.ConceptMap id="229" uuid="48d452b4-2448-4b4a-ab17-5993cd2aa765">
                    <conceptMapType reference="66"/>
                    <creator/>
                    <changedBy/>
                    <dateCreated id="230">2015-04-22 14:28:45</dateCreated>
                    <dateChanged id="231">2015-04-22 14:28:46</dateChanged>
                    <conceptMapId>18126</conceptMapId>
                    <concept reference="136"/>
                    <conceptReferenceTerm id="232" resolves-to="org.openmrs.ConceptReferenceTerm" uuid="4b376e4b-e34d-47f8-9c73-a7240ec97927">
                      <creator/>
                      <dateCreated id="233">2013-05-14 22:18:07</dateCreated>
                      <retired>false</retired>
                      <conceptReferenceTermId>18085</conceptReferenceTermId>
                      <conceptSource reference="218"/>
                      <code>unknown</code>
                      <conceptReferenceTermMaps id="234"/>
                    </conceptReferenceTerm>
                  </org.openmrs.ConceptMap>
                  <org.openmrs.ConceptMap id="235" uuid="aef53e25-42b3-4e15-b072-773408c42fcf">
                    <conceptMapType reference="66"/>
                    <creator/>
                    <changedBy/>
                    <dateCreated id="236">2015-04-22 14:28:45</dateCreated>
                    <dateChanged id="237">2015-04-22 14:28:46</dateChanged>
                    <conceptMapId>20053</conceptMapId>
                    <concept reference="136"/>
                    <conceptReferenceTerm id="238" resolves-to="org.openmrs.ConceptReferenceTerm" uuid="a8eafffd-4944-46e7-bd9c-cfab794e30a9">
                      <creator/>
                      <dateCreated id="239">2013-09-26 19:38:23</dateCreated>
                      <retired>false</retired>
                      <conceptReferenceTermId>19926</conceptReferenceTermId>
                      <conceptSource id="240" resolves-to="org.openmrs.ConceptSource" uuid="edd52713-8887-47b7-ba9e-6e1148824ca4">
                        <name>org.openmrs.module.emrapi</name>
                        <description>Source used to tag concepts used in the emr-api module</description>
                        <creator/>
                        <dateCreated id="241">2015-07-01 17:25:50</dateCreated>
                        <retired>false</retired>
                        <conceptSourceId>31</conceptSourceId>
                      </conceptSource>
                      <code>Unknown Cause of Death</code>
                      <conceptReferenceTermMaps id="242"/>
                    </conceptReferenceTerm>
                  </org.openmrs.ConceptMap>
                  <org.openmrs.ConceptMap id="243" uuid="133842ABBBBBBBBBBBBBBBBBBBBBBBBBBBBB">
                    <conceptMapType reference="66"/>
                    <creator/>
                    <dateCreated id="244">2010-10-01 23:14:01</dateCreated>
                    <conceptMapId>25514</conceptMapId>
                    <concept reference="136"/>
                    <conceptReferenceTerm id="245" resolves-to="org.openmrs.ConceptReferenceTerm" uuid="2d7618d4-61c6-3389-bd89-5d1c0025cca8">
                      <creator/>
                      <dateCreated id="246">2010-10-01 04:00:00</dateCreated>
                      <retired>false</retired>
                      <conceptReferenceTermId>24856</conceptReferenceTermId>
                      <conceptSource reference="71"/>
                      <code>261665006</code>
                      <conceptReferenceTermMaps id="247"/>
                    </conceptReferenceTerm>
                  </org.openmrs.ConceptMap>
                  <org.openmrs.ConceptMap id="248" uuid="fcfd290c-3fae-46c3-8310-d9858f1ca9da">
                    <conceptMapType reference="66"/>
                    <creator/>
                    <dateCreated id="249">2017-03-04 21:46:26</dateCreated>
                    <conceptMapId>27086</conceptMapId>
                    <concept reference="136"/>
                    <conceptReferenceTerm id="250" resolves-to="org.openmrs.ConceptReferenceTerm" uuid="a10dc73e-f982-4e58-9a45-9285850c3937">
                      <creator/>
                      <dateCreated id="251">2017-03-04 21:44:41</dateCreated>
                      <retired>false</retired>
                      <conceptReferenceTermId>26243</conceptReferenceTermId>
                      <conceptSource reference="85"/>
                      <code>1067</code>
                      <conceptReferenceTermMaps id="252"/>
                    </conceptReferenceTerm>
                  </org.openmrs.ConceptMap>
                  <org.openmrs.ConceptMap id="253" uuid="134739ABBBBBBBBBBBBBBBBBBBBBBBBBBBBB">
                    <conceptMapType reference="66"/>
                    <creator/>
                    <dateCreated id="254">2010-10-24 17:09:59</dateCreated>
                    <conceptMapId>27573</conceptMapId>
                    <concept reference="136"/>
                    <conceptReferenceTerm id="255" resolves-to="org.openmrs.ConceptReferenceTerm" uuid="86e0b01a-cf11-334f-901f-ae1cea9ae9bf">
                      <creator/>
                      <dateCreated id="256">2010-10-24 04:00:00</dateCreated>
                      <retired>false</retired>
                      <conceptReferenceTermId>26892</conceptReferenceTermId>
                      <conceptSource id="257" resolves-to="org.openmrs.ConceptSource" uuid="13ADDDDDDDDDDDDDDDDDDDDDDDDDDDDDDDDD">
                        <name>AMPATH</name>
                        <description>AMPATH concept dictionary</description>
                        <creator/>
                        <dateCreated id="258">2015-07-01 17:25:50</dateCreated>
                        <retired>false</retired>
                        <conceptSourceId>10</conceptSourceId>
                      </conceptSource>
                      <code>1067</code>
                      <conceptReferenceTermMaps id="259"/>
                    </conceptReferenceTerm>
                  </org.openmrs.ConceptMap>
                </conceptMappings>
                <attributes id="260"/>
              </answerConcept>
              <creator/>
              <dateCreated id="261">2014-11-22 20:46:25</dateCreated>
              <sortWeight>5203.0</sortWeight>
            </org.openmrs.ConceptAnswer>
            <org.openmrs.ConceptAnswer id="262" uuid="5205CCCCCCCCCCCCCCCCCCCCCCCCCCCCCCCC">
              <conceptAnswerId>11416</conceptAnswerId>
              <concept reference="124"/>
              <answerConcept id="263" resolves-to="org.openmrs.Concept" uuid="162735AAAAAAAAAAAAAAAAAAAAAAAAAAAAAA">
                <conceptId>12889</conceptId>
                <retired>false</retired>
                <datatype reference="3"/>
                <conceptClass reference="137"/>
                <set>false</set>
                <creator/>
                <dateCreated id="264">2014-11-22 03:07:28</dateCreated>
                <changedBy/>
                <dateChanged id="265">2020-05-12 21:01:19</dateChanged>
                <names class="set" id="266">
                  <org.openmrs.ConceptName id="267" uuid="126586BBBBBBBBBBBBBBBBBBBBBBBBBBBBBB">
                    <conceptNameId>43562</conceptNameId>
                    <concept reference="263"/>
                    <name>Room air</name>
                    <locale id="268">en</locale>
                    <creator/>
                    <dateCreated id="269">2014-11-22 03:07:28</dateCreated>
                    <voided>false</voided>
                    <tags class="set" id="270"/>
                    <conceptNameType>FULLY_SPECIFIED</conceptNameType>
                    <localePreferred>true</localePreferred>
                  </org.openmrs.ConceptName>
                </names>
                <answers class="set" id="271"/>
                <conceptSets class="set" id="272"/>
                <descriptions class="set" id="273"/>
                <conceptMappings class="set" id="274">
                  <org.openmrs.ConceptMap id="275" uuid="278160ABBBBBBBBBBBBBBBBBBBBBBBBBBBBB">
                    <conceptMapType reference="66"/>
                    <creator/>
                    <dateCreated id="276">2014-11-22 03:07:42</dateCreated>
                    <conceptMapId>34663</conceptMapId>
                    <concept reference="263"/>
                    <conceptReferenceTerm id="277" resolves-to="org.openmrs.ConceptReferenceTerm" uuid="eafe8c14-7d56-320d-8a3c-5368f4085336">
                      <creator/>
                      <dateCreated id="278">2014-11-22 00:00:00</dateCreated>
                      <retired>false</retired>
                      <conceptReferenceTermId>33314</conceptReferenceTermId>
                      <conceptSource reference="85"/>
                      <code>162735</code>
                      <conceptReferenceTermMaps id="279"/>
                    </conceptReferenceTerm>
                  </org.openmrs.ConceptMap>
                  <org.openmrs.ConceptMap id="280" uuid="278159ABBBBBBBBBBBBBBBBBBBBBBBBBBBBB">
                    <conceptMapType id="281" resolves-to="org.openmrs.ConceptMapType" uuid="43ac5109-7d8c-11e1-909d-c80aa9edcf4e">
                      <name>NARROWER-THAN</name>
                      <creator/>
                      <dateCreated id="282">2012-06-21 00:00:00</dateCreated>
                      <retired>false</retired>
                      <conceptMapTypeId>2</conceptMapTypeId>
                      <isHidden>false</isHidden>
                    </conceptMapType>
                    <creator/>
                    <dateCreated id="283">2014-11-22 03:07:28</dateCreated>
                    <conceptMapId>34664</conceptMapId>
                    <concept reference="263"/>
                    <conceptReferenceTerm id="284" resolves-to="org.openmrs.ConceptReferenceTerm" uuid="e5792d21-a4c2-3203-8ff5-91159f892ef4">
                      <creator/>
                      <dateCreated id="285">2014-11-22 00:00:00</dateCreated>
                      <retired>false</retired>
                      <conceptReferenceTermId>33315</conceptReferenceTermId>
                      <conceptSource id="286" resolves-to="org.openmrs.ConceptSource" uuid="2ADDDDDDDDDDDDDDDDDDDDDDDDDDDDDDDDDD">
                        <name>SNOMED NP</name>
                        <description>Non-preferred SNOMED CT mappings</description>
                        <creator/>
                        <dateCreated id="287">2015-07-01 17:25:50</dateCreated>
                        <retired>false</retired>
                        <conceptSourceId>8</conceptSourceId>
                      </conceptSource>
                      <code>15158005</code>
                      <conceptReferenceTermMaps id="288"/>
                    </conceptReferenceTerm>
                  </org.openmrs.ConceptMap>
                </conceptMappings>
                <attributes id="289"/>
              </answerConcept>
              <creator/>
              <dateCreated id="290">2014-11-22 20:46:25</dateCreated>
              <sortWeight>5205.0</sortWeight>
            </org.openmrs.ConceptAnswer>
            <org.openmrs.ConceptAnswer id="291" uuid="5204CCCCCCCCCCCCCCCCCCCCCCCCCCCCCCCC">
              <conceptAnswerId>11417</conceptAnswerId>
              <concept reference="124"/>
              <answerConcept id="292" resolves-to="org.openmrs.Concept" uuid="162738AAAAAAAAAAAAAAAAAAAAAAAAAAAAAA">
                <conceptId>12890</conceptId>
                <retired>false</retired>
                <datatype reference="3"/>
                <conceptClass reference="27"/>
                <set>false</set>
                <creator/>
                <dateCreated id="293">2014-11-22 20:43:33</dateCreated>
                <changedBy/>
                <dateChanged id="294">2020-05-12 21:01:19</dateChanged>
                <names class="set" id="295">
                  <org.openmrs.ConceptName id="296" uuid="126590BBBBBBBBBBBBBBBBBBBBBBBBBBBBBB">
                    <conceptNameId>43563</conceptNameId>
                    <concept reference="292"/>
                    <name>O2 therapy</name>
                    <locale id="297">en</locale>
                    <creator/>
                    <dateCreated id="298">2014-11-22 20:43:33</dateCreated>
                    <voided>false</voided>
                    <tags class="set" id="299"/>
                    <conceptNameType>SHORT</conceptNameType>
                    <localePreferred>false</localePreferred>
                  </org.openmrs.ConceptName>
                  <org.openmrs.ConceptName id="300" uuid="126589BBBBBBBBBBBBBBBBBBBBBBBBBBBBBB">
                    <conceptNameId>43564</conceptNameId>
                    <concept reference="292"/>
                    <name>Supplemental oxygen therapy</name>
                    <locale id="301">en</locale>
                    <creator/>
                    <dateCreated id="302">2014-11-22 20:43:33</dateCreated>
                    <voided>false</voided>
                    <tags class="set" id="303"/>
                    <conceptNameType>FULLY_SPECIFIED</conceptNameType>
                    <localePreferred>true</localePreferred>
                  </org.openmrs.ConceptName>
                </names>
                <answers class="set" id="304"/>
                <conceptSets class="set" id="305"/>
                <descriptions class="set" id="306"/>
                <conceptMappings class="set" id="307">
                  <org.openmrs.ConceptMap id="308" uuid="278165ABBBBBBBBBBBBBBBBBBBBBBBBBBBBB">
                    <conceptMapType reference="66"/>
                    <creator/>
                    <dateCreated id="309">2014-11-22 20:43:33</dateCreated>
                    <conceptMapId>34665</conceptMapId>
                    <concept reference="292"/>
                    <conceptReferenceTerm id="310" resolves-to="org.openmrs.ConceptReferenceTerm" uuid="91bd5749-3333-3e94-bc1e-28626e0e9168">
                      <creator/>
                      <dateCreated id="311">2014-11-22 00:00:00</dateCreated>
                      <retired>false</retired>
                      <conceptReferenceTermId>33316</conceptReferenceTermId>
                      <conceptSource reference="71"/>
                      <code>57485005</code>
                      <conceptReferenceTermMaps id="312"/>
                    </conceptReferenceTerm>
                  </org.openmrs.ConceptMap>
                  <org.openmrs.ConceptMap id="313" uuid="278166ABBBBBBBBBBBBBBBBBBBBBBBBBBBBB">
                    <conceptMapType reference="66"/>
                    <creator/>
                    <dateCreated id="314">2014-11-22 20:43:41</dateCreated>
                    <conceptMapId>34666</conceptMapId>
                    <concept reference="292"/>
                    <conceptReferenceTerm id="315" resolves-to="org.openmrs.ConceptReferenceTerm" uuid="203054d9-1a6e-30cc-9dbd-94baad85afb7">
                      <creator/>
                      <dateCreated id="316">2014-11-22 00:00:00</dateCreated>
                      <retired>false</retired>
                      <conceptReferenceTermId>33317</conceptReferenceTermId>
                      <conceptSource reference="85"/>
                      <code>162738</code>
                      <conceptReferenceTermMaps id="317"/>
                    </conceptReferenceTerm>
                  </org.openmrs.ConceptMap>
                </conceptMappings>
                <attributes id="318"/>
              </answerConcept>
              <creator/>
              <dateCreated id="319">2014-11-22 20:46:25</dateCreated>
              <sortWeight>5204.0</sortWeight>
            </org.openmrs.ConceptAnswer>
          </answers>
          <conceptSets class="set" id="320"/>
          <descriptions class="set" id="321"/>
          <conceptMappings class="set" id="322">
            <org.openmrs.ConceptMap id="323" uuid="278168ABBBBBBBBBBBBBBBBBBBBBBBBBBBBB">
              <conceptMapType reference="66"/>
              <creator/>
              <dateCreated id="324">2014-11-22 20:46:34</dateCreated>
              <conceptMapId>34667</conceptMapId>
              <concept reference="124"/>
              <conceptReferenceTerm id="325" resolves-to="org.openmrs.ConceptReferenceTerm" uuid="54ebe013-4bcb-38e9-97f3-877b8547d6af">
                <creator/>
                <dateCreated id="326">2014-11-22 00:00:00</dateCreated>
                <retired>false</retired>
                <conceptReferenceTermId>33318</conceptReferenceTermId>
                <conceptSource reference="85"/>
                <code>162739</code>
                <conceptReferenceTermMaps id="327"/>
              </conceptReferenceTerm>
            </org.openmrs.ConceptMap>
            <org.openmrs.ConceptMap id="328" uuid="278167ABBBBBBBBBBBBBBBBBBBBBBBBBBBBB">
              <conceptMapType reference="281"/>
              <creator/>
              <dateCreated id="329">2014-11-22 20:46:25</dateCreated>
              <conceptMapId>34668</conceptMapId>
              <concept reference="124"/>
              <conceptReferenceTerm id="330" resolves-to="org.openmrs.ConceptReferenceTerm" uuid="6fb0e831-8ae1-32bb-af51-31f348295fdb">
                <creator/>
                <dateCreated id="331">2014-11-22 00:00:00</dateCreated>
                <retired>false</retired>
                <conceptReferenceTermId>33319</conceptReferenceTermId>
                <conceptSource reference="286"/>
                <code>106048009</code>
                <conceptReferenceTermMaps id="332"/>
              </conceptReferenceTerm>
            </org.openmrs.ConceptMap>
          </conceptMappings>
          <attributes id="333"/>
        </concept>
        <conceptSet reference="2"/>
        <sortWeight>1.0</sortWeight>
        <creator/>
        <dateCreated id="334">2020-05-12 18:15:57</dateCreated>
      </org.openmrs.ConceptSet>
    </conceptSets>
    <descriptions class="set" id="335"/>
    <conceptMappings class="set" id="336"/>
    <attributes id="337"/>
  </org.openmrs.Concept>
</list>
