<?xml version="1.0" encoding="UTF-8"?>
<package id="1" uuid="f95ce0ac-aeaa-470f-9fdf-5591f7e7dca0">
  <dateCreated id="2">2022-02-04 04:28:06</dateCreated>
  <name>Pathology</name>
  <description>Concepts used for pathology specimen order and processing.</description>
  <openmrsVersion>2.3.3  Build a4f37e</openmrsVersion>
  <version>19</version>
  <groupUuid>1c57b7fe-ea18-434e-84c5-137d26bbf340</groupUuid>
  <subscriptionUrl>https://concepts.pih-emr.org/openmrs/ws/rest/metadatasharing/package/1c57b7fe-ea18-434e-84c5-137d26bbf340/latest</subscriptionUrl>
  <modules id="3">
    <entry>
      <string>webservices.rest</string>
      <string>2.29.0.b675eb</string>
    </entry>
    <entry>
      <string>legacyui</string>
      <string>1.8.3</string>
    </entry>
    <entry>
      <string>groovy</string>
      <string>2.3.0-SNAPSHOT</string>
    </entry>
    <entry>
      <string>fhir</string>
      <string>1.20.0</string>
    </entry>
    <entry>
      <string>metadatasharing</string>
      <string>1.8.0</string>
    </entry>
    <entry>
      <string>owa</string>
      <string>1.12.0</string>
    </entry>
    <entry>
      <string>uiframework</string>
      <string>3.21.0</string>
    </entry>
    <entry>
      <string>metadatamapping</string>
      <string>1.4.0</string>
    </entry>
    <entry>
      <string>metadatatools</string>
      <string>1.0-SNAPSHOT</string>
    </entry>
    <entry>
      <string>uilibrary</string>
      <string>2.0.6</string>
    </entry>
    <entry>
      <string>validation</string>
      <string>1.0.1</string>
    </entry>
  </modules>
  <items class="linked-hash-set" id="4">
    <org.openmrs.module.metadatasharing.Item id="5" uuid="55219ee7-08e3-4ecd-aa1f-527ec1234758">
      <id>10773</id>
      <classname>org.openmrs.Concept</classname>
      <dateChanged id="6">2021-09-02 22:03:28</dateChanged>
      <retired>false</retired>
    </org.openmrs.module.metadatasharing.Item>
  </items>
  <relatedItems class="linked-hash-set" id="7">
    <org.openmrs.module.metadatasharing.Item id="8" uuid="8d4a4c94-c2cc-11de-8d13-0010c6dffd0f">
      <id>4</id>
      <classname>org.openmrs.ConceptDatatype</classname>
      <dateChanged id="9">2004-02-02 05:00:00</dateChanged>
      <retired>false</retired>
    </org.openmrs.module.metadatasharing.Item>
    <org.openmrs.module.metadatasharing.Item id="10" uuid="8d492594-c2cc-11de-8d13-0010c6dffd0f">
      <id>10</id>
      <classname>org.openmrs.ConceptClass</classname>
      <dateChanged id="11">2015-07-01 17:25:50</dateChanged>
      <retired>false</retired>
    </org.openmrs.module.metadatasharing.Item>
    <org.openmrs.module.metadatasharing.Item id="12" uuid="aa9f99ea-786d-4d29-b944-aacd744516dd">
      <id>31529</id>
      <classname>org.openmrs.ConceptName</classname>
      <dateChanged id="13">2016-12-21 22:42:40</dateChanged>
    </org.openmrs.module.metadatasharing.Item>
    <org.openmrs.module.metadatasharing.Item id="14" uuid="56a443a7-a9bf-46fb-8632-285135545618">
      <id>6913</id>
      <classname>org.openmrs.ConceptSet</classname>
      <dateChanged id="15">2016-12-21 22:42:40</dateChanged>
    </org.openmrs.module.metadatasharing.Item>
    <org.openmrs.module.metadatasharing.Item id="16" uuid="931ccc79-3522-497b-b22a-50432e78b651">
      <id>10766</id>
      <classname>org.openmrs.Concept</classname>
      <dateChanged id="17">2016-12-21 00:15:02</dateChanged>
      <retired>false</retired>
    </org.openmrs.module.metadatasharing.Item>
    <org.openmrs.module.metadatasharing.Item id="18" uuid="7e9a0f18-5bbd-4bc6-9091-3d3e410b3469">
      <id>31521</id>
      <classname>org.openmrs.ConceptName</classname>
      <dateChanged id="19">2016-12-21 00:14:28</dateChanged>
    </org.openmrs.module.metadatasharing.Item>
    <org.openmrs.module.metadatasharing.Item id="20" uuid="ac3bbd50-4251-4caa-a06e-999afe32dccd">
      <id>31522</id>
      <classname>org.openmrs.ConceptName</classname>
      <dateChanged id="21">2016-12-21 00:14:28</dateChanged>
    </org.openmrs.module.metadatasharing.Item>
    <org.openmrs.module.metadatasharing.Item id="22" uuid="804d7fc3-b27d-4ad5-a2c1-f72bbeafe267">
      <id>6909</id>
      <classname>org.openmrs.ConceptSet</classname>
      <dateChanged id="23">2016-12-21 00:14:28</dateChanged>
    </org.openmrs.module.metadatasharing.Item>
    <org.openmrs.module.metadatasharing.Item id="24" uuid="226ed7ad-b776-4b99-966d-fd818d3302c2">
      <id>3064</id>
      <classname>org.openmrs.Concept</classname>
      <dateChanged id="25">2018-10-15 18:01:29</dateChanged>
      <retired>false</retired>
    </org.openmrs.module.metadatasharing.Item>
    <org.openmrs.module.metadatasharing.Item id="26" uuid="8d4a48b6-c2cc-11de-8d13-0010c6dffd0f">
      <id>2</id>
      <classname>org.openmrs.ConceptDatatype</classname>
      <dateChanged id="27">2004-02-02 05:00:00</dateChanged>
      <retired>false</retired>
    </org.openmrs.module.metadatasharing.Item>
    <org.openmrs.module.metadatasharing.Item id="28" uuid="8d491e50-c2cc-11de-8d13-0010c6dffd0f">
      <id>7</id>
      <classname>org.openmrs.ConceptClass</classname>
      <dateChanged id="29">2015-07-01 17:25:50</dateChanged>
      <retired>false</retired>
    </org.openmrs.module.metadatasharing.Item>
    <org.openmrs.module.metadatasharing.Item id="30" uuid="93c47642-07d4-102c-b5fa-0017a47871b2">
      <id>6149</id>
      <classname>org.openmrs.ConceptName</classname>
      <dateChanged id="31">2008-04-29 13:23:13</dateChanged>
    </org.openmrs.module.metadatasharing.Item>
    <org.openmrs.module.metadatasharing.Item id="32" uuid="c4e56a5c-a186-4bb3-8c4b-ad7b8b603041">
      <id>37086</id>
      <classname>org.openmrs.ConceptName</classname>
      <dateChanged id="33">2018-10-15 18:01:29</dateChanged>
    </org.openmrs.module.metadatasharing.Item>
    <org.openmrs.module.metadatasharing.Item id="34" uuid="0b6b2c5c-15f5-102d-96e4-000c29c2a5d7">
      <id>3284</id>
      <classname>org.openmrs.ConceptName</classname>
      <dateChanged id="35">2008-04-29 13:23:13</dateChanged>
    </org.openmrs.module.metadatasharing.Item>
    <org.openmrs.module.metadatasharing.Item id="36" uuid="f6dbbcc8-d5db-102d-ad2a-000c29c2a5d7">
      <id>12564</id>
      <classname>org.openmrs.ConceptName</classname>
      <dateChanged id="37">2013-02-21 00:38:10</dateChanged>
    </org.openmrs.module.metadatasharing.Item>
    <org.openmrs.module.metadatasharing.Item id="38" uuid="fd4f7c24-c9eb-4a92-8936-28c1b85d8ff7">
      <id>17999</id>
      <classname>org.openmrs.ConceptName</classname>
      <dateChanged id="39">2013-02-21 00:38:49</dateChanged>
    </org.openmrs.module.metadatasharing.Item>
    <org.openmrs.module.metadatasharing.Item id="40" uuid="80def83f-8ad6-49ca-b8a4-87e549c81adf">
      <id>17998</id>
      <classname>org.openmrs.ConceptName</classname>
      <dateChanged id="41">2013-02-21 00:38:10</dateChanged>
    </org.openmrs.module.metadatasharing.Item>
    <org.openmrs.module.metadatasharing.Item id="42" uuid="ed212044-07fe-102c-b5fa-0017a47871b2">
      <id>2731</id>
      <classname>org.openmrs.ConceptDescription</classname>
      <dateChanged id="43">2013-02-21 00:41:48</dateChanged>
    </org.openmrs.module.metadatasharing.Item>
    <org.openmrs.module.metadatasharing.Item id="44" uuid="b25af932-4864-102e-96e9-000c29c2a5d7">
      <id>3066</id>
      <classname>org.openmrs.ConceptMap</classname>
      <dateChanged id="45">2012-06-21 16:49:52</dateChanged>
    </org.openmrs.module.metadatasharing.Item>
    <org.openmrs.module.metadatasharing.Item id="46" uuid="35543629-7d8c-11e1-909d-c80aa9edcf4e">
      <id>1</id>
      <classname>org.openmrs.ConceptMapType</classname>
      <dateChanged id="47">2021-10-01 23:36:39</dateChanged>
      <retired>false</retired>
    </org.openmrs.module.metadatasharing.Item>
    <org.openmrs.module.metadatasharing.Item id="48" uuid="60fe0368-f1eb-3b1f-9690-35127fb72def">
      <id>3066</id>
      <classname>org.openmrs.ConceptReferenceTerm</classname>
      <dateChanged id="49">2010-11-23 00:00:00</dateChanged>
      <retired>false</retired>
    </org.openmrs.module.metadatasharing.Item>
    <org.openmrs.module.metadatasharing.Item id="50" uuid="fb9aaaf1-65e2-4c18-b53c-16b575f2f385">
      <id>5</id>
      <classname>org.openmrs.ConceptSource</classname>
      <dateChanged id="51">2015-07-01 17:25:50</dateChanged>
      <retired>false</retired>
    </org.openmrs.module.metadatasharing.Item>
    <org.openmrs.module.metadatasharing.Item id="52" uuid="b4a4fcf5-91a0-42fe-a649-34bb705119e8">
      <id>28450</id>
      <classname>org.openmrs.ConceptMap</classname>
      <dateChanged id="53">2017-04-19 19:37:40</dateChanged>
    </org.openmrs.module.metadatasharing.Item>
    <org.openmrs.module.metadatasharing.Item id="54" uuid="cbb8d11f-aaf8-361e-9098-0fa947fda32d">
      <id>13529</id>
      <classname>org.openmrs.ConceptReferenceTerm</classname>
      <dateChanged id="55">2014-06-13 19:19:34</dateChanged>
      <retired>false</retired>
    </org.openmrs.module.metadatasharing.Item>
    <org.openmrs.module.metadatasharing.Item id="56" uuid="21ADDDDDDDDDDDDDDDDDDDDDDDDDDDDDDDDD">
      <id>29</id>
      <classname>org.openmrs.ConceptSource</classname>
      <dateChanged id="57">2021-10-01 23:36:39</dateChanged>
      <retired>false</retired>
    </org.openmrs.module.metadatasharing.Item>
    <org.openmrs.module.metadatasharing.Item id="58" uuid="759cb00a-4943-102e-96e9-000c29c2a5d7">
      <id>8863</id>
      <classname>org.openmrs.ConceptMap</classname>
      <dateChanged id="59">2012-06-21 16:49:52</dateChanged>
    </org.openmrs.module.metadatasharing.Item>
    <org.openmrs.module.metadatasharing.Item id="60" uuid="9ccc5e6f-fe18-38f5-a061-52172966d49a">
      <id>8863</id>
      <classname>org.openmrs.ConceptReferenceTerm</classname>
      <dateChanged id="61">2010-11-24 00:00:00</dateChanged>
      <retired>false</retired>
    </org.openmrs.module.metadatasharing.Item>
    <org.openmrs.module.metadatasharing.Item id="62" uuid="e2e3a64b-5c9c-4326-b391-7602ab39de0e">
      <id>20030</id>
      <classname>org.openmrs.ConceptMap</classname>
      <dateChanged id="63">2013-09-26 19:57:09</dateChanged>
    </org.openmrs.module.metadatasharing.Item>
    <org.openmrs.module.metadatasharing.Item id="64" uuid="6de954bf-3b60-4abe-8910-2b8f8a399d83">
      <id>19902</id>
      <classname>org.openmrs.ConceptReferenceTerm</classname>
      <dateChanged id="65">2013-09-26 19:38:22</dateChanged>
      <retired>false</retired>
    </org.openmrs.module.metadatasharing.Item>
    <org.openmrs.module.metadatasharing.Item id="66" uuid="edd52713-8887-47b7-ba9e-6e1148824ca4">
      <id>31</id>
      <classname>org.openmrs.ConceptSource</classname>
      <dateChanged id="67">2015-07-01 17:25:50</dateChanged>
      <retired>false</retired>
    </org.openmrs.module.metadatasharing.Item>
    <org.openmrs.module.metadatasharing.Item id="68" uuid="f0f053bc-bb57-472c-b878-bc9fb64b3518">
      <id>6910</id>
      <classname>org.openmrs.ConceptSet</classname>
      <dateChanged id="69">2016-12-21 00:14:28</dateChanged>
    </org.openmrs.module.metadatasharing.Item>
    <org.openmrs.module.metadatasharing.Item id="70" uuid="3cd9ef9a-26fe-102b-80cb-0017a47871b2">
      <id>1379</id>
      <classname>org.openmrs.Concept</classname>
      <dateChanged id="71">2018-10-15 18:02:48</dateChanged>
      <retired>false</retired>
    </org.openmrs.module.metadatasharing.Item>
    <org.openmrs.module.metadatasharing.Item id="72" uuid="5966217f-b7a9-4724-b1be-3960b09173aa">
      <id>15215</id>
      <classname>org.openmrs.ConceptName</classname>
      <dateChanged id="73">2011-10-20 07:26:11</dateChanged>
    </org.openmrs.module.metadatasharing.Item>
    <org.openmrs.module.metadatasharing.Item id="74" uuid="9e6d5e21-ac4b-4aea-836e-75305d1ecaa5">
      <id>25734</id>
      <classname>org.openmrs.ConceptName</classname>
      <dateChanged id="75">2014-01-03 23:37:51</dateChanged>
    </org.openmrs.module.metadatasharing.Item>
    <org.openmrs.module.metadatasharing.Item id="76" uuid="cd87f551-3877-4fbd-8b51-df7331e0188c">
      <id>37087</id>
      <classname>org.openmrs.ConceptName</classname>
      <dateChanged id="77">2018-10-15 18:02:37</dateChanged>
    </org.openmrs.module.metadatasharing.Item>
    <org.openmrs.module.metadatasharing.Item id="78" uuid="f6091c8c-d5db-102d-ad2a-000c29c2a5d7">
      <id>10893</id>
      <classname>org.openmrs.ConceptName</classname>
      <dateChanged id="79">2014-01-03 23:37:51</dateChanged>
    </org.openmrs.module.metadatasharing.Item>
    <org.openmrs.module.metadatasharing.Item id="80" uuid="3e18f2f2-26fe-102b-80cb-0017a47871b2">
      <id>1474</id>
      <classname>org.openmrs.ConceptName</classname>
      <dateChanged id="81">2013-04-10 02:07:51</dateChanged>
    </org.openmrs.module.metadatasharing.Item>
    <org.openmrs.module.metadatasharing.Item id="82" uuid="3e18f55e-26fe-102b-80cb-0017a47871b2">
      <id>1475</id>
      <classname>org.openmrs.ConceptName</classname>
      <dateChanged id="83">2014-01-03 23:37:51</dateChanged>
    </org.openmrs.module.metadatasharing.Item>
    <org.openmrs.module.metadatasharing.Item id="84" uuid="8a179ee8-4639-498f-9108-e8e6b9930fef">
      <id>37088</id>
      <classname>org.openmrs.ConceptName</classname>
      <dateChanged id="85">2018-10-15 18:02:48</dateChanged>
    </org.openmrs.module.metadatasharing.Item>
    <org.openmrs.module.metadatasharing.Item id="86" uuid="3d3f403e-26fe-102b-80cb-0017a47871b2">
      <id>957</id>
      <classname>org.openmrs.ConceptAnswer</classname>
      <dateChanged id="87">2006-06-14 19:17:03</dateChanged>
    </org.openmrs.module.metadatasharing.Item>
    <org.openmrs.module.metadatasharing.Item id="88" uuid="3cd9bd04-26fe-102b-80cb-0017a47871b2">
      <id>1345</id>
      <classname>org.openmrs.Concept</classname>
      <dateChanged id="89">2018-10-15 18:03:08</dateChanged>
      <retired>false</retired>
    </org.openmrs.module.metadatasharing.Item>
    <org.openmrs.module.metadatasharing.Item id="90" uuid="8d492774-c2cc-11de-8d13-0010c6dffd0f">
      <id>11</id>
      <classname>org.openmrs.ConceptClass</classname>
      <dateChanged id="91">2015-07-01 17:25:50</dateChanged>
      <retired>false</retired>
    </org.openmrs.module.metadatasharing.Item>
    <org.openmrs.module.metadatasharing.Item id="92" uuid="f604892e-d5db-102d-ad2a-000c29c2a5d7">
      <id>10860</id>
      <classname>org.openmrs.ConceptName</classname>
      <dateChanged id="93">2010-06-29 13:03:17</dateChanged>
    </org.openmrs.module.metadatasharing.Item>
    <org.openmrs.module.metadatasharing.Item id="94" uuid="922a630c-eb48-470c-9523-9077a73da193">
      <id>37089</id>
      <classname>org.openmrs.ConceptName</classname>
      <dateChanged id="95">2018-10-15 18:03:08</dateChanged>
    </org.openmrs.module.metadatasharing.Item>
    <org.openmrs.module.metadatasharing.Item id="96" uuid="3e1868b4-26fe-102b-80cb-0017a47871b2">
      <id>1411</id>
      <classname>org.openmrs.ConceptName</classname>
      <dateChanged id="97">2006-06-09 17:11:06</dateChanged>
    </org.openmrs.module.metadatasharing.Item>
    <org.openmrs.module.metadatasharing.Item id="98" uuid="3e1862c4-26fe-102b-80cb-0017a47871b2">
      <id>1410</id>
      <classname>org.openmrs.ConceptName</classname>
      <dateChanged id="99">2006-06-09 17:11:06</dateChanged>
    </org.openmrs.module.metadatasharing.Item>
    <org.openmrs.module.metadatasharing.Item id="100" uuid="0567cd47-4785-4231-9fcb-9f377021d8ee">
      <id>1376</id>
      <classname>org.openmrs.ConceptDescription</classname>
      <dateChanged id="101">2013-04-10 02:09:12</dateChanged>
    </org.openmrs.module.metadatasharing.Item>
    <org.openmrs.module.metadatasharing.Item id="102" uuid="136261ABBBBBBBBBBBBBBBBBBBBBBBBBBBBB">
      <id>13526</id>
      <classname>org.openmrs.ConceptMap</classname>
      <dateChanged id="103">2012-06-21 16:49:52</dateChanged>
    </org.openmrs.module.metadatasharing.Item>
    <org.openmrs.module.metadatasharing.Item id="104" uuid="e9844c60-5139-3ff2-bacc-806eb1da4ac1">
      <id>13526</id>
      <classname>org.openmrs.ConceptReferenceTerm</classname>
      <dateChanged id="105">2010-10-27 00:00:00</dateChanged>
      <retired>false</retired>
    </org.openmrs.module.metadatasharing.Item>
    <org.openmrs.module.metadatasharing.Item id="106" uuid="13ADDDDDDDDDDDDDDDDDDDDDDDDDDDDDDDDD">
      <id>10</id>
      <classname>org.openmrs.ConceptSource</classname>
      <dateChanged id="107">2021-09-20 19:05:26</dateChanged>
      <retired>false</retired>
    </org.openmrs.module.metadatasharing.Item>
    <org.openmrs.module.metadatasharing.Item id="108" uuid="75719712-4943-102e-96e9-000c29c2a5d7">
      <id>7188</id>
      <classname>org.openmrs.ConceptMap</classname>
      <dateChanged id="109">2012-06-21 16:49:52</dateChanged>
    </org.openmrs.module.metadatasharing.Item>
    <org.openmrs.module.metadatasharing.Item id="110" uuid="33f09f21-6902-39c7-b08c-ef0259881623">
      <id>7188</id>
      <classname>org.openmrs.ConceptReferenceTerm</classname>
      <dateChanged id="111">2010-11-24 00:00:00</dateChanged>
      <retired>false</retired>
    </org.openmrs.module.metadatasharing.Item>
    <org.openmrs.module.metadatasharing.Item id="112" uuid="e0095dbf-7244-4005-8caf-0cf751d20f71">
      <id>13523</id>
      <classname>org.openmrs.ConceptMap</classname>
      <dateChanged id="113">2012-06-21 16:49:52</dateChanged>
    </org.openmrs.module.metadatasharing.Item>
    <org.openmrs.module.metadatasharing.Item id="114" uuid="466a3369-3bfc-39f7-a24e-7ce6e6ddc6c3">
      <id>13523</id>
      <classname>org.openmrs.ConceptReferenceTerm</classname>
      <dateChanged id="115">2011-10-31 00:00:00</dateChanged>
      <retired>false</retired>
    </org.openmrs.module.metadatasharing.Item>
    <org.openmrs.module.metadatasharing.Item id="116" uuid="b4ce49bf-a4d3-446e-9438-fd18c6b7f8c9">
      <id>20037</id>
      <classname>org.openmrs.ConceptMap</classname>
      <dateChanged id="117">2013-09-26 19:57:13</dateChanged>
    </org.openmrs.module.metadatasharing.Item>
    <org.openmrs.module.metadatasharing.Item id="118" uuid="169cad7e-107b-47ab-bce6-4e1018326f4f">
      <id>19903</id>
      <classname>org.openmrs.ConceptReferenceTerm</classname>
      <dateChanged id="119">2013-09-26 19:38:22</dateChanged>
      <retired>false</retired>
    </org.openmrs.module.metadatasharing.Item>
    <org.openmrs.module.metadatasharing.Item id="120" uuid="132793ABBBBBBBBBBBBBBBBBBBBBBBBBBBBB">
      <id>13524</id>
      <classname>org.openmrs.ConceptMap</classname>
      <dateChanged id="121">2012-06-21 16:49:52</dateChanged>
    </org.openmrs.module.metadatasharing.Item>
    <org.openmrs.module.metadatasharing.Item id="122" uuid="a69dafbf-5b89-3c59-a7e2-8c0477ca4bc0">
      <id>13524</id>
      <classname>org.openmrs.ConceptReferenceTerm</classname>
      <dateChanged id="123">2010-08-24 00:00:00</dateChanged>
      <retired>false</retired>
    </org.openmrs.module.metadatasharing.Item>
    <org.openmrs.module.metadatasharing.Item id="124" uuid="1ADDDDDDDDDDDDDDDDDDDDDDDDDDDDDDDDDD">
      <id>6</id>
      <classname>org.openmrs.ConceptSource</classname>
      <dateChanged id="125">2021-10-01 23:36:39</dateChanged>
      <retired>false</retired>
    </org.openmrs.module.metadatasharing.Item>
    <org.openmrs.module.metadatasharing.Item id="126" uuid="b2112bb8-4864-102e-96e9-000c29c2a5d7">
      <id>1347</id>
      <classname>org.openmrs.ConceptMap</classname>
      <dateChanged id="127">2012-06-21 16:49:52</dateChanged>
    </org.openmrs.module.metadatasharing.Item>
    <org.openmrs.module.metadatasharing.Item id="128" uuid="1b0a2f3d-1e0a-3ffc-a415-ff1ddc2787ba">
      <id>13525</id>
      <classname>org.openmrs.ConceptReferenceTerm</classname>
      <dateChanged id="129">2010-08-24 00:00:00</dateChanged>
      <retired>false</retired>
    </org.openmrs.module.metadatasharing.Item>
    <org.openmrs.module.metadatasharing.Item id="130" uuid="3d3f417e-26fe-102b-80cb-0017a47871b2">
      <id>958</id>
      <classname>org.openmrs.ConceptAnswer</classname>
      <dateChanged id="131">2006-06-14 19:17:03</dateChanged>
    </org.openmrs.module.metadatasharing.Item>
    <org.openmrs.module.metadatasharing.Item id="132" uuid="3cd9be80-26fe-102b-80cb-0017a47871b2">
      <id>1346</id>
      <classname>org.openmrs.Concept</classname>
      <dateChanged id="133">2018-10-15 18:03:53</dateChanged>
      <retired>false</retired>
    </org.openmrs.module.metadatasharing.Item>
    <org.openmrs.module.metadatasharing.Item id="134" uuid="3e186e2c-26fe-102b-80cb-0017a47871b2">
      <id>1413</id>
      <classname>org.openmrs.ConceptName</classname>
      <dateChanged id="135">2006-06-09 17:14:47</dateChanged>
    </org.openmrs.module.metadatasharing.Item>
    <org.openmrs.module.metadatasharing.Item id="136" uuid="9d55f084-a51e-4e07-bd1e-bcf2b0143d16">
      <id>37090</id>
      <classname>org.openmrs.ConceptName</classname>
      <dateChanged id="137">2018-10-15 18:03:53</dateChanged>
    </org.openmrs.module.metadatasharing.Item>
    <org.openmrs.module.metadatasharing.Item id="138" uuid="f604afd0-d5db-102d-ad2a-000c29c2a5d7">
      <id>10861</id>
      <classname>org.openmrs.ConceptName</classname>
      <dateChanged id="139">2010-06-29 13:03:17</dateChanged>
    </org.openmrs.module.metadatasharing.Item>
    <org.openmrs.module.metadatasharing.Item id="140" uuid="7b068210-25c3-4486-90de-4312839d00a3">
      <id>37091</id>
      <classname>org.openmrs.ConceptName</classname>
      <dateChanged id="141">2018-10-15 18:03:53</dateChanged>
    </org.openmrs.module.metadatasharing.Item>
    <org.openmrs.module.metadatasharing.Item id="142" uuid="3e186bde-26fe-102b-80cb-0017a47871b2">
      <id>1412</id>
      <classname>org.openmrs.ConceptName</classname>
      <dateChanged id="143">2006-06-09 17:14:47</dateChanged>
    </org.openmrs.module.metadatasharing.Item>
    <org.openmrs.module.metadatasharing.Item id="144" uuid="ece7f04e-07fe-102c-b5fa-0017a47871b2">
      <id>1377</id>
      <classname>org.openmrs.ConceptDescription</classname>
      <dateChanged id="145">2011-10-31 16:51:03</dateChanged>
    </org.openmrs.module.metadatasharing.Item>
    <org.openmrs.module.metadatasharing.Item id="146" uuid="132795ABBBBBBBBBBBBBBBBBBBBBBBBBBBBB">
      <id>13521</id>
      <classname>org.openmrs.ConceptMap</classname>
      <dateChanged id="147">2012-06-21 16:49:52</dateChanged>
    </org.openmrs.module.metadatasharing.Item>
    <org.openmrs.module.metadatasharing.Item id="148" uuid="b9c22911-7ff8-3608-a322-1420caa93026">
      <id>13521</id>
      <classname>org.openmrs.ConceptReferenceTerm</classname>
      <dateChanged id="149">2010-08-24 00:00:00</dateChanged>
      <retired>false</retired>
    </org.openmrs.module.metadatasharing.Item>
    <org.openmrs.module.metadatasharing.Item id="150" uuid="990a4471-83e9-4021-b1ce-fd88266e99f0">
      <id>20038</id>
      <classname>org.openmrs.ConceptMap</classname>
      <dateChanged id="151">2013-09-26 19:57:14</dateChanged>
    </org.openmrs.module.metadatasharing.Item>
    <org.openmrs.module.metadatasharing.Item id="152" uuid="1e3d5745-065b-493d-8e2f-a265d0ef44d7">
      <id>19913</id>
      <classname>org.openmrs.ConceptReferenceTerm</classname>
      <dateChanged id="153">2013-09-26 19:38:23</dateChanged>
      <retired>false</retired>
    </org.openmrs.module.metadatasharing.Item>
    <org.openmrs.module.metadatasharing.Item id="154" uuid="b2112d20-4864-102e-96e9-000c29c2a5d7">
      <id>1348</id>
      <classname>org.openmrs.ConceptMap</classname>
      <dateChanged id="155">2012-06-21 16:49:52</dateChanged>
    </org.openmrs.module.metadatasharing.Item>
    <org.openmrs.module.metadatasharing.Item id="156" uuid="d85c74ad-0aff-3962-8c8e-100e2801048a">
      <id>13520</id>
      <classname>org.openmrs.ConceptReferenceTerm</classname>
      <dateChanged id="157">2010-08-24 00:00:00</dateChanged>
      <retired>false</retired>
    </org.openmrs.module.metadatasharing.Item>
    <org.openmrs.module.metadatasharing.Item id="158" uuid="75719870-4943-102e-96e9-000c29c2a5d7">
      <id>7189</id>
      <classname>org.openmrs.ConceptMap</classname>
      <dateChanged id="159">2012-06-21 16:49:52</dateChanged>
    </org.openmrs.module.metadatasharing.Item>
    <org.openmrs.module.metadatasharing.Item id="160" uuid="d95ef27d-5090-3918-acfd-dc324df429b1">
      <id>7189</id>
      <classname>org.openmrs.ConceptReferenceTerm</classname>
      <dateChanged id="161">2010-11-24 00:00:00</dateChanged>
      <retired>false</retired>
    </org.openmrs.module.metadatasharing.Item>
    <org.openmrs.module.metadatasharing.Item id="162" uuid="368710db-35b7-4718-aa0c-8719db7b6caf">
      <id>13522</id>
      <classname>org.openmrs.ConceptMap</classname>
      <dateChanged id="163">2012-06-21 16:49:52</dateChanged>
    </org.openmrs.module.metadatasharing.Item>
    <org.openmrs.module.metadatasharing.Item id="164" uuid="0cee399e-a746-39c2-9f1b-dc40cc8a7f2f">
      <id>13522</id>
      <classname>org.openmrs.ConceptReferenceTerm</classname>
      <dateChanged id="165">2011-10-31 00:00:00</dateChanged>
      <retired>false</retired>
    </org.openmrs.module.metadatasharing.Item>
    <org.openmrs.module.metadatasharing.Item id="166" uuid="ece82d48-07fe-102c-b5fa-0017a47871b2">
      <id>1408</id>
      <classname>org.openmrs.ConceptDescription</classname>
      <dateChanged id="167">2011-10-31 16:51:10</dateChanged>
    </org.openmrs.module.metadatasharing.Item>
    <org.openmrs.module.metadatasharing.Item id="168" uuid="b2115c96-4864-102e-96e9-000c29c2a5d7">
      <id>1381</id>
      <classname>org.openmrs.ConceptMap</classname>
      <dateChanged id="169">2012-06-21 16:49:52</dateChanged>
    </org.openmrs.module.metadatasharing.Item>
    <org.openmrs.module.metadatasharing.Item id="170" uuid="295b5606-bdf4-3a49-952b-e072eb11c26a">
      <id>1381</id>
      <classname>org.openmrs.ConceptReferenceTerm</classname>
      <dateChanged id="171">2010-11-23 00:00:00</dateChanged>
      <retired>false</retired>
    </org.openmrs.module.metadatasharing.Item>
    <org.openmrs.module.metadatasharing.Item id="172" uuid="450d398f-9c42-4d5b-9be3-74ea781038ea">
      <id>20036</id>
      <classname>org.openmrs.ConceptMap</classname>
      <dateChanged id="173">2013-09-26 19:57:12</dateChanged>
    </org.openmrs.module.metadatasharing.Item>
    <org.openmrs.module.metadatasharing.Item id="174" uuid="09abb68f-58ad-434b-ac9d-04380476b8d2">
      <id>19905</id>
      <classname>org.openmrs.ConceptReferenceTerm</classname>
      <dateChanged id="175">2013-09-26 19:38:23</dateChanged>
      <retired>false</retired>
    </org.openmrs.module.metadatasharing.Item>
    <org.openmrs.module.metadatasharing.Item id="176" uuid="7571c386-4943-102e-96e9-000c29c2a5d7">
      <id>7220</id>
      <classname>org.openmrs.ConceptMap</classname>
      <dateChanged id="177">2012-06-21 16:49:52</dateChanged>
    </org.openmrs.module.metadatasharing.Item>
    <org.openmrs.module.metadatasharing.Item id="178" uuid="94ed81fb-e428-36a9-bd04-2799a8676f04">
      <id>7220</id>
      <classname>org.openmrs.ConceptReferenceTerm</classname>
      <dateChanged id="179">2010-11-24 00:00:00</dateChanged>
      <retired>false</retired>
    </org.openmrs.module.metadatasharing.Item>
    <org.openmrs.module.metadatasharing.Item id="180" uuid="3d5608f8-d076-49d5-b2b2-2b8e9b725d9b">
      <id>13527</id>
      <classname>org.openmrs.ConceptMap</classname>
      <dateChanged id="181">2012-06-21 16:49:52</dateChanged>
    </org.openmrs.module.metadatasharing.Item>
    <org.openmrs.module.metadatasharing.Item id="182" uuid="a4252d65-3354-37a7-b5b1-ff7e06f51b50">
      <id>13527</id>
      <classname>org.openmrs.ConceptReferenceTerm</classname>
      <dateChanged id="183">2011-10-31 00:00:00</dateChanged>
      <retired>false</retired>
    </org.openmrs.module.metadatasharing.Item>
    <org.openmrs.module.metadatasharing.Item id="184" uuid="132876ABBBBBBBBBBBBBBBBBBBBBBBBBBBBB">
      <id>13528</id>
      <classname>org.openmrs.ConceptMap</classname>
      <dateChanged id="185">2012-06-21 16:49:52</dateChanged>
    </org.openmrs.module.metadatasharing.Item>
    <org.openmrs.module.metadatasharing.Item id="186" uuid="2f275b63-a79c-32ca-a6dd-2f9fc41361a8">
      <id>13528</id>
      <classname>org.openmrs.ConceptReferenceTerm</classname>
      <dateChanged id="187">2010-08-28 00:00:00</dateChanged>
      <retired>false</retired>
    </org.openmrs.module.metadatasharing.Item>
    <org.openmrs.module.metadatasharing.Item id="188" uuid="52075b57-cf33-4d9e-8f41-d0b612bb7a13">
      <id>7059</id>
      <classname>org.openmrs.ConceptDescription</classname>
      <dateChanged id="189">2016-12-21 00:14:28</dateChanged>
    </org.openmrs.module.metadatasharing.Item>
    <org.openmrs.module.metadatasharing.Item id="190" uuid="7006f0af-ab76-4055-b0e9-6a678e26927d">
      <id>26906</id>
      <classname>org.openmrs.ConceptMap</classname>
      <dateChanged id="191">2016-12-21 00:15:02</dateChanged>
    </org.openmrs.module.metadatasharing.Item>
    <org.openmrs.module.metadatasharing.Item id="192" uuid="9ea080e9-ae7f-4e74-9e6c-967efd697d7d">
      <id>26083</id>
      <classname>org.openmrs.ConceptReferenceTerm</classname>
      <dateChanged id="193">2016-12-21 00:14:44</dateChanged>
      <retired>false</retired>
    </org.openmrs.module.metadatasharing.Item>
    <org.openmrs.module.metadatasharing.Item id="194" uuid="3011a2a3-0297-438f-861b-2afd0244f532">
      <id>26905</id>
      <classname>org.openmrs.ConceptMap</classname>
      <dateChanged id="195">2016-12-21 00:14:28</dateChanged>
    </org.openmrs.module.metadatasharing.Item>
    <org.openmrs.module.metadatasharing.Item id="196" uuid="97c92e93-312b-45aa-bc63-9e38549d5e4d">
      <id>26082</id>
      <classname>org.openmrs.ConceptReferenceTerm</classname>
      <dateChanged id="197">2016-12-21 00:14:15</dateChanged>
      <retired>false</retired>
    </org.openmrs.module.metadatasharing.Item>
    <org.openmrs.module.metadatasharing.Item id="198" uuid="0046fed0-0777-40c5-9447-91e00e065cb2">
      <id>6914</id>
      <classname>org.openmrs.ConceptSet</classname>
      <dateChanged id="199">2016-12-21 22:42:40</dateChanged>
    </org.openmrs.module.metadatasharing.Item>
    <org.openmrs.module.metadatasharing.Item id="200" uuid="d6d585b6-4887-4aac-8361-424c17b030f2">
      <id>10769</id>
      <classname>org.openmrs.Concept</classname>
      <dateChanged id="201">2016-12-21 21:39:46</dateChanged>
      <retired>false</retired>
    </org.openmrs.module.metadatasharing.Item>
    <org.openmrs.module.metadatasharing.Item id="202" uuid="f9ab8851-d760-43ef-8b9e-d9bbfdd6c397">
      <id>31525</id>
      <classname>org.openmrs.ConceptName</classname>
      <dateChanged id="203">2016-12-21 21:37:45</dateChanged>
    </org.openmrs.module.metadatasharing.Item>
    <org.openmrs.module.metadatasharing.Item id="204" uuid="3028ab75-1a43-4fed-b5bb-4320c3584407">
      <id>26912</id>
      <classname>org.openmrs.ConceptMap</classname>
      <dateChanged id="205">2016-12-21 21:37:45</dateChanged>
    </org.openmrs.module.metadatasharing.Item>
    <org.openmrs.module.metadatasharing.Item id="206" uuid="d20f9033-9d27-4496-9ec7-038de56dc3e8">
      <id>26089</id>
      <classname>org.openmrs.ConceptReferenceTerm</classname>
      <dateChanged id="207">2016-12-21 21:37:28</dateChanged>
      <retired>false</retired>
    </org.openmrs.module.metadatasharing.Item>
    <org.openmrs.module.metadatasharing.Item id="208" uuid="008a6f57-c88b-4461-999d-5fc907a9fb49">
      <id>26911</id>
      <classname>org.openmrs.ConceptMap</classname>
      <dateChanged id="209">2016-12-21 21:37:45</dateChanged>
    </org.openmrs.module.metadatasharing.Item>
    <org.openmrs.module.metadatasharing.Item id="210" uuid="8d195840-3a47-4a2e-b65c-b741a82aa5f9">
      <id>26088</id>
      <classname>org.openmrs.ConceptReferenceTerm</classname>
      <dateChanged id="211">2016-12-21 21:37:16</dateChanged>
      <retired>false</retired>
    </org.openmrs.module.metadatasharing.Item>
    <org.openmrs.module.metadatasharing.Item id="212" uuid="9b6e740b-508f-4bb4-9f5b-d223196cacb5">
      <id>6915</id>
      <classname>org.openmrs.ConceptSet</classname>
      <dateChanged id="213">2016-12-21 22:42:40</dateChanged>
    </org.openmrs.module.metadatasharing.Item>
    <org.openmrs.module.metadatasharing.Item id="214" uuid="d2a8e2d1-88f9-45f9-9511-4ac5df877340">
      <id>10770</id>
      <classname>org.openmrs.Concept</classname>
      <dateChanged id="215">2016-12-21 21:43:38</dateChanged>
      <retired>false</retired>
    </org.openmrs.module.metadatasharing.Item>
    <org.openmrs.module.metadatasharing.Item id="216" uuid="639e6f87-8c00-4d3c-8312-d4dafe8be55b">
      <id>31526</id>
      <classname>org.openmrs.ConceptName</classname>
      <dateChanged id="217">2016-12-21 21:43:38</dateChanged>
    </org.openmrs.module.metadatasharing.Item>
    <org.openmrs.module.metadatasharing.Item id="218" uuid="300a1081-4a6b-42c2-853d-81acfade29fc">
      <id>26914</id>
      <classname>org.openmrs.ConceptMap</classname>
      <dateChanged id="219">2016-12-21 21:43:38</dateChanged>
    </org.openmrs.module.metadatasharing.Item>
    <org.openmrs.module.metadatasharing.Item id="220" uuid="c65e6b2f-0bd1-4e66-a1e3-32de453b1af2">
      <id>26091</id>
      <classname>org.openmrs.ConceptReferenceTerm</classname>
      <dateChanged id="221">2016-12-21 21:43:20</dateChanged>
      <retired>false</retired>
    </org.openmrs.module.metadatasharing.Item>
    <org.openmrs.module.metadatasharing.Item id="222" uuid="6f8210b3-f990-481a-ace1-167acc59f080">
      <id>26913</id>
      <classname>org.openmrs.ConceptMap</classname>
      <dateChanged id="223">2016-12-21 21:43:38</dateChanged>
    </org.openmrs.module.metadatasharing.Item>
    <org.openmrs.module.metadatasharing.Item id="224" uuid="18530656-9c2f-404d-904c-bab098cbfe18">
      <id>26090</id>
      <classname>org.openmrs.ConceptReferenceTerm</classname>
      <dateChanged id="225">2016-12-21 21:43:04</dateChanged>
      <retired>false</retired>
    </org.openmrs.module.metadatasharing.Item>
    <org.openmrs.module.metadatasharing.Item id="226" uuid="b172149f-7750-41d3-aff9-1c0be3b38944">
      <id>6916</id>
      <classname>org.openmrs.ConceptSet</classname>
      <dateChanged id="227">2016-12-21 22:42:40</dateChanged>
    </org.openmrs.module.metadatasharing.Item>
    <org.openmrs.module.metadatasharing.Item id="228" uuid="804e2eba-4d62-4dcc-8690-7fa111cef5c1">
      <id>10771</id>
      <classname>org.openmrs.Concept</classname>
      <dateChanged id="229">2016-12-21 21:48:31</dateChanged>
      <retired>false</retired>
    </org.openmrs.module.metadatasharing.Item>
    <org.openmrs.module.metadatasharing.Item id="230" uuid="8d4a4ab4-c2cc-11de-8d13-0010c6dffd0f">
      <id>3</id>
      <classname>org.openmrs.ConceptDatatype</classname>
      <dateChanged id="231">2004-02-02 00:00:00</dateChanged>
      <retired>false</retired>
    </org.openmrs.module.metadatasharing.Item>
    <org.openmrs.module.metadatasharing.Item id="232" uuid="334a2777-ab4f-4e30-bf29-c5e122c33bad">
      <id>31527</id>
      <classname>org.openmrs.ConceptName</classname>
      <dateChanged id="233">2016-12-21 21:48:31</dateChanged>
    </org.openmrs.module.metadatasharing.Item>
    <org.openmrs.module.metadatasharing.Item id="234" uuid="f6f998ad-f6e6-4638-8fd7-8815aa47639b">
      <id>7060</id>
      <classname>org.openmrs.ConceptDescription</classname>
      <dateChanged id="235">2016-12-21 21:48:31</dateChanged>
    </org.openmrs.module.metadatasharing.Item>
    <org.openmrs.module.metadatasharing.Item id="236" uuid="048dba9b-53eb-4fbc-bc7e-390c75cd8fc0">
      <id>26916</id>
      <classname>org.openmrs.ConceptMap</classname>
      <dateChanged id="237">2016-12-21 21:48:31</dateChanged>
    </org.openmrs.module.metadatasharing.Item>
    <org.openmrs.module.metadatasharing.Item id="238" uuid="2d549d20-22f3-4d54-b8e0-182f8306c50a">
      <id>26093</id>
      <classname>org.openmrs.ConceptReferenceTerm</classname>
      <dateChanged id="239">2016-12-21 21:48:09</dateChanged>
      <retired>false</retired>
    </org.openmrs.module.metadatasharing.Item>
    <org.openmrs.module.metadatasharing.Item id="240" uuid="4873d106-527a-4406-810d-7e294407da35">
      <id>26915</id>
      <classname>org.openmrs.ConceptMap</classname>
      <dateChanged id="241">2016-12-21 21:48:31</dateChanged>
    </org.openmrs.module.metadatasharing.Item>
    <org.openmrs.module.metadatasharing.Item id="242" uuid="aa9f2bec-3a97-4667-a715-58568fe7ff6b">
      <id>26092</id>
      <classname>org.openmrs.ConceptReferenceTerm</classname>
      <dateChanged id="243">2016-12-21 21:48:02</dateChanged>
      <retired>false</retired>
    </org.openmrs.module.metadatasharing.Item>
    <org.openmrs.module.metadatasharing.Item id="244" uuid="03c4601e-8fe2-4151-83d6-e8468852aca0">
      <id>6917</id>
      <classname>org.openmrs.ConceptSet</classname>
      <dateChanged id="245">2016-12-21 22:42:40</dateChanged>
    </org.openmrs.module.metadatasharing.Item>
    <org.openmrs.module.metadatasharing.Item id="246" uuid="823242df-e317-4426-9bd6-548146546b15">
      <id>10772</id>
      <classname>org.openmrs.Concept</classname>
      <dateChanged id="247">2016-12-21 21:52:41</dateChanged>
      <retired>false</retired>
    </org.openmrs.module.metadatasharing.Item>
    <org.openmrs.module.metadatasharing.Item id="248" uuid="3d604c80-cd5f-44e0-a01b-f3ce3f7130ff">
      <id>31528</id>
      <classname>org.openmrs.ConceptName</classname>
      <dateChanged id="249">2016-12-21 21:52:41</dateChanged>
    </org.openmrs.module.metadatasharing.Item>
    <org.openmrs.module.metadatasharing.Item id="250" uuid="c6bbd259-99c3-4cf4-ae7a-e88a38d72267">
      <id>26918</id>
      <classname>org.openmrs.ConceptMap</classname>
      <dateChanged id="251">2016-12-21 21:52:41</dateChanged>
    </org.openmrs.module.metadatasharing.Item>
    <org.openmrs.module.metadatasharing.Item id="252" uuid="efb5c5fc-4d40-4366-a51a-4f3065d57108">
      <id>26094</id>
      <classname>org.openmrs.ConceptReferenceTerm</classname>
      <dateChanged id="253">2016-12-21 21:52:07</dateChanged>
      <retired>false</retired>
    </org.openmrs.module.metadatasharing.Item>
    <org.openmrs.module.metadatasharing.Item id="254" uuid="86d91f22-e4b9-49f8-ab2d-4ab1d7dbb131">
      <id>26917</id>
      <classname>org.openmrs.ConceptMap</classname>
      <dateChanged id="255">2016-12-21 21:52:41</dateChanged>
    </org.openmrs.module.metadatasharing.Item>
    <org.openmrs.module.metadatasharing.Item id="256" uuid="98e8a960-19f8-4b5e-a3fc-4ce533c202f7">
      <id>26095</id>
      <classname>org.openmrs.ConceptReferenceTerm</classname>
      <dateChanged id="257">2016-12-21 21:52:20</dateChanged>
      <retired>false</retired>
    </org.openmrs.module.metadatasharing.Item>
    <org.openmrs.module.metadatasharing.Item id="258" uuid="6bf4f79f-ced2-4820-8f09-fb7c6dd12a8b">
      <id>6918</id>
      <classname>org.openmrs.ConceptSet</classname>
      <dateChanged id="259">2016-12-22 15:40:46</dateChanged>
    </org.openmrs.module.metadatasharing.Item>
    <org.openmrs.module.metadatasharing.Item id="260" uuid="b0f6ed75-a79f-475c-850d-7ac366f36d74">
      <id>10774</id>
      <classname>org.openmrs.Concept</classname>
      <dateChanged id="261">2016-12-22 15:39:17</dateChanged>
      <retired>false</retired>
    </org.openmrs.module.metadatasharing.Item>
    <org.openmrs.module.metadatasharing.Item id="262" uuid="29b19823-83a3-4d9a-8d4a-401340055736">
      <id>31530</id>
      <classname>org.openmrs.ConceptName</classname>
      <dateChanged id="263">2016-12-22 15:36:43</dateChanged>
    </org.openmrs.module.metadatasharing.Item>
    <org.openmrs.module.metadatasharing.Item id="264" uuid="e17fb8d8-6224-4aa9-be73-dd48014e73d0">
      <id>26920</id>
      <classname>org.openmrs.ConceptMap</classname>
      <dateChanged id="265">2016-12-22 15:36:43</dateChanged>
    </org.openmrs.module.metadatasharing.Item>
    <org.openmrs.module.metadatasharing.Item id="266" uuid="cc026137-480c-4b58-a2b8-d8fec016b902">
      <id>26096</id>
      <classname>org.openmrs.ConceptReferenceTerm</classname>
      <dateChanged id="267">2016-12-22 15:36:07</dateChanged>
      <retired>false</retired>
    </org.openmrs.module.metadatasharing.Item>
    <org.openmrs.module.metadatasharing.Item id="268" uuid="3dbabc8a-ec05-4f57-8c7e-1922e6ef7d7e">
      <id>26921</id>
      <classname>org.openmrs.ConceptMap</classname>
      <dateChanged id="269">2016-12-22 15:39:17</dateChanged>
    </org.openmrs.module.metadatasharing.Item>
    <org.openmrs.module.metadatasharing.Item id="270" uuid="f1dc7204-b692-4d05-a937-dbe08eb28cb0">
      <id>26098</id>
      <classname>org.openmrs.ConceptReferenceTerm</classname>
      <dateChanged id="271">2016-12-22 15:39:05</dateChanged>
      <retired>false</retired>
    </org.openmrs.module.metadatasharing.Item>
    <org.openmrs.module.metadatasharing.Item id="272" uuid="7f31194f-84a6-464a-a9ca-d334a26073a1">
      <id>6925</id>
      <classname>org.openmrs.ConceptSet</classname>
      <dateChanged id="273">2016-12-22 21:14:23</dateChanged>
    </org.openmrs.module.metadatasharing.Item>
    <org.openmrs.module.metadatasharing.Item id="274" uuid="690097fe-96ca-47ee-9df4-3b85a9822cf7">
      <id>10780</id>
      <classname>org.openmrs.Concept</classname>
      <dateChanged id="275">2016-12-22 21:14:03</dateChanged>
      <retired>false</retired>
    </org.openmrs.module.metadatasharing.Item>
    <org.openmrs.module.metadatasharing.Item id="276" uuid="8d4a505e-c2cc-11de-8d13-0010c6dffd0f">
      <id>6</id>
      <classname>org.openmrs.ConceptDatatype</classname>
      <dateChanged id="277">2004-07-22 04:00:00</dateChanged>
      <retired>false</retired>
    </org.openmrs.module.metadatasharing.Item>
    <org.openmrs.module.metadatasharing.Item id="278" uuid="3f94883d-5296-4b78-ba96-aa69c5bfde26">
      <id>31536</id>
      <classname>org.openmrs.ConceptName</classname>
      <dateChanged id="279">2016-12-22 21:14:03</dateChanged>
    </org.openmrs.module.metadatasharing.Item>
    <org.openmrs.module.metadatasharing.Item id="280" uuid="e950809c-afd6-4414-87e6-827bb737ce98">
      <id>26928</id>
      <classname>org.openmrs.ConceptMap</classname>
      <dateChanged id="281">2016-12-22 21:14:03</dateChanged>
    </org.openmrs.module.metadatasharing.Item>
    <org.openmrs.module.metadatasharing.Item id="282" uuid="360b72b2-0baa-4597-a662-99ebe4f02f25">
      <id>26106</id>
      <classname>org.openmrs.ConceptReferenceTerm</classname>
      <dateChanged id="283">2016-12-22 21:13:48</dateChanged>
      <retired>false</retired>
    </org.openmrs.module.metadatasharing.Item>
    <org.openmrs.module.metadatasharing.Item id="284" uuid="97c04ea5-a75b-4099-9f1d-9f20336f1982">
      <id>26929</id>
      <classname>org.openmrs.ConceptMap</classname>
      <dateChanged id="285">2016-12-22 21:14:03</dateChanged>
    </org.openmrs.module.metadatasharing.Item>
    <org.openmrs.module.metadatasharing.Item id="286" uuid="599d19cf-a7f4-4c43-b0da-8beac5f24afd">
      <id>26105</id>
      <classname>org.openmrs.ConceptReferenceTerm</classname>
      <dateChanged id="287">2016-12-22 21:13:38</dateChanged>
      <retired>false</retired>
    </org.openmrs.module.metadatasharing.Item>
    <org.openmrs.module.metadatasharing.Item id="288" uuid="23e0f9fb-558f-4b3b-8a38-e60607fa344d">
      <id>6926</id>
      <classname>org.openmrs.ConceptSet</classname>
      <dateChanged id="289">2016-12-23 16:07:28</dateChanged>
    </org.openmrs.module.metadatasharing.Item>
    <org.openmrs.module.metadatasharing.Item id="290" uuid="393dec41-2fb5-428f-acfa-36ea85da6666">
      <id>10781</id>
      <classname>org.openmrs.Concept</classname>
      <dateChanged id="291">2016-12-23 16:56:25</dateChanged>
      <retired>false</retired>
    </org.openmrs.module.metadatasharing.Item>
    <org.openmrs.module.metadatasharing.Item id="292" uuid="b8b98d4d-242d-4936-9c3e-3f31ab5bf0eb">
      <id>31537</id>
      <classname>org.openmrs.ConceptName</classname>
      <dateChanged id="293">2016-12-23 16:06:54</dateChanged>
    </org.openmrs.module.metadatasharing.Item>
    <org.openmrs.module.metadatasharing.Item id="294" uuid="c54b030a-1e38-4dc4-9f25-2e3a9aad091a">
      <id>26930</id>
      <classname>org.openmrs.ConceptMap</classname>
      <dateChanged id="295">2016-12-23 16:06:54</dateChanged>
    </org.openmrs.module.metadatasharing.Item>
    <org.openmrs.module.metadatasharing.Item id="296" uuid="fa3d56ca-1ff3-40e9-a46d-a5cae6c724f5">
      <id>26108</id>
      <classname>org.openmrs.ConceptReferenceTerm</classname>
      <dateChanged id="297">2016-12-23 16:06:34</dateChanged>
      <retired>false</retired>
    </org.openmrs.module.metadatasharing.Item>
    <org.openmrs.module.metadatasharing.Item id="298" uuid="b3fa0a0f-4ac0-4e63-aca6-36d42d762b47">
      <id>26931</id>
      <classname>org.openmrs.ConceptMap</classname>
      <dateChanged id="299">2016-12-23 16:06:54</dateChanged>
    </org.openmrs.module.metadatasharing.Item>
    <org.openmrs.module.metadatasharing.Item id="300" uuid="bb2e66a8-bf42-4298-9dce-29f3035b9ea9">
      <id>26107</id>
      <classname>org.openmrs.ConceptReferenceTerm</classname>
      <dateChanged id="301">2016-12-23 16:06:20</dateChanged>
      <retired>false</retired>
    </org.openmrs.module.metadatasharing.Item>
    <org.openmrs.module.metadatasharing.Item id="302" uuid="cc05b166-8f75-4521-b83f-5dc8bd9f2ac2">
      <id>6920</id>
      <classname>org.openmrs.ConceptSet</classname>
      <dateChanged id="303">2016-12-22 21:12:42</dateChanged>
    </org.openmrs.module.metadatasharing.Item>
    <org.openmrs.module.metadatasharing.Item id="304" uuid="a787e577-5e32-42dc-b3a8-e4c6d5b107f5">
      <id>10779</id>
      <classname>org.openmrs.Concept</classname>
      <dateChanged id="305">2016-12-22 21:11:21</dateChanged>
      <retired>false</retired>
    </org.openmrs.module.metadatasharing.Item>
    <org.openmrs.module.metadatasharing.Item id="306" uuid="dfc5e8ec-f1e0-4d89-b1f8-2da4c4bcee12">
      <id>31535</id>
      <classname>org.openmrs.ConceptName</classname>
      <dateChanged id="307">2016-12-22 21:11:21</dateChanged>
    </org.openmrs.module.metadatasharing.Item>
    <org.openmrs.module.metadatasharing.Item id="308" uuid="8ad8f3df-076d-4216-bacc-cbefb152e217">
      <id>7062</id>
      <classname>org.openmrs.ConceptDescription</classname>
      <dateChanged id="309">2016-12-22 21:11:21</dateChanged>
    </org.openmrs.module.metadatasharing.Item>
    <org.openmrs.module.metadatasharing.Item id="310" uuid="48d79622-cae5-454d-b895-49536b62826e">
      <id>26927</id>
      <classname>org.openmrs.ConceptMap</classname>
      <dateChanged id="311">2016-12-22 21:11:21</dateChanged>
    </org.openmrs.module.metadatasharing.Item>
    <org.openmrs.module.metadatasharing.Item id="312" uuid="59e42fe9-4f1c-4ab6-a95e-fa52106781d6">
      <id>26104</id>
      <classname>org.openmrs.ConceptReferenceTerm</classname>
      <dateChanged id="313">2016-12-22 21:11:01</dateChanged>
      <retired>false</retired>
    </org.openmrs.module.metadatasharing.Item>
    <org.openmrs.module.metadatasharing.Item id="314" uuid="0d2a16e7-6559-4e08-9968-30014083501f">
      <id>26926</id>
      <classname>org.openmrs.ConceptMap</classname>
      <dateChanged id="315">2016-12-22 21:11:21</dateChanged>
    </org.openmrs.module.metadatasharing.Item>
    <org.openmrs.module.metadatasharing.Item id="316" uuid="c8772807-fdb1-4da3-bdee-5e3432182d44">
      <id>26103</id>
      <classname>org.openmrs.ConceptReferenceTerm</classname>
      <dateChanged id="317">2016-12-22 21:10:54</dateChanged>
      <retired>false</retired>
    </org.openmrs.module.metadatasharing.Item>
    <org.openmrs.module.metadatasharing.Item id="318" uuid="6c877e32-4687-4ade-9801-fb4a8bafb3d6">
      <id>6929</id>
      <classname>org.openmrs.ConceptSet</classname>
      <dateChanged id="319">2016-12-23 17:02:30</dateChanged>
    </org.openmrs.module.metadatasharing.Item>
    <org.openmrs.module.metadatasharing.Item id="320" uuid="2da3ec67-62aa-4be8-a32c-cb32723742c8">
      <id>10782</id>
      <classname>org.openmrs.Concept</classname>
      <dateChanged id="321">2016-12-23 17:01:54</dateChanged>
      <retired>false</retired>
    </org.openmrs.module.metadatasharing.Item>
    <org.openmrs.module.metadatasharing.Item id="322" uuid="57ea47d6-086b-4e75-9867-698ad18ff663">
      <id>31539</id>
      <classname>org.openmrs.ConceptName</classname>
      <dateChanged id="323">2016-12-23 17:01:54</dateChanged>
    </org.openmrs.module.metadatasharing.Item>
    <org.openmrs.module.metadatasharing.Item id="324" uuid="b70fc1b8-3bdd-4863-94a5-fc5278c6f07d">
      <id>31538</id>
      <classname>org.openmrs.ConceptName</classname>
      <dateChanged id="325">2016-12-23 17:01:54</dateChanged>
    </org.openmrs.module.metadatasharing.Item>
    <org.openmrs.module.metadatasharing.Item id="326" uuid="63fcba58-e3af-423b-b212-749ecaa1f533">
      <id>6927</id>
      <classname>org.openmrs.ConceptSet</classname>
      <dateChanged id="327">2016-12-23 17:01:54</dateChanged>
    </org.openmrs.module.metadatasharing.Item>
    <org.openmrs.module.metadatasharing.Item id="328" uuid="a0a0fd73-9d09-406c-bec8-42896a2bce0c">
      <id>6928</id>
      <classname>org.openmrs.ConceptSet</classname>
      <dateChanged id="329">2016-12-23 17:01:54</dateChanged>
    </org.openmrs.module.metadatasharing.Item>
    <org.openmrs.module.metadatasharing.Item id="330" uuid="958bfbd1-8107-46de-934b-c9d1d980feac">
      <id>26932</id>
      <classname>org.openmrs.ConceptMap</classname>
      <dateChanged id="331">2016-12-23 17:01:54</dateChanged>
    </org.openmrs.module.metadatasharing.Item>
    <org.openmrs.module.metadatasharing.Item id="332" uuid="d8b4f5c8-dabd-42ae-8b64-d3dc1f246c95">
      <id>26110</id>
      <classname>org.openmrs.ConceptReferenceTerm</classname>
      <dateChanged id="333">2016-12-23 17:01:35</dateChanged>
      <retired>false</retired>
    </org.openmrs.module.metadatasharing.Item>
    <org.openmrs.module.metadatasharing.Item id="334" uuid="9948a299-47a9-4419-9157-055f81c23035">
      <id>26933</id>
      <classname>org.openmrs.ConceptMap</classname>
      <dateChanged id="335">2016-12-23 17:01:54</dateChanged>
    </org.openmrs.module.metadatasharing.Item>
    <org.openmrs.module.metadatasharing.Item id="336" uuid="33dafe31-a0ec-42ae-aa9c-59e28d561a26">
      <id>26109</id>
      <classname>org.openmrs.ConceptReferenceTerm</classname>
      <dateChanged id="337">2016-12-23 17:01:24</dateChanged>
      <retired>false</retired>
    </org.openmrs.module.metadatasharing.Item>
    <org.openmrs.module.metadatasharing.Item id="338" uuid="5f331d72-933f-4311-a3d8-61be865226b2">
      <id>6932</id>
      <classname>org.openmrs.ConceptSet</classname>
      <dateChanged id="339">2017-01-13 19:58:33</dateChanged>
    </org.openmrs.module.metadatasharing.Item>
    <org.openmrs.module.metadatasharing.Item id="340" uuid="2ccfa5d8-b2a0-4ff0-9d87-c2471ef069f4">
      <id>10784</id>
      <classname>org.openmrs.Concept</classname>
      <dateChanged id="341">2017-01-13 19:58:15</dateChanged>
      <retired>false</retired>
    </org.openmrs.module.metadatasharing.Item>
    <org.openmrs.module.metadatasharing.Item id="342" uuid="8d490bf4-c2cc-11de-8d13-0010c6dffd0f">
      <id>2</id>
      <classname>org.openmrs.ConceptClass</classname>
      <dateChanged id="343">2015-07-01 17:25:50</dateChanged>
      <retired>false</retired>
    </org.openmrs.module.metadatasharing.Item>
    <org.openmrs.module.metadatasharing.Item id="344" uuid="cd37ea92-0239-4788-bf7d-c2d592661b42">
      <id>31544</id>
      <classname>org.openmrs.ConceptName</classname>
      <dateChanged id="345">2017-01-13 19:58:15</dateChanged>
    </org.openmrs.module.metadatasharing.Item>
    <org.openmrs.module.metadatasharing.Item id="346" uuid="0fed9317-ee6e-43db-803c-0c8eea307b6a">
      <id>31543</id>
      <classname>org.openmrs.ConceptName</classname>
      <dateChanged id="347">2017-01-13 19:56:57</dateChanged>
    </org.openmrs.module.metadatasharing.Item>
    <org.openmrs.module.metadatasharing.Item id="348" uuid="7f1dc4f2-8cbd-43ff-919b-524f434515bc">
      <id>26937</id>
      <classname>org.openmrs.ConceptMap</classname>
      <dateChanged id="349">2017-01-13 19:58:15</dateChanged>
    </org.openmrs.module.metadatasharing.Item>
    <org.openmrs.module.metadatasharing.Item id="350" uuid="a9030996-ace6-4ece-82ba-8fc6f214737d">
      <id>26114</id>
      <classname>org.openmrs.ConceptReferenceTerm</classname>
      <dateChanged id="351">2017-01-13 19:57:44</dateChanged>
      <retired>false</retired>
    </org.openmrs.module.metadatasharing.Item>
    <org.openmrs.module.metadatasharing.Item id="352" uuid="1a05650a-1e38-4cfb-be4f-ff0912f5093e">
      <id>26936</id>
      <classname>org.openmrs.ConceptMap</classname>
      <dateChanged id="353">2017-01-13 19:56:57</dateChanged>
    </org.openmrs.module.metadatasharing.Item>
    <org.openmrs.module.metadatasharing.Item id="354" uuid="853e3627-8f4d-4c5a-b4f5-747293d3dfed">
      <id>26113</id>
      <classname>org.openmrs.ConceptReferenceTerm</classname>
      <dateChanged id="355">2017-01-13 19:56:34</dateChanged>
      <retired>false</retired>
    </org.openmrs.module.metadatasharing.Item>
    <org.openmrs.module.metadatasharing.Item id="356" uuid="6e035117-c610-4bf3-a2c2-5b3caf017e03">
      <id>6921</id>
      <classname>org.openmrs.ConceptSet</classname>
      <dateChanged id="357">2016-12-22 21:12:42</dateChanged>
    </org.openmrs.module.metadatasharing.Item>
    <org.openmrs.module.metadatasharing.Item id="358" uuid="7d557ddc-eca3-421e-98ae-5469a1ecba4d">
      <id>10775</id>
      <classname>org.openmrs.Concept</classname>
      <dateChanged id="359">2016-12-22 20:59:59</dateChanged>
      <retired>false</retired>
    </org.openmrs.module.metadatasharing.Item>
    <org.openmrs.module.metadatasharing.Item id="360" uuid="0e206dbc-f4be-4f2b-b060-cda337882a24">
      <id>31531</id>
      <classname>org.openmrs.ConceptName</classname>
      <dateChanged id="361">2016-12-22 20:55:41</dateChanged>
    </org.openmrs.module.metadatasharing.Item>
    <org.openmrs.module.metadatasharing.Item id="362" uuid="1be9398e-b4f7-4fc2-8060-e05f6e565d69">
      <id>26925</id>
      <classname>org.openmrs.ConceptMap</classname>
      <dateChanged id="363">2016-12-22 20:59:59</dateChanged>
    </org.openmrs.module.metadatasharing.Item>
    <org.openmrs.module.metadatasharing.Item id="364" uuid="cd114ef8-b295-4214-9145-5d5648edaff0">
      <id>26099</id>
      <classname>org.openmrs.ConceptReferenceTerm</classname>
      <dateChanged id="365">2016-12-22 20:57:52</dateChanged>
      <retired>false</retired>
    </org.openmrs.module.metadatasharing.Item>
    <org.openmrs.module.metadatasharing.Item id="366" uuid="aca5a31c-bb37-4870-8666-f654de956c0c">
      <id>6922</id>
      <classname>org.openmrs.ConceptSet</classname>
      <dateChanged id="367">2016-12-22 21:12:42</dateChanged>
    </org.openmrs.module.metadatasharing.Item>
    <org.openmrs.module.metadatasharing.Item id="368" uuid="a6f54c87-a6aa-4312-bbc9-1346842a7f3f">
      <id>10776</id>
      <classname>org.openmrs.Concept</classname>
      <dateChanged id="369">2016-12-22 20:59:28</dateChanged>
      <retired>false</retired>
    </org.openmrs.module.metadatasharing.Item>
    <org.openmrs.module.metadatasharing.Item id="370" uuid="c7a23c17-e039-421f-9553-34ae8589ca9a">
      <id>31532</id>
      <classname>org.openmrs.ConceptName</classname>
      <dateChanged id="371">2016-12-22 20:56:04</dateChanged>
    </org.openmrs.module.metadatasharing.Item>
    <org.openmrs.module.metadatasharing.Item id="372" uuid="b930115e-50fd-4949-a520-72b123d7638a">
      <id>26924</id>
      <classname>org.openmrs.ConceptMap</classname>
      <dateChanged id="373">2016-12-22 20:59:27</dateChanged>
    </org.openmrs.module.metadatasharing.Item>
    <org.openmrs.module.metadatasharing.Item id="374" uuid="a80f4a94-d2c1-4999-b68f-2d4a10073b3b">
      <id>26100</id>
      <classname>org.openmrs.ConceptReferenceTerm</classname>
      <dateChanged id="375">2016-12-22 20:58:02</dateChanged>
      <retired>false</retired>
    </org.openmrs.module.metadatasharing.Item>
    <org.openmrs.module.metadatasharing.Item id="376" uuid="689d864e-525f-4ef5-9ad7-21650d1fc136">
      <id>6923</id>
      <classname>org.openmrs.ConceptSet</classname>
      <dateChanged id="377">2016-12-22 21:12:42</dateChanged>
    </org.openmrs.module.metadatasharing.Item>
    <org.openmrs.module.metadatasharing.Item id="378" uuid="873d2496-4576-4948-80c3-e36913d2a9a7">
      <id>10777</id>
      <classname>org.openmrs.Concept</classname>
      <dateChanged id="379">2017-02-16 19:55:03</dateChanged>
      <retired>false</retired>
    </org.openmrs.module.metadatasharing.Item>
    <org.openmrs.module.metadatasharing.Item id="380" uuid="3a55b139-0163-4f7c-b911-4e33088e845c">
      <id>31533</id>
      <classname>org.openmrs.ConceptName</classname>
      <dateChanged id="381">2016-12-22 20:56:29</dateChanged>
    </org.openmrs.module.metadatasharing.Item>
    <org.openmrs.module.metadatasharing.Item id="382" uuid="feb41dbe-dffc-4560-b7a6-6a57082318fd">
      <id>27072</id>
      <classname>org.openmrs.ConceptMap</classname>
      <dateChanged id="383">2017-02-16 19:55:03</dateChanged>
    </org.openmrs.module.metadatasharing.Item>
    <org.openmrs.module.metadatasharing.Item id="384" uuid="de6a2101-923b-457a-92d4-4ec6fc6fc6f4">
      <id>26101</id>
      <classname>org.openmrs.ConceptReferenceTerm</classname>
      <dateChanged id="385">2016-12-22 20:58:12</dateChanged>
      <retired>false</retired>
    </org.openmrs.module.metadatasharing.Item>
    <org.openmrs.module.metadatasharing.Item id="386" uuid="940966e2-91ba-4fe1-a63f-e7a631fa4b91">
      <id>6924</id>
      <classname>org.openmrs.ConceptSet</classname>
      <dateChanged id="387">2016-12-22 21:12:42</dateChanged>
    </org.openmrs.module.metadatasharing.Item>
    <org.openmrs.module.metadatasharing.Item id="388" uuid="96010c0d-0328-4d5f-a4e4-b8bb391a3882">
      <id>10778</id>
      <classname>org.openmrs.Concept</classname>
      <dateChanged id="389">2016-12-22 20:58:37</dateChanged>
      <retired>false</retired>
    </org.openmrs.module.metadatasharing.Item>
    <org.openmrs.module.metadatasharing.Item id="390" uuid="2fdf0ce6-da1a-450f-9d73-7ab7a3035617">
      <id>31534</id>
      <classname>org.openmrs.ConceptName</classname>
      <dateChanged id="391">2016-12-22 20:56:51</dateChanged>
    </org.openmrs.module.metadatasharing.Item>
    <org.openmrs.module.metadatasharing.Item id="392" uuid="0af3a5ce-1c39-4382-b738-7291dded29c1">
      <id>26922</id>
      <classname>org.openmrs.ConceptMap</classname>
      <dateChanged id="393">2016-12-22 20:58:37</dateChanged>
    </org.openmrs.module.metadatasharing.Item>
    <org.openmrs.module.metadatasharing.Item id="394" uuid="2fe24c9d-630d-437c-b9b4-a49c2cf321af">
      <id>26102</id>
      <classname>org.openmrs.ConceptReferenceTerm</classname>
      <dateChanged id="395">2016-12-22 20:58:21</dateChanged>
      <retired>false</retired>
    </org.openmrs.module.metadatasharing.Item>
    <org.openmrs.module.metadatasharing.Item id="396" uuid="7c96b32d-405f-4f89-9e50-fd180147a973">
      <id>6930</id>
      <classname>org.openmrs.ConceptSet</classname>
      <dateChanged id="397">2016-12-23 18:07:49</dateChanged>
    </org.openmrs.module.metadatasharing.Item>
    <org.openmrs.module.metadatasharing.Item id="398" uuid="68d6bd27-37ff-4d7a-87a0-f5e0f9c8dcc0">
      <id>10783</id>
      <classname>org.openmrs.Concept</classname>
      <dateChanged id="399">2016-12-23 18:06:53</dateChanged>
      <retired>false</retired>
    </org.openmrs.module.metadatasharing.Item>
    <org.openmrs.module.metadatasharing.Item id="400" uuid="ed9644d3-d844-4060-90bd-d288a8159a20">
      <id>31540</id>
      <classname>org.openmrs.ConceptName</classname>
      <dateChanged id="401">2016-12-23 18:05:14</dateChanged>
    </org.openmrs.module.metadatasharing.Item>
    <org.openmrs.module.metadatasharing.Item id="402" uuid="2898b699-ce66-48f9-80f3-e01b8735ea83">
      <id>26934</id>
      <classname>org.openmrs.ConceptMap</classname>
      <dateChanged id="403">2016-12-23 18:05:14</dateChanged>
    </org.openmrs.module.metadatasharing.Item>
    <org.openmrs.module.metadatasharing.Item id="404" uuid="7846750d-2bae-4a29-af3b-68de3d66eb35">
      <id>26112</id>
      <classname>org.openmrs.ConceptReferenceTerm</classname>
      <dateChanged id="405">2016-12-23 18:05:00</dateChanged>
      <retired>false</retired>
    </org.openmrs.module.metadatasharing.Item>
    <org.openmrs.module.metadatasharing.Item id="406" uuid="9b1f0f79-dd06-4045-840d-3a5086834b8c">
      <id>26935</id>
      <classname>org.openmrs.ConceptMap</classname>
      <dateChanged id="407">2016-12-23 18:05:14</dateChanged>
    </org.openmrs.module.metadatasharing.Item>
    <org.openmrs.module.metadatasharing.Item id="408" uuid="a4f784e8-b7e8-45b3-a2f9-4ec9ea02193c">
      <id>26111</id>
      <classname>org.openmrs.ConceptReferenceTerm</classname>
      <dateChanged id="409">2016-12-23 18:04:53</dateChanged>
      <retired>false</retired>
    </org.openmrs.module.metadatasharing.Item>
    <org.openmrs.module.metadatasharing.Item id="410" uuid="cb0adb10-81d6-4b79-98bc-84c4a5e7110e">
      <id>6931</id>
      <classname>org.openmrs.ConceptSet</classname>
      <dateChanged id="411">2016-12-23 18:11:08</dateChanged>
    </org.openmrs.module.metadatasharing.Item>
    <org.openmrs.module.metadatasharing.Item id="412" uuid="65a4cc8e-c27a-42d5-b9bf-e13674970d2a">
      <id>7907</id>
      <classname>org.openmrs.Concept</classname>
      <dateChanged id="413">2014-01-04 19:16:38</dateChanged>
      <retired>false</retired>
    </org.openmrs.module.metadatasharing.Item>
    <org.openmrs.module.metadatasharing.Item id="414" uuid="51ec113d-f7a1-4f35-9a34-9077d494a8be">
      <id>25754</id>
      <classname>org.openmrs.ConceptName</classname>
      <dateChanged id="415">2014-01-04 19:15:34</dateChanged>
    </org.openmrs.module.metadatasharing.Item>
    <org.openmrs.module.metadatasharing.Item id="416" uuid="cc0880fc-4344-4a81-9a2d-42d63e5f585b">
      <id>17938</id>
      <classname>org.openmrs.ConceptName</classname>
      <dateChanged id="417">2013-02-02 21:12:09</dateChanged>
    </org.openmrs.module.metadatasharing.Item>
    <org.openmrs.module.metadatasharing.Item id="418" uuid="31035da4-578a-409d-a6ec-e2503daf092e">
      <id>5940</id>
      <classname>org.openmrs.ConceptDescription</classname>
      <dateChanged id="419">2013-02-02 21:12:09</dateChanged>
    </org.openmrs.module.metadatasharing.Item>
    <org.openmrs.module.metadatasharing.Item id="420" uuid="6d231329-fb46-4a75-a4dd-cf3360771770">
      <id>14718</id>
      <classname>org.openmrs.ConceptMap</classname>
      <dateChanged id="421">2013-02-02 21:12:09</dateChanged>
    </org.openmrs.module.metadatasharing.Item>
    <org.openmrs.module.metadatasharing.Item id="422" uuid="4f0f368e-aca5-42c5-857a-6be0b0cdaddf">
      <id>14822</id>
      <classname>org.openmrs.ConceptReferenceTerm</classname>
      <dateChanged id="423">2013-02-02 21:10:48</dateChanged>
      <retired>false</retired>
    </org.openmrs.module.metadatasharing.Item>
    <org.openmrs.module.metadatasharing.Item id="424" uuid="bfd92504-9aca-457e-ad0b-8fe740fe34ff">
      <id>14719</id>
      <classname>org.openmrs.ConceptMap</classname>
      <dateChanged id="425">2013-02-02 21:12:09</dateChanged>
    </org.openmrs.module.metadatasharing.Item>
    <org.openmrs.module.metadatasharing.Item id="426" uuid="18c5c20e-d676-4c1d-a6b2-2dfcdb199581">
      <id>14821</id>
      <classname>org.openmrs.ConceptReferenceTerm</classname>
      <dateChanged id="427">2013-02-02 21:10:30</dateChanged>
      <retired>false</retired>
    </org.openmrs.module.metadatasharing.Item>
    <org.openmrs.module.metadatasharing.Item id="428" uuid="2ba6124b-5774-445f-92b8-ca4d52c02d5b">
      <id>6933</id>
      <classname>org.openmrs.ConceptSet</classname>
      <dateChanged id="429">2017-01-13 20:18:31</dateChanged>
    </org.openmrs.module.metadatasharing.Item>
    <org.openmrs.module.metadatasharing.Item id="430" uuid="9e4b6acc-ab97-4ecd-a48c-b3d67e5ef778">
      <id>7813</id>
      <classname>org.openmrs.Concept</classname>
      <dateChanged id="431">2014-01-06 19:02:38</dateChanged>
      <retired>false</retired>
    </org.openmrs.module.metadatasharing.Item>
    <org.openmrs.module.metadatasharing.Item id="432" uuid="7538004d-2684-4830-a343-b1a9e3ebc591">
      <id>17760</id>
      <classname>org.openmrs.ConceptName</classname>
      <dateChanged id="433">2013-01-17 20:55:20</dateChanged>
    </org.openmrs.module.metadatasharing.Item>
    <org.openmrs.module.metadatasharing.Item id="434" uuid="36958880-7b3e-49d2-850d-d0e13924cc6d">
      <id>17759</id>
      <classname>org.openmrs.ConceptName</classname>
      <dateChanged id="435">2013-01-17 20:55:19</dateChanged>
    </org.openmrs.module.metadatasharing.Item>
    <org.openmrs.module.metadatasharing.Item id="436" uuid="83e0196f-c17d-439d-a328-2dbaccf8ba50">
      <id>25759</id>
      <classname>org.openmrs.ConceptName</classname>
      <dateChanged id="437">2014-01-06 19:02:38</dateChanged>
    </org.openmrs.module.metadatasharing.Item>
    <org.openmrs.module.metadatasharing.Item id="438" uuid="99d15802-3a8c-4cd4-be80-29df4277ed0b">
      <id>8772</id>
      <classname>org.openmrs.ConceptAnswer</classname>
      <dateChanged id="439">2013-01-17 20:55:20</dateChanged>
    </org.openmrs.module.metadatasharing.Item>
    <org.openmrs.module.metadatasharing.Item id="440" uuid="3cd6f600-26fe-102b-80cb-0017a47871b2">
      <id>1065</id>
      <classname>org.openmrs.Concept</classname>
      <dateChanged id="441">2021-12-23 19:23:36</dateChanged>
      <retired>false</retired>
    </org.openmrs.module.metadatasharing.Item>
    <org.openmrs.module.metadatasharing.Item id="442" uuid="127332BBBBBBBBBBBBBBBBBBBBBBBBBBBBBB">
      <id>29699</id>
      <classname>org.openmrs.ConceptName</classname>
      <dateChanged id="443">2015-04-24 21:17:40</dateChanged>
    </org.openmrs.module.metadatasharing.Item>
    <org.openmrs.module.metadatasharing.Item id="444" uuid="126316BBBBBBBBBBBBBBBBBBBBBBBBBBBBBB">
      <id>29696</id>
      <classname>org.openmrs.ConceptName</classname>
      <dateChanged id="445">2014-10-07 22:39:17</dateChanged>
    </org.openmrs.module.metadatasharing.Item>
    <org.openmrs.module.metadatasharing.Item id="446" uuid="106307BBBBBBBBBBBBBBBBBBBBBBBBBBBBBB">
      <id>29693</id>
      <classname>org.openmrs.ConceptName</classname>
      <dateChanged id="447">2010-06-21 23:11:26</dateChanged>
    </org.openmrs.module.metadatasharing.Item>
    <org.openmrs.module.metadatasharing.Item id="448" uuid="126313BBBBBBBBBBBBBBBBBBBBBBBBBBBBBB">
      <id>29692</id>
      <classname>org.openmrs.ConceptName</classname>
      <dateChanged id="449">2014-10-07 22:36:00</dateChanged>
    </org.openmrs.module.metadatasharing.Item>
    <org.openmrs.module.metadatasharing.Item id="450" uuid="3e15161e-26fe-102b-80cb-0017a47871b2">
      <id>1102</id>
      <classname>org.openmrs.ConceptName</classname>
      <dateChanged id="451">2015-04-22 14:28:44</dateChanged>
    </org.openmrs.module.metadatasharing.Item>
    <org.openmrs.module.metadatasharing.Item id="452" uuid="137332BBBBBBBBBBBBBBBBBBBBBBBBBBBBBB">
      <id>32263</id>
      <classname>org.openmrs.ConceptName</classname>
      <dateChanged id="453">2016-07-10 05:47:58</dateChanged>
    </org.openmrs.module.metadatasharing.Item>
    <org.openmrs.module.metadatasharing.Item id="454" uuid="126317BBBBBBBBBBBBBBBBBBBBBBBBBBBBBB">
      <id>29698</id>
      <classname>org.openmrs.ConceptName</classname>
      <dateChanged id="455">2014-10-07 22:39:17</dateChanged>
    </org.openmrs.module.metadatasharing.Item>
    <org.openmrs.module.metadatasharing.Item id="456" uuid="108333BBBBBBBBBBBBBBBBBBBBBBBBBBBBBB">
      <id>29700</id>
      <classname>org.openmrs.ConceptName</classname>
      <dateChanged id="457">2012-03-04 23:58:29</dateChanged>
    </org.openmrs.module.metadatasharing.Item>
    <org.openmrs.module.metadatasharing.Item id="458" uuid="126314BBBBBBBBBBBBBBBBBBBBBBBBBBBBBB">
      <id>29695</id>
      <classname>org.openmrs.ConceptName</classname>
      <dateChanged id="459">2014-10-07 22:39:17</dateChanged>
    </org.openmrs.module.metadatasharing.Item>
    <org.openmrs.module.metadatasharing.Item id="460" uuid="111198BBBBBBBBBBBBBBBBBBBBBBBBBBBBBB">
      <id>29697</id>
      <classname>org.openmrs.ConceptName</classname>
      <dateChanged id="461">2013-01-27 06:41:22</dateChanged>
    </org.openmrs.module.metadatasharing.Item>
    <org.openmrs.module.metadatasharing.Item id="462" uuid="0b931af0-15f5-102d-96e4-000c29c2a5d7">
      <id>9147</id>
      <classname>org.openmrs.ConceptName</classname>
      <dateChanged id="463">2015-04-22 14:28:44</dateChanged>
    </org.openmrs.module.metadatasharing.Item>
    <org.openmrs.module.metadatasharing.Item id="464" uuid="126315BBBBBBBBBBBBBBBBBBBBBBBBBBBBBB">
      <id>29691</id>
      <classname>org.openmrs.ConceptName</classname>
      <dateChanged id="465">2014-10-07 22:39:17</dateChanged>
    </org.openmrs.module.metadatasharing.Item>
    <org.openmrs.module.metadatasharing.Item id="466" uuid="126318BBBBBBBBBBBBBBBBBBBBBBBBBBBBBB">
      <id>29689</id>
      <classname>org.openmrs.ConceptName</classname>
      <dateChanged id="467">2014-10-07 22:39:17</dateChanged>
    </org.openmrs.module.metadatasharing.Item>
    <org.openmrs.module.metadatasharing.Item id="468" uuid="139802BBBBBBBBBBBBBBBBBBBBBBBBBBBBBB">
      <id>32264</id>
      <classname>org.openmrs.ConceptName</classname>
      <dateChanged id="469">2016-08-16 11:47:47</dateChanged>
    </org.openmrs.module.metadatasharing.Item>
    <org.openmrs.module.metadatasharing.Item id="470" uuid="541f1720-0abe-49dd-b4f6-7de87ce05917">
      <id>17941</id>
      <classname>org.openmrs.ConceptName</classname>
      <dateChanged id="471">2015-04-22 14:28:44</dateChanged>
    </org.openmrs.module.metadatasharing.Item>
    <org.openmrs.module.metadatasharing.Item id="472" uuid="126319BBBBBBBBBBBBBBBBBBBBBBBBBBBBBB">
      <id>29694</id>
      <classname>org.openmrs.ConceptName</classname>
      <dateChanged id="473">2014-10-07 22:39:17</dateChanged>
    </org.openmrs.module.metadatasharing.Item>
    <org.openmrs.module.metadatasharing.Item id="474" uuid="106919BBBBBBBBBBBBBBBBBBBBBBBBBBBBBB">
      <id>29690</id>
      <classname>org.openmrs.ConceptName</classname>
      <dateChanged id="475">2010-10-24 20:04:37</dateChanged>
    </org.openmrs.module.metadatasharing.Item>
    <org.openmrs.module.metadatasharing.Item id="476" uuid="ece437ba-07fe-102c-b5fa-0017a47871b2">
      <id>1076</id>
      <classname>org.openmrs.ConceptDescription</classname>
      <dateChanged id="477">2015-04-22 14:28:44</dateChanged>
    </org.openmrs.module.metadatasharing.Item>
    <org.openmrs.module.metadatasharing.Item id="478" uuid="1068FFFFFFFFFFFFFFFFFFFFFFFFFFFFFFFF">
      <id>6865</id>
      <classname>org.openmrs.ConceptDescription</classname>
      <dateChanged id="479">2015-04-24 21:17:40</dateChanged>
    </org.openmrs.module.metadatasharing.Item>
    <org.openmrs.module.metadatasharing.Item id="480" uuid="18158FFFFFFFFFFFFFFFFFFFFFFFFFFFFFFF">
      <id>7125</id>
      <classname>org.openmrs.ConceptDescription</classname>
      <dateChanged id="481">2016-08-16 11:47:47</dateChanged>
    </org.openmrs.module.metadatasharing.Item>
    <org.openmrs.module.metadatasharing.Item id="482" uuid="b20d114a-4864-102e-96e9-000c29c2a5d7">
      <id>1067</id>
      <classname>org.openmrs.ConceptMap</classname>
      <dateChanged id="483">2015-04-22 14:28:44</dateChanged>
    </org.openmrs.module.metadatasharing.Item>
    <org.openmrs.module.metadatasharing.Item id="484" uuid="bbb5c16f-f127-32a4-97d5-7d7bed12bfd4">
      <id>1067</id>
      <classname>org.openmrs.ConceptReferenceTerm</classname>
      <dateChanged id="485">2010-11-23 00:00:00</dateChanged>
      <retired>false</retired>
    </org.openmrs.module.metadatasharing.Item>
    <org.openmrs.module.metadatasharing.Item id="486" uuid="133840ABBBBBBBBBBBBBBBBBBBBBBBBBBBBB">
      <id>25513</id>
      <classname>org.openmrs.ConceptMap</classname>
      <dateChanged id="487">2010-10-01 23:11:47</dateChanged>
    </org.openmrs.module.metadatasharing.Item>
    <org.openmrs.module.metadatasharing.Item id="488" uuid="d2d5f591-c1b5-308e-bbbb-2fb6dee0d2b2">
      <id>24855</id>
      <classname>org.openmrs.ConceptReferenceTerm</classname>
      <dateChanged id="489">2010-10-01 04:00:00</dateChanged>
      <retired>false</retired>
    </org.openmrs.module.metadatasharing.Item>
    <org.openmrs.module.metadatasharing.Item id="490" uuid="7568887a-4943-102e-96e9-000c29c2a5d7">
      <id>6958</id>
      <classname>org.openmrs.ConceptMap</classname>
      <dateChanged id="491">2015-04-22 14:28:44</dateChanged>
    </org.openmrs.module.metadatasharing.Item>
    <org.openmrs.module.metadatasharing.Item id="492" uuid="43c590f7-f85f-376f-9083-d189b74ed37c">
      <id>6958</id>
      <classname>org.openmrs.ConceptReferenceTerm</classname>
      <dateChanged id="493">2010-11-24 00:00:00</dateChanged>
      <retired>false</retired>
    </org.openmrs.module.metadatasharing.Item>
    <org.openmrs.module.metadatasharing.Item id="494" uuid="4c5c3b67-8cc9-4d59-9b8e-8c910e44d8a3">
      <id>27084</id>
      <classname>org.openmrs.ConceptMap</classname>
      <dateChanged id="495">2017-03-04 21:45:04</dateChanged>
    </org.openmrs.module.metadatasharing.Item>
    <org.openmrs.module.metadatasharing.Item id="496" uuid="7df22b69-9a03-49e8-aa0a-063e61e1f9a5">
      <id>26241</id>
      <classname>org.openmrs.ConceptReferenceTerm</classname>
      <dateChanged id="497">2017-03-04 21:44:26</dateChanged>
      <retired>false</retired>
    </org.openmrs.module.metadatasharing.Item>
    <org.openmrs.module.metadatasharing.Item id="498" uuid="144378ABBBBBBBBBBBBBBBBBBBBBBBBBBBBB">
      <id>27570</id>
      <classname>org.openmrs.ConceptMap</classname>
      <dateChanged id="499">2012-06-03 21:56:11</dateChanged>
    </org.openmrs.module.metadatasharing.Item>
    <org.openmrs.module.metadatasharing.Item id="500" uuid="0a25554e-8e73-3431-a111-837291cbc771">
      <id>26891</id>
      <classname>org.openmrs.ConceptReferenceTerm</classname>
      <dateChanged id="501">2012-06-03 04:00:00</dateChanged>
      <retired>false</retired>
    </org.openmrs.module.metadatasharing.Item>
    <org.openmrs.module.metadatasharing.Item id="502" uuid="12ADDDDDDDDDDDDDDDDDDDDDDDDDDDDDDDDD">
      <id>24</id>
      <classname>org.openmrs.ConceptSource</classname>
      <dateChanged id="503">2015-07-01 17:25:50</dateChanged>
      <retired>false</retired>
    </org.openmrs.module.metadatasharing.Item>
    <org.openmrs.module.metadatasharing.Item id="504" uuid="134737ABBBBBBBBBBBBBBBBBBBBBBBBBBBBB">
      <id>27569</id>
      <classname>org.openmrs.ConceptMap</classname>
      <dateChanged id="505">2010-10-24 17:09:59</dateChanged>
    </org.openmrs.module.metadatasharing.Item>
    <org.openmrs.module.metadatasharing.Item id="506" uuid="85fd20aa-8f0e-33c6-8d26-87087144d1f0">
      <id>26890</id>
      <classname>org.openmrs.ConceptReferenceTerm</classname>
      <dateChanged id="507">2010-10-24 04:00:00</dateChanged>
      <retired>false</retired>
    </org.openmrs.module.metadatasharing.Item>
    <org.openmrs.module.metadatasharing.Item id="508" uuid="d74c9efa-f892-435e-81ef-5a0c77c51a14">
      <id>8773</id>
      <classname>org.openmrs.ConceptAnswer</classname>
      <dateChanged id="509">2013-01-17 20:55:20</dateChanged>
    </org.openmrs.module.metadatasharing.Item>
    <org.openmrs.module.metadatasharing.Item id="510" uuid="3cd6f86c-26fe-102b-80cb-0017a47871b2">
      <id>1066</id>
      <classname>org.openmrs.Concept</classname>
      <dateChanged id="511">2021-12-23 19:23:36</dateChanged>
      <retired>false</retired>
    </org.openmrs.module.metadatasharing.Item>
    <org.openmrs.module.metadatasharing.Item id="512" uuid="139803BBBBBBBBBBBBBBBBBBBBBBBBBBBBBB">
      <id>32262</id>
      <classname>org.openmrs.ConceptName</classname>
      <dateChanged id="513">2016-08-16 11:48:25</dateChanged>
    </org.openmrs.module.metadatasharing.Item>
    <org.openmrs.module.metadatasharing.Item id="514" uuid="3e151786-26fe-102b-80cb-0017a47871b2">
      <id>8310</id>
      <classname>org.openmrs.ConceptName</classname>
      <dateChanged id="515">2015-04-22 14:28:45</dateChanged>
    </org.openmrs.module.metadatasharing.Item>
    <org.openmrs.module.metadatasharing.Item id="516" uuid="126360BBBBBBBBBBBBBBBBBBBBBBBBBBBBBB">
      <id>29715</id>
      <classname>org.openmrs.ConceptName</classname>
      <dateChanged id="517">2014-10-11 19:48:46</dateChanged>
    </org.openmrs.module.metadatasharing.Item>
    <org.openmrs.module.metadatasharing.Item id="518" uuid="108334BBBBBBBBBBBBBBBBBBBBBBBBBBBBBB">
      <id>29712</id>
      <classname>org.openmrs.ConceptName</classname>
      <dateChanged id="519">2012-03-04 23:58:47</dateChanged>
    </org.openmrs.module.metadatasharing.Item>
    <org.openmrs.module.metadatasharing.Item id="520" uuid="111196BBBBBBBBBBBBBBBBBBBBBBBBBBBBBB">
      <id>29717</id>
      <classname>org.openmrs.ConceptName</classname>
      <dateChanged id="521">2013-01-27 06:40:38</dateChanged>
    </org.openmrs.module.metadatasharing.Item>
    <org.openmrs.module.metadatasharing.Item id="522" uuid="126357BBBBBBBBBBBBBBBBBBBBBBBBBBBBBB">
      <id>29709</id>
      <classname>org.openmrs.ConceptName</classname>
      <dateChanged id="523">2014-10-11 19:48:46</dateChanged>
    </org.openmrs.module.metadatasharing.Item>
    <org.openmrs.module.metadatasharing.Item id="524" uuid="5bcc9a17-0a17-4075-84d4-f09882cfaa18">
      <id>17939</id>
      <classname>org.openmrs.ConceptName</classname>
      <dateChanged id="525">2015-04-22 14:28:45</dateChanged>
    </org.openmrs.module.metadatasharing.Item>
    <org.openmrs.module.metadatasharing.Item id="526" uuid="106917BBBBBBBBBBBBBBBBBBBBBBBBBBBBBB">
      <id>29711</id>
      <classname>org.openmrs.ConceptName</classname>
      <dateChanged id="527">2010-10-24 20:04:03</dateChanged>
    </org.openmrs.module.metadatasharing.Item>
    <org.openmrs.module.metadatasharing.Item id="528" uuid="126358BBBBBBBBBBBBBBBBBBBBBBBBBBBBBB">
      <id>29718</id>
      <classname>org.openmrs.ConceptName</classname>
      <dateChanged id="529">2014-10-11 19:48:46</dateChanged>
    </org.openmrs.module.metadatasharing.Item>
    <org.openmrs.module.metadatasharing.Item id="530" uuid="743d14ca-dd31-4ed7-8bfb-b2e4c98a2609">
      <id>17940</id>
      <classname>org.openmrs.ConceptName</classname>
      <dateChanged id="531">2015-04-22 14:28:45</dateChanged>
    </org.openmrs.module.metadatasharing.Item>
    <org.openmrs.module.metadatasharing.Item id="532" uuid="106308BBBBBBBBBBBBBBBBBBBBBBBBBBBBBB">
      <id>29713</id>
      <classname>org.openmrs.ConceptName</classname>
      <dateChanged id="533">2010-06-21 23:11:53</dateChanged>
    </org.openmrs.module.metadatasharing.Item>
    <org.openmrs.module.metadatasharing.Item id="534" uuid="126362BBBBBBBBBBBBBBBBBBBBBBBBBBBBBB">
      <id>29716</id>
      <classname>org.openmrs.ConceptName</classname>
      <dateChanged id="535">2014-10-11 19:48:46</dateChanged>
    </org.openmrs.module.metadatasharing.Item>
    <org.openmrs.module.metadatasharing.Item id="536" uuid="137334BBBBBBBBBBBBBBBBBBBBBBBBBBBBBB">
      <id>32261</id>
      <classname>org.openmrs.ConceptName</classname>
      <dateChanged id="537">2016-07-10 05:49:06</dateChanged>
    </org.openmrs.module.metadatasharing.Item>
    <org.openmrs.module.metadatasharing.Item id="538" uuid="126359BBBBBBBBBBBBBBBBBBBBBBBBBBBBBB">
      <id>29710</id>
      <classname>org.openmrs.ConceptName</classname>
      <dateChanged id="539">2014-10-11 19:48:46</dateChanged>
    </org.openmrs.module.metadatasharing.Item>
    <org.openmrs.module.metadatasharing.Item id="540" uuid="127333BBBBBBBBBBBBBBBBBBBBBBBBBBBBBB">
      <id>29714</id>
      <classname>org.openmrs.ConceptName</classname>
      <dateChanged id="541">2015-04-24 21:18:07</dateChanged>
    </org.openmrs.module.metadatasharing.Item>
    <org.openmrs.module.metadatasharing.Item id="542" uuid="126361BBBBBBBBBBBBBBBBBBBBBBBBBBBBBB">
      <id>29708</id>
      <classname>org.openmrs.ConceptName</classname>
      <dateChanged id="543">2014-10-11 19:48:46</dateChanged>
    </org.openmrs.module.metadatasharing.Item>
    <org.openmrs.module.metadatasharing.Item id="544" uuid="126356BBBBBBBBBBBBBBBBBBBBBBBBBBBBBB">
      <id>29719</id>
      <classname>org.openmrs.ConceptName</classname>
      <dateChanged id="545">2014-10-11 19:48:46</dateChanged>
    </org.openmrs.module.metadatasharing.Item>
    <org.openmrs.module.metadatasharing.Item id="546" uuid="d07abafd-ea95-4edd-9c84-ee85592fc91f">
      <id>1077</id>
      <classname>org.openmrs.ConceptDescription</classname>
      <dateChanged id="547">2015-04-22 14:28:45</dateChanged>
    </org.openmrs.module.metadatasharing.Item>
    <org.openmrs.module.metadatasharing.Item id="548" uuid="1069FFFFFFFFFFFFFFFFFFFFFFFFFFFFFFFF">
      <id>6867</id>
      <classname>org.openmrs.ConceptDescription</classname>
      <dateChanged id="549">2015-04-24 21:18:07</dateChanged>
    </org.openmrs.module.metadatasharing.Item>
    <org.openmrs.module.metadatasharing.Item id="550" uuid="18159FFFFFFFFFFFFFFFFFFFFFFFFFFFFFFF">
      <id>7126</id>
      <classname>org.openmrs.ConceptDescription</classname>
      <dateChanged id="551">2016-08-16 11:48:25</dateChanged>
    </org.openmrs.module.metadatasharing.Item>
    <org.openmrs.module.metadatasharing.Item id="552" uuid="aefacf53-8e8e-4ed0-9d32-cbd1d14c6639">
      <id>12989</id>
      <classname>org.openmrs.ConceptMap</classname>
      <dateChanged id="553">2015-04-22 14:28:45</dateChanged>
    </org.openmrs.module.metadatasharing.Item>
    <org.openmrs.module.metadatasharing.Item id="554" uuid="bfdf9e0c-a208-31e8-9df4-45eccc2ea9e7">
      <id>12989</id>
      <classname>org.openmrs.ConceptReferenceTerm</classname>
      <dateChanged id="555">2011-07-22 00:00:00</dateChanged>
      <retired>false</retired>
    </org.openmrs.module.metadatasharing.Item>
    <org.openmrs.module.metadatasharing.Item id="556" uuid="144379ABBBBBBBBBBBBBBBBBBBBBBBBBBBBB">
      <id>27572</id>
      <classname>org.openmrs.ConceptMap</classname>
      <dateChanged id="557">2012-06-03 21:57:05</dateChanged>
    </org.openmrs.module.metadatasharing.Item>
    <org.openmrs.module.metadatasharing.Item id="558" uuid="170e452e-c092-32c9-b974-23f0bca960bd">
      <id>26889</id>
      <classname>org.openmrs.ConceptReferenceTerm</classname>
      <dateChanged id="559">2012-06-03 04:00:00</dateChanged>
      <retired>false</retired>
    </org.openmrs.module.metadatasharing.Item>
    <org.openmrs.module.metadatasharing.Item id="560" uuid="134738ABBBBBBBBBBBBBBBBBBBBBBBBBBBBB">
      <id>27571</id>
      <classname>org.openmrs.ConceptMap</classname>
      <dateChanged id="561">2010-10-24 17:09:59</dateChanged>
    </org.openmrs.module.metadatasharing.Item>
    <org.openmrs.module.metadatasharing.Item id="562" uuid="f2531812-ebad-3a19-bf74-9b35025659e5">
      <id>26888</id>
      <classname>org.openmrs.ConceptReferenceTerm</classname>
      <dateChanged id="563">2010-10-24 04:00:00</dateChanged>
      <retired>false</retired>
    </org.openmrs.module.metadatasharing.Item>
    <org.openmrs.module.metadatasharing.Item id="564" uuid="87458183-630e-4235-aeec-696077464d49">
      <id>27085</id>
      <classname>org.openmrs.ConceptMap</classname>
      <dateChanged id="565">2017-03-04 21:45:32</dateChanged>
    </org.openmrs.module.metadatasharing.Item>
    <org.openmrs.module.metadatasharing.Item id="566" uuid="70e47483-b669-4195-a33a-dc968d2af4af">
      <id>26242</id>
      <classname>org.openmrs.ConceptReferenceTerm</classname>
      <dateChanged id="567">2017-03-04 21:44:34</dateChanged>
      <retired>false</retired>
    </org.openmrs.module.metadatasharing.Item>
    <org.openmrs.module.metadatasharing.Item id="568" uuid="b20d12bc-4864-102e-96e9-000c29c2a5d7">
      <id>1068</id>
      <classname>org.openmrs.ConceptMap</classname>
      <dateChanged id="569">2015-04-22 14:28:45</dateChanged>
    </org.openmrs.module.metadatasharing.Item>
    <org.openmrs.module.metadatasharing.Item id="570" uuid="733a28fa-d244-3248-b654-09ffb442e6f2">
      <id>1068</id>
      <classname>org.openmrs.ConceptReferenceTerm</classname>
      <dateChanged id="571">2010-11-23 00:00:00</dateChanged>
      <retired>false</retired>
    </org.openmrs.module.metadatasharing.Item>
    <org.openmrs.module.metadatasharing.Item id="572" uuid="133841ABBBBBBBBBBBBBBBBBBBBBBBBBBBBB">
      <id>25515</id>
      <classname>org.openmrs.ConceptMap</classname>
      <dateChanged id="573">2010-10-01 23:13:10</dateChanged>
    </org.openmrs.module.metadatasharing.Item>
    <org.openmrs.module.metadatasharing.Item id="574" uuid="beaa27cb-dacc-3334-b7c4-9f230f2dd231">
      <id>24857</id>
      <classname>org.openmrs.ConceptReferenceTerm</classname>
      <dateChanged id="575">2010-10-01 04:00:00</dateChanged>
      <retired>false</retired>
    </org.openmrs.module.metadatasharing.Item>
    <org.openmrs.module.metadatasharing.Item id="576" uuid="982d0b04-8fbf-472f-aca1-3f1d434e1c8a">
      <id>5908</id>
      <classname>org.openmrs.ConceptDescription</classname>
      <dateChanged id="577">2013-01-17 20:55:20</dateChanged>
    </org.openmrs.module.metadatasharing.Item>
    <org.openmrs.module.metadatasharing.Item id="578" uuid="10cc16f7-5024-43ad-a11f-f4064763ef49">
      <id>14517</id>
      <classname>org.openmrs.ConceptMap</classname>
      <dateChanged id="579">2013-01-17 20:56:07</dateChanged>
    </org.openmrs.module.metadatasharing.Item>
    <org.openmrs.module.metadatasharing.Item id="580" uuid="4f55c75f-eedd-4187-bd3e-1d67602a2d81">
      <id>14621</id>
      <classname>org.openmrs.ConceptReferenceTerm</classname>
      <dateChanged id="581">2013-01-17 20:55:42</dateChanged>
      <retired>false</retired>
    </org.openmrs.module.metadatasharing.Item>
    <org.openmrs.module.metadatasharing.Item id="582" uuid="03d01171-eae9-435d-bcd8-a41849575a11">
      <id>14516</id>
      <classname>org.openmrs.ConceptMap</classname>
      <dateChanged id="583">2013-01-17 20:55:20</dateChanged>
    </org.openmrs.module.metadatasharing.Item>
    <org.openmrs.module.metadatasharing.Item id="584" uuid="25a3daaf-47e1-48fb-bdd9-cefa6080dbdb">
      <id>14620</id>
      <classname>org.openmrs.ConceptReferenceTerm</classname>
      <dateChanged id="585">2013-01-17 20:54:54</dateChanged>
      <retired>false</retired>
    </org.openmrs.module.metadatasharing.Item>
    <org.openmrs.module.metadatasharing.Item id="586" uuid="a969683d-2740-41e7-9bf1-381dc731a1d2">
      <id>6934</id>
      <classname>org.openmrs.ConceptSet</classname>
      <dateChanged id="587">2017-01-13 22:33:17</dateChanged>
    </org.openmrs.module.metadatasharing.Item>
    <org.openmrs.module.metadatasharing.Item id="588" uuid="160221AAAAAAAAAAAAAAAAAAAAAAAAAAAAAA">
      <id>10142</id>
      <classname>org.openmrs.Concept</classname>
      <dateChanged id="589">2015-04-22 14:28:53</dateChanged>
      <retired>false</retired>
    </org.openmrs.module.metadatasharing.Item>
    <org.openmrs.module.metadatasharing.Item id="590" uuid="108123BBBBBBBBBBBBBBBBBBBBBBBBBBBBBB">
      <id>29019</id>
      <classname>org.openmrs.ConceptName</classname>
      <dateChanged id="591">2015-04-22 14:28:53</dateChanged>
    </org.openmrs.module.metadatasharing.Item>
    <org.openmrs.module.metadatasharing.Item id="592" uuid="217354ABBBBBBBBBBBBBBBBBBBBBBBBBBBBB">
      <id>24917</id>
      <classname>org.openmrs.ConceptMap</classname>
      <dateChanged id="593">2015-04-22 14:28:53</dateChanged>
    </org.openmrs.module.metadatasharing.Item>
    <org.openmrs.module.metadatasharing.Item id="594" uuid="51a16af1-2195-4f80-ab81-c427ac354dff">
      <id>24264</id>
      <classname>org.openmrs.ConceptReferenceTerm</classname>
      <dateChanged id="595">2015-04-22 14:28:53</dateChanged>
      <retired>false</retired>
    </org.openmrs.module.metadatasharing.Item>
    <org.openmrs.module.metadatasharing.Item id="596" uuid="ed6f4bf5-0cf3-11ec-9f8b-aa0059ea79c6">
      <id>39520</id>
      <classname>org.openmrs.ConceptMap</classname>
      <dateChanged id="597">2021-09-03 20:17:03</dateChanged>
    </org.openmrs.module.metadatasharing.Item>
    <org.openmrs.module.metadatasharing.Item id="598" uuid="97a60df3-0cf1-11ec-9f8b-aa0059ea79c6">
      <id>37732</id>
      <classname>org.openmrs.ConceptReferenceTerm</classname>
      <dateChanged id="599">2021-09-03 20:00:31</dateChanged>
      <retired>false</retired>
    </org.openmrs.module.metadatasharing.Item>
    <org.openmrs.module.metadatasharing.Item id="600" uuid="305f3756-7735-4861-9b02-c9d862b2476a">
      <id>6939</id>
      <classname>org.openmrs.ConceptSet</classname>
      <dateChanged id="601">2017-01-20 16:46:46</dateChanged>
    </org.openmrs.module.metadatasharing.Item>
    <org.openmrs.module.metadatasharing.Item id="602" uuid="4cad2286-f66e-44c3-ba17-9665b569c13d">
      <id>10785</id>
      <classname>org.openmrs.ConceptComplex</classname>
      <dateChanged id="603">2017-01-20 16:45:52</dateChanged>
      <retired>false</retired>
    </org.openmrs.module.metadatasharing.Item>
    <org.openmrs.module.metadatasharing.Item id="604" uuid="8d4a6242-c2cc-11de-8d13-0010c6dffd0f">
      <id>13</id>
      <classname>org.openmrs.ConceptDatatype</classname>
      <dateChanged id="605">2008-05-28 12:25:34</dateChanged>
      <retired>false</retired>
    </org.openmrs.module.metadatasharing.Item>
    <org.openmrs.module.metadatasharing.Item id="606" uuid="7129147a-12e3-496e-9c95-e7ec3c331151">
      <id>31545</id>
      <classname>org.openmrs.ConceptName</classname>
      <dateChanged id="607">2017-01-20 16:43:08</dateChanged>
    </org.openmrs.module.metadatasharing.Item>
    <org.openmrs.module.metadatasharing.Item id="608" uuid="32424b1a-bfad-498b-874a-d4b5cf8ba603">
      <id>26938</id>
      <classname>org.openmrs.ConceptMap</classname>
      <dateChanged id="609">2017-01-20 16:45:52</dateChanged>
    </org.openmrs.module.metadatasharing.Item>
    <org.openmrs.module.metadatasharing.Item id="610" uuid="2f1d6557-b687-416b-96ea-aabee5d974c8">
      <id>26115</id>
      <classname>org.openmrs.ConceptReferenceTerm</classname>
      <dateChanged id="611">2017-01-20 16:43:03</dateChanged>
      <retired>false</retired>
    </org.openmrs.module.metadatasharing.Item>
    <org.openmrs.module.metadatasharing.Item id="612" uuid="2e0ec5c7-05e7-4842-bef4-e13ff768fd18">
      <id>26939</id>
      <classname>org.openmrs.ConceptMap</classname>
      <dateChanged id="613">2017-01-20 16:45:52</dateChanged>
    </org.openmrs.module.metadatasharing.Item>
    <org.openmrs.module.metadatasharing.Item id="614" uuid="f128097f-ab1c-4028-ad05-f7bfa4c28aa2">
      <id>26116</id>
      <classname>org.openmrs.ConceptReferenceTerm</classname>
      <dateChanged id="615">2017-01-20 16:43:29</dateChanged>
      <retired>false</retired>
    </org.openmrs.module.metadatasharing.Item>
    <org.openmrs.module.metadatasharing.Item id="616" uuid="a795f100-9a46-40eb-8e54-39fa2fae58ea">
      <id>6994</id>
      <classname>org.openmrs.ConceptSet</classname>
      <dateChanged id="617">2017-02-15 16:56:54</dateChanged>
    </org.openmrs.module.metadatasharing.Item>
    <org.openmrs.module.metadatasharing.Item id="618" uuid="162086AAAAAAAAAAAAAAAAAAAAAAAAAAAAAA">
      <id>10840</id>
      <classname>org.openmrs.Concept</classname>
      <dateChanged id="619">2017-02-15 16:56:06</dateChanged>
      <retired>false</retired>
    </org.openmrs.module.metadatasharing.Item>
    <org.openmrs.module.metadatasharing.Item id="620" uuid="124828BBBBBBBBBBBBBBBBBBBBBBBBBBBBBB">
      <id>31691</id>
      <classname>org.openmrs.ConceptName</classname>
      <dateChanged id="621">2013-08-30 06:43:42</dateChanged>
    </org.openmrs.module.metadatasharing.Item>
    <org.openmrs.module.metadatasharing.Item id="622" uuid="d36bf2db-40fe-4875-a961-6b858079d7aa">
      <id>31692</id>
      <classname>org.openmrs.ConceptName</classname>
      <dateChanged id="623">2017-02-14 21:17:41</dateChanged>
    </org.openmrs.module.metadatasharing.Item>
    <org.openmrs.module.metadatasharing.Item id="624" uuid="124829BBBBBBBBBBBBBBBBBBBBBBBBBBBBBB">
      <id>31693</id>
      <classname>org.openmrs.ConceptName</classname>
      <dateChanged id="625">2017-02-14 21:17:41</dateChanged>
    </org.openmrs.module.metadatasharing.Item>
    <org.openmrs.module.metadatasharing.Item id="626" uuid="ed7d3315-0cf3-11ec-9f8b-aa0059ea79c6">
      <id>39551</id>
      <classname>org.openmrs.ConceptMap</classname>
      <dateChanged id="627">2021-09-03 20:17:03</dateChanged>
    </org.openmrs.module.metadatasharing.Item>
    <org.openmrs.module.metadatasharing.Item id="628" uuid="97a63972-0cf1-11ec-9f8b-aa0059ea79c6">
      <id>37763</id>
      <classname>org.openmrs.ConceptReferenceTerm</classname>
      <dateChanged id="629">2021-09-03 20:00:31</dateChanged>
      <retired>false</retired>
    </org.openmrs.module.metadatasharing.Item>
    <org.openmrs.module.metadatasharing.Item id="630" uuid="237048ABBBBBBBBBBBBBBBBBBBBBBBBBBBBB">
      <id>27071</id>
      <classname>org.openmrs.ConceptMap</classname>
      <dateChanged id="631">2013-08-30 06:43:52</dateChanged>
    </org.openmrs.module.metadatasharing.Item>
    <org.openmrs.module.metadatasharing.Item id="632" uuid="a0ea445b-f99b-3d41-80b5-1400b23cbee6">
      <id>26231</id>
      <classname>org.openmrs.ConceptReferenceTerm</classname>
      <dateChanged id="633">2013-08-30 04:00:00</dateChanged>
      <retired>false</retired>
    </org.openmrs.module.metadatasharing.Item>
    <org.openmrs.module.metadatasharing.Item id="634" uuid="91341f30-8dc0-4544-bbc3-c866522b5539">
      <id>7061</id>
      <classname>org.openmrs.ConceptDescription</classname>
      <dateChanged id="635">2016-12-21 22:42:40</dateChanged>
    </org.openmrs.module.metadatasharing.Item>
    <org.openmrs.module.metadatasharing.Item id="636" uuid="dd877f9a-6bfb-4db8-946e-3186184bdd76">
      <id>36877</id>
      <classname>org.openmrs.ConceptMap</classname>
      <dateChanged id="637">2021-09-02 22:03:28</dateChanged>
    </org.openmrs.module.metadatasharing.Item>
    <org.openmrs.module.metadatasharing.Item id="638" uuid="f8fbdb9a-fc11-4a8f-83d0-b69c7e25d492">
      <id>26097</id>
      <classname>org.openmrs.ConceptReferenceTerm</classname>
      <dateChanged id="639">2016-12-22 15:36:25</dateChanged>
      <retired>false</retired>
    </org.openmrs.module.metadatasharing.Item>
  </relatedItems>
  <incrementalVersion>false</incrementalVersion>
</package>
